Transport,Vehicle Type,Vehicle Monthly Distance Km,Energy efficiency,Waste Bag Weekly Count,Recycling,Monthly Grocery Bill,Frequency of Traveling by Air,CarbonEmission
public,No Vehicle,210,No,4,['Metal'],230,frequently,2238
walk/bicycle,No Vehicle,9,No,3,['Metal'],114,rarely,1892
private,petrol,2472,Sometimes,1,['Metal'],138,never,2595
walk/bicycle,No Vehicle,74,Sometimes,3,"['Paper', 'Plastic', 'Glass', 'Metal']",157,rarely,1074
private,diesel,8457,Yes,1,['Paper'],266,very frequently,4743
public,No Vehicle,658,Sometimes,1,"['Paper', 'Glass', 'Metal']",144,frequently,1647
private,hybrid,5363,Sometimes,4,[],56,rarely,1832
walk/bicycle,No Vehicle,54,No,3,"['Paper', 'Plastic', 'Glass']",59,very frequently,2322
public,No Vehicle,1376,Yes,3,['Glass'],200,frequently,2494
public,No Vehicle,440,Sometimes,1,['Glass'],135,rarely,1178
public,No Vehicle,1561,No,4,"['Paper', 'Plastic']",146,never,1427
walk/bicycle,No Vehicle,69,Sometimes,5,[],111,very frequently,3226
walk/bicycle,No Vehicle,92,Yes,3,['Plastic'],114,rarely,1593
private,lpg,2893,Sometimes,6,"['Plastic', 'Glass', 'Metal']",111,rarely,1732
public,No Vehicle,1989,No,6,"['Paper', 'Plastic', 'Metal']",123,rarely,1743
public,No Vehicle,692,No,6,"['Paper', 'Plastic', 'Glass', 'Metal']",225,very frequently,2101
walk/bicycle,No Vehicle,7,Sometimes,4,[],219,frequently,2609
public,No Vehicle,948,Yes,6,['Paper'],104,rarely,1565
private,petrol,7622,Sometimes,2,[],126,very frequently,5272
walk/bicycle,No Vehicle,51,No,4,"['Paper', 'Glass', 'Metal']",288,never,1220
private,electric,2237,No,6,"['Plastic', 'Glass', 'Metal']",282,rarely,1300
public,No Vehicle,1804,No,1,['Metal'],69,rarely,1024
walk/bicycle,No Vehicle,85,Sometimes,3,"['Paper', 'Plastic', 'Glass', 'Metal']",110,never,706
private,diesel,472,Yes,4,"['Paper', 'Glass']",165,frequently,2582
private,diesel,5737,Yes,1,"['Paper', 'Metal']",62,very frequently,4284
walk/bicycle,No Vehicle,88,Sometimes,6,"['Paper', 'Plastic', 'Metal']",94,rarely,807
public,No Vehicle,558,Sometimes,4,['Metal'],259,frequently,1991
public,No Vehicle,752,Sometimes,3,['Plastic'],67,rarely,1817
walk/bicycle,No Vehicle,71,No,2,['Glass'],130,rarely,1490
public,No Vehicle,1028,Yes,2,"['Glass', 'Metal']",258,frequently,1561
public,No Vehicle,1527,Yes,4,"['Glass', 'Metal']",189,frequently,2202
walk/bicycle,No Vehicle,88,Sometimes,5,[],262,frequently,2024
walk/bicycle,No Vehicle,73,No,4,"['Paper', 'Glass', 'Metal']",157,frequently,1659
private,lpg,8320,Sometimes,5,"['Paper', 'Metal']",280,very frequently,3911
walk/bicycle,No Vehicle,72,Yes,6,"['Glass', 'Metal']",121,never,1204
walk/bicycle,No Vehicle,9,Yes,2,"['Paper', 'Plastic', 'Glass']",174,very frequently,2431
walk/bicycle,No Vehicle,60,Sometimes,2,"['Plastic', 'Glass']",173,frequently,1640
walk/bicycle,No Vehicle,13,No,5,"['Paper', 'Glass', 'Metal']",199,frequently,1648
walk/bicycle,No Vehicle,32,Sometimes,6,"['Glass', 'Metal']",94,rarely,1002
walk/bicycle,No Vehicle,49,Yes,1,"['Plastic', 'Glass']",64,frequently,1771
public,No Vehicle,1351,Yes,1,"['Paper', 'Plastic', 'Glass']",100,very frequently,2028
public,No Vehicle,1726,No,2,"['Glass', 'Metal']",240,very frequently,2540
public,No Vehicle,1021,No,7,"['Paper', 'Glass', 'Metal']",245,never,1386
walk/bicycle,No Vehicle,62,Sometimes,5,['Plastic'],270,rarely,1679
private,electric,9488,Yes,5,['Glass'],294,very frequently,3141
public,No Vehicle,1037,No,4,"['Paper', 'Plastic']",87,very frequently,2627
private,electric,9555,Yes,2,"['Paper', 'Glass', 'Metal']",209,never,1188
private,diesel,9031,Yes,5,"['Plastic', 'Glass']",124,never,3174
public,No Vehicle,1461,Sometimes,7,['Metal'],276,frequently,2327
walk/bicycle,No Vehicle,39,Yes,3,"['Paper', 'Plastic', 'Metal']",90,very frequently,1822
private,diesel,5033,No,6,"['Paper', 'Plastic', 'Metal']",136,never,2665
public,No Vehicle,1065,Yes,4,"['Plastic', 'Metal']",246,frequently,2129
public,No Vehicle,927,Yes,5,"['Paper', 'Glass']",94,rarely,1425
private,hybrid,2277,Sometimes,1,"['Paper', 'Glass', 'Metal']",253,frequently,1690
walk/bicycle,No Vehicle,97,Sometimes,7,['Metal'],200,rarely,1717
private,lpg,7272,No,2,"['Paper', 'Glass']",281,frequently,4060
private,petrol,5260,No,3,"['Plastic', 'Glass']",82,rarely,3262
public,No Vehicle,1750,Yes,1,"['Paper', 'Glass']",73,rarely,1674
private,hybrid,2998,Sometimes,4,['Metal'],246,frequently,3135
private,lpg,9147,Yes,5,"['Plastic', 'Glass']",98,rarely,4465
public,No Vehicle,1947,Sometimes,3,[],256,rarely,1984
private,lpg,4885,Yes,1,"['Plastic', 'Metal']",287,very frequently,3246
walk/bicycle,No Vehicle,20,No,4,"['Paper', 'Plastic', 'Glass', 'Metal']",63,frequently,1351
walk/bicycle,No Vehicle,23,No,1,['Glass'],158,never,1929
walk/bicycle,No Vehicle,34,Yes,5,[],241,frequently,2719
walk/bicycle,No Vehicle,59,Yes,1,['Paper'],176,frequently,2336
public,No Vehicle,682,Sometimes,6,['Glass'],189,never,1270
walk/bicycle,No Vehicle,10,Yes,6,['Glass'],214,never,1803
walk/bicycle,No Vehicle,10,Sometimes,1,"['Paper', 'Glass']",264,very frequently,1816
private,petrol,7964,No,1,"['Paper', 'Plastic']",213,never,4638
private,hybrid,3606,Sometimes,3,"['Plastic', 'Metal']",281,rarely,1909
public,No Vehicle,536,Yes,2,['Plastic'],280,frequently,2021
public,No Vehicle,1564,No,5,['Metal'],125,rarely,1896
walk/bicycle,No Vehicle,78,No,4,['Paper'],188,frequently,1770
walk/bicycle,No Vehicle,98,No,1,"['Paper', 'Plastic', 'Metal']",251,never,1323
public,No Vehicle,1820,Yes,1,['Plastic'],285,very frequently,2269
public,No Vehicle,243,Yes,4,"['Plastic', 'Glass', 'Metal']",234,never,1918
public,No Vehicle,1586,Yes,7,"['Paper', 'Plastic', 'Metal']",91,very frequently,2477
walk/bicycle,No Vehicle,11,No,3,['Paper'],118,frequently,1444
walk/bicycle,No Vehicle,72,Sometimes,5,"['Paper', 'Plastic', 'Glass']",75,never,1254
public,No Vehicle,1157,No,5,['Glass'],134,never,1411
public,No Vehicle,1380,No,4,"['Plastic', 'Glass']",282,never,1605
private,lpg,5765,No,5,['Paper'],110,never,3054
walk/bicycle,No Vehicle,92,Yes,6,[],202,very frequently,2902
private,lpg,7797,Yes,7,"['Plastic', 'Glass']",56,frequently,4301
walk/bicycle,No Vehicle,50,Yes,3,['Plastic'],223,very frequently,2308
private,petrol,7629,No,1,"['Plastic', 'Glass', 'Metal']",202,frequently,4132
private,petrol,2367,No,3,"['Paper', 'Glass', 'Metal']",114,frequently,2993
private,petrol,3960,Yes,1,"['Paper', 'Plastic']",141,frequently,3098
walk/bicycle,No Vehicle,42,Yes,2,"['Plastic', 'Metal']",236,rarely,1364
private,lpg,6455,Yes,1,"['Paper', 'Plastic', 'Glass']",95,rarely,2941
walk/bicycle,No Vehicle,41,Sometimes,4,['Paper'],249,frequently,1349
walk/bicycle,No Vehicle,71,Yes,1,"['Plastic', 'Glass']",213,never,1038
walk/bicycle,No Vehicle,39,No,7,"['Plastic', 'Glass']",81,never,1815
walk/bicycle,No Vehicle,50,No,1,"['Glass', 'Metal']",91,very frequently,2566
private,electric,8707,Sometimes,3,"['Plastic', 'Glass', 'Metal']",291,very frequently,2439
private,lpg,167,Yes,2,"['Plastic', 'Metal']",70,very frequently,2056
public,No Vehicle,631,Sometimes,7,"['Paper', 'Plastic', 'Glass', 'Metal']",89,very frequently,2299
public,No Vehicle,194,Sometimes,6,"['Plastic', 'Metal']",121,rarely,1492
walk/bicycle,No Vehicle,46,No,1,"['Paper', 'Plastic', 'Glass']",198,rarely,1692
walk/bicycle,No Vehicle,37,Yes,3,['Paper'],234,frequently,2581
walk/bicycle,No Vehicle,31,Sometimes,2,"['Glass', 'Metal']",84,rarely,950
private,lpg,2880,Sometimes,5,"['Paper', 'Plastic', 'Glass']",182,never,1923
walk/bicycle,No Vehicle,6,Yes,2,['Paper'],275,never,1751
walk/bicycle,No Vehicle,40,Sometimes,6,['Glass'],228,very frequently,2562
walk/bicycle,No Vehicle,1,No,6,"['Paper', 'Plastic']",140,frequently,2456
public,No Vehicle,1341,Sometimes,1,"['Plastic', 'Glass', 'Metal']",232,never,657
public,No Vehicle,393,No,3,"['Paper', 'Metal']",115,very frequently,1758
public,No Vehicle,191,Sometimes,4,"['Plastic', 'Glass']",157,frequently,2184
public,No Vehicle,131,No,1,"['Paper', 'Glass']",156,very frequently,3009
private,diesel,1419,Yes,5,"['Plastic', 'Glass']",252,very frequently,3748
private,electric,9159,No,7,[],162,rarely,1122
private,hybrid,8016,No,3,"['Plastic', 'Metal']",145,never,2810
walk/bicycle,No Vehicle,87,No,3,['Plastic'],214,never,1346
walk/bicycle,No Vehicle,3,Yes,5,"['Paper', 'Plastic', 'Metal']",126,rarely,671
walk/bicycle,No Vehicle,13,Yes,1,"['Paper', 'Glass']",91,frequently,1695
walk/bicycle,No Vehicle,74,No,3,"['Plastic', 'Metal']",205,never,810
private,hybrid,7743,Yes,3,['Paper'],285,frequently,2768
public,No Vehicle,993,Sometimes,7,"['Paper', 'Plastic', 'Glass']",178,never,1033
public,No Vehicle,1997,No,4,"['Paper', 'Plastic', 'Glass']",236,rarely,2046
private,electric,2721,No,6,"['Glass', 'Metal']",286,rarely,2171
walk/bicycle,No Vehicle,5,Yes,7,"['Paper', 'Plastic']",108,rarely,1312
public,No Vehicle,941,No,1,"['Plastic', 'Metal']",76,rarely,1209
private,diesel,8815,Sometimes,2,['Metal'],270,frequently,4017
private,electric,3276,No,1,"['Paper', 'Plastic', 'Glass', 'Metal']",146,rarely,877
private,hybrid,3309,Yes,5,['Paper'],221,never,1856
private,hybrid,2623,No,2,"['Glass', 'Metal']",230,never,2197
private,diesel,7915,Sometimes,1,"['Paper', 'Plastic']",295,very frequently,4281
private,lpg,8897,Yes,3,['Glass'],177,frequently,3480
walk/bicycle,No Vehicle,19,Sometimes,1,"['Paper', 'Glass', 'Metal']",189,never,953
private,electric,3662,Yes,2,"['Plastic', 'Metal']",174,frequently,2046
private,petrol,611,Sometimes,6,"['Plastic', 'Glass', 'Metal']",193,never,2521
public,No Vehicle,1431,Yes,6,['Paper'],238,very frequently,3551
public,No Vehicle,1978,Yes,3,"['Paper', 'Plastic']",101,never,1459
walk/bicycle,No Vehicle,92,No,2,['Glass'],99,very frequently,2492
walk/bicycle,No Vehicle,82,No,1,"['Glass', 'Metal']",50,frequently,2411
public,No Vehicle,1851,Yes,7,"['Paper', 'Plastic', 'Glass']",71,very frequently,2761
public,No Vehicle,1224,Sometimes,3,"['Plastic', 'Metal']",232,rarely,1500
private,electric,8219,Sometimes,5,['Glass'],247,never,1708
public,No Vehicle,1390,No,4,['Metal'],222,never,1717
public,No Vehicle,434,No,1,"['Paper', 'Plastic']",61,frequently,2135
private,hybrid,7460,Sometimes,6,"['Paper', 'Plastic']",137,never,2042
walk/bicycle,No Vehicle,15,Sometimes,1,"['Paper', 'Metal']",157,rarely,1221
private,diesel,4686,No,2,"['Paper', 'Plastic', 'Glass']",174,very frequently,3473
walk/bicycle,No Vehicle,88,Sometimes,5,"['Plastic', 'Glass', 'Metal']",214,never,1378
walk/bicycle,No Vehicle,40,Yes,2,"['Paper', 'Plastic', 'Metal']",214,very frequently,2135
walk/bicycle,No Vehicle,56,No,6,"['Paper', 'Glass']",66,never,1464
walk/bicycle,No Vehicle,14,Yes,6,"['Plastic', 'Metal']",123,very frequently,2816
public,No Vehicle,108,No,1,"['Paper', 'Plastic']",105,very frequently,2210
private,electric,5168,No,3,"['Paper', 'Plastic']",125,never,1552
private,petrol,672,No,3,"['Paper', 'Plastic', 'Metal']",280,frequently,2406
walk/bicycle,No Vehicle,94,Sometimes,3,['Metal'],238,very frequently,3004
private,petrol,3114,Sometimes,3,['Paper'],270,rarely,2540
private,lpg,7134,Yes,2,"['Paper', 'Plastic', 'Metal']",80,rarely,2424
private,diesel,8609,Yes,6,"['Paper', 'Plastic']",276,rarely,4000
public,No Vehicle,852,No,1,"['Paper', 'Metal']",210,never,1288
public,No Vehicle,1673,Yes,6,"['Paper', 'Glass', 'Metal']",270,rarely,2317
public,No Vehicle,1564,Yes,7,"['Plastic', 'Glass', 'Metal']",152,very frequently,2730
walk/bicycle,No Vehicle,74,Yes,7,['Glass'],247,rarely,1371
private,petrol,2885,Sometimes,4,"['Plastic', 'Glass']",145,rarely,2349
private,petrol,8130,Sometimes,7,"['Plastic', 'Metal']",260,rarely,4536
public,No Vehicle,228,No,3,"['Plastic', 'Glass', 'Metal']",283,very frequently,2987
public,No Vehicle,1162,Sometimes,4,"['Paper', 'Metal']",277,never,1039
public,No Vehicle,71,No,2,"['Paper', 'Plastic', 'Glass']",203,never,1036
private,diesel,6337,Sometimes,4,[],213,frequently,3620
public,No Vehicle,1649,Sometimes,4,"['Paper', 'Plastic', 'Metal']",135,rarely,1009
private,diesel,6159,Yes,2,"['Plastic', 'Glass', 'Metal']",96,very frequently,2895
private,diesel,9884,Yes,1,['Plastic'],162,never,4294
private,hybrid,4060,No,7,"['Glass', 'Metal']",233,frequently,3429
walk/bicycle,No Vehicle,68,Yes,7,"['Paper', 'Glass']",262,rarely,1334
walk/bicycle,No Vehicle,5,No,7,['Glass'],176,very frequently,3697
public,No Vehicle,702,Sometimes,4,['Metal'],176,rarely,1494
walk/bicycle,No Vehicle,2,No,4,"['Plastic', 'Metal']",147,very frequently,2779
walk/bicycle,No Vehicle,42,No,1,"['Plastic', 'Glass', 'Metal']",83,rarely,993
public,No Vehicle,274,Sometimes,5,['Plastic'],205,never,1944
public,No Vehicle,590,No,3,"['Plastic', 'Metal']",125,frequently,1474
private,diesel,84,Yes,1,[],145,frequently,1880
private,diesel,6908,Yes,3,[],236,frequently,3535
walk/bicycle,No Vehicle,52,Sometimes,7,"['Paper', 'Plastic', 'Glass']",101,rarely,1644
private,lpg,121,Sometimes,2,"['Paper', 'Glass', 'Metal']",77,frequently,1268
walk/bicycle,No Vehicle,30,Sometimes,7,"['Paper', 'Metal']",241,rarely,1529
public,No Vehicle,1336,Yes,4,['Glass'],124,rarely,2076
walk/bicycle,No Vehicle,89,Sometimes,4,['Glass'],82,never,1850
public,No Vehicle,1412,Sometimes,6,"['Paper', 'Plastic', 'Metal']",262,never,1000
walk/bicycle,No Vehicle,4,Sometimes,3,[],254,never,1485
public,No Vehicle,1924,No,1,"['Paper', 'Plastic', 'Glass', 'Metal']",76,rarely,1139
walk/bicycle,No Vehicle,64,No,2,"['Paper', 'Plastic', 'Glass', 'Metal']",207,never,682
private,electric,8659,Yes,1,"['Paper', 'Metal']",234,never,926
walk/bicycle,No Vehicle,82,Yes,1,"['Paper', 'Glass']",93,rarely,1037
walk/bicycle,No Vehicle,31,No,4,"['Paper', 'Glass']",76,very frequently,1467
private,electric,5230,Sometimes,3,"['Plastic', 'Glass', 'Metal']",67,rarely,914
public,No Vehicle,450,No,4,"['Paper', 'Plastic']",101,frequently,1741
public,No Vehicle,441,Yes,2,"['Plastic', 'Metal']",73,very frequently,2742
private,lpg,6160,No,2,"['Paper', 'Plastic', 'Metal']",280,rarely,2988
walk/bicycle,No Vehicle,35,Sometimes,4,"['Plastic', 'Glass']",85,frequently,2160
walk/bicycle,No Vehicle,57,Yes,6,['Glass'],256,frequently,3098
walk/bicycle,No Vehicle,7,Sometimes,3,"['Paper', 'Plastic', 'Glass']",193,very frequently,2764
private,hybrid,5469,No,4,"['Paper', 'Plastic']",145,frequently,2335
walk/bicycle,No Vehicle,6,Sometimes,3,"['Paper', 'Plastic', 'Glass', 'Metal']",282,frequently,1462
public,No Vehicle,21,Sometimes,3,"['Paper', 'Glass', 'Metal']",133,frequently,2356
public,No Vehicle,1127,No,1,"['Paper', 'Plastic', 'Glass']",232,rarely,1731
walk/bicycle,No Vehicle,7,No,2,"['Paper', 'Glass']",129,never,1162
private,electric,6028,No,3,['Metal'],140,frequently,1884
private,lpg,1669,Sometimes,3,"['Paper', 'Glass']",155,rarely,1505
public,No Vehicle,1972,Yes,6,"['Plastic', 'Metal']",171,never,1252
public,No Vehicle,684,No,6,"['Plastic', 'Glass']",274,never,1360
walk/bicycle,No Vehicle,13,Sometimes,4,"['Plastic', 'Glass']",264,very frequently,3824
private,lpg,8061,Sometimes,7,"['Paper', 'Plastic', 'Glass', 'Metal']",98,very frequently,4580
private,lpg,2544,Sometimes,7,"['Paper', 'Plastic', 'Glass', 'Metal']",252,never,2833
walk/bicycle,No Vehicle,46,Yes,1,"['Paper', 'Glass', 'Metal']",256,rarely,1131
public,No Vehicle,62,No,1,[],209,very frequently,2382
private,electric,4447,Sometimes,4,['Plastic'],269,frequently,2649
private,diesel,4303,Yes,7,"['Paper', 'Plastic']",113,rarely,2706
private,lpg,3176,Sometimes,5,"['Paper', 'Plastic', 'Glass', 'Metal']",270,very frequently,3045
private,diesel,7255,Sometimes,2,['Paper'],72,rarely,3134
walk/bicycle,No Vehicle,62,No,7,['Paper'],101,very frequently,3619
private,petrol,6254,Yes,6,"['Plastic', 'Glass', 'Metal']",196,very frequently,5013
walk/bicycle,No Vehicle,93,Yes,3,"['Paper', 'Glass']",277,very frequently,2443
walk/bicycle,No Vehicle,86,Sometimes,3,"['Paper', 'Plastic', 'Glass', 'Metal']",91,never,488
public,No Vehicle,357,Sometimes,7,"['Paper', 'Glass']",97,rarely,2409
private,petrol,8725,Sometimes,7,"['Plastic', 'Metal']",244,very frequently,7159
public,No Vehicle,1753,Yes,5,['Paper'],108,very frequently,2670
walk/bicycle,No Vehicle,45,No,1,"['Paper', 'Plastic', 'Glass', 'Metal']",106,very frequently,2321
public,No Vehicle,292,Sometimes,5,['Paper'],103,rarely,1574
public,No Vehicle,1739,Yes,6,"['Paper', 'Plastic', 'Metal']",220,very frequently,2471
walk/bicycle,No Vehicle,2,No,6,['Paper'],287,frequently,2541
walk/bicycle,No Vehicle,38,Yes,3,"['Paper', 'Plastic', 'Glass']",123,very frequently,2298
public,No Vehicle,970,No,1,"['Plastic', 'Metal']",259,rarely,1445
private,lpg,8616,Sometimes,7,"['Paper', 'Plastic', 'Glass', 'Metal']",172,never,4240
public,No Vehicle,635,Yes,3,"['Paper', 'Metal']",227,very frequently,2650
private,electric,2914,No,1,"['Paper', 'Glass', 'Metal']",161,never,1033
walk/bicycle,No Vehicle,92,No,3,"['Plastic', 'Glass', 'Metal']",146,rarely,990
walk/bicycle,No Vehicle,67,Yes,6,"['Paper', 'Metal']",151,never,937
private,diesel,6972,No,5,"['Plastic', 'Metal']",244,frequently,3483
private,petrol,9812,No,3,"['Paper', 'Plastic', 'Metal']",193,very frequently,6515
public,No Vehicle,1057,No,7,"['Paper', 'Plastic', 'Metal']",255,very frequently,2929
private,lpg,3295,No,1,"['Plastic', 'Glass']",125,rarely,2377
walk/bicycle,No Vehicle,97,No,1,"['Paper', 'Plastic', 'Metal']",52,frequently,1252
private,electric,9705,No,6,[],252,rarely,1874
private,diesel,3105,Sometimes,6,"['Paper', 'Glass', 'Metal']",69,rarely,1579
walk/bicycle,No Vehicle,6,Sometimes,1,"['Paper', 'Glass']",139,never,974
walk/bicycle,No Vehicle,34,Yes,2,"['Paper', 'Metal']",242,very frequently,2607
public,No Vehicle,1328,No,2,"['Paper', 'Metal']",224,frequently,2054
public,No Vehicle,779,Sometimes,7,['Metal'],242,never,1662
public,No Vehicle,913,Yes,4,['Paper'],193,rarely,1463
private,electric,5464,No,1,"['Paper', 'Plastic', 'Glass', 'Metal']",79,rarely,1143
private,diesel,3912,Sometimes,6,[],222,never,2790
walk/bicycle,No Vehicle,89,Sometimes,7,"['Paper', 'Metal']",271,rarely,2629
private,hybrid,4359,No,5,"['Paper', 'Glass']",193,frequently,2338
private,diesel,7873,No,7,"['Paper', 'Plastic']",156,rarely,3984
public,No Vehicle,374,Sometimes,2,"['Paper', 'Glass', 'Metal']",168,rarely,1253
public,No Vehicle,1218,No,1,['Glass'],175,rarely,1480
walk/bicycle,No Vehicle,1,No,1,"['Paper', 'Plastic']",212,rarely,1556
public,No Vehicle,638,Yes,7,[],101,never,1847
private,hybrid,8641,Sometimes,4,"['Plastic', 'Glass']",296,rarely,2778
walk/bicycle,No Vehicle,46,No,5,['Plastic'],66,never,1828
private,hybrid,2871,Yes,1,['Paper'],210,rarely,1684
public,No Vehicle,978,Yes,1,"['Paper', 'Plastic', 'Glass']",189,very frequently,3503
public,No Vehicle,1585,No,1,"['Glass', 'Metal']",225,very frequently,2540
walk/bicycle,No Vehicle,92,Sometimes,2,"['Plastic', 'Glass', 'Metal']",139,never,838
private,lpg,4197,No,4,"['Plastic', 'Glass', 'Metal']",217,very frequently,3559
public,No Vehicle,199,No,4,"['Plastic', 'Glass', 'Metal']",275,frequently,1237
public,No Vehicle,732,Sometimes,4,"['Paper', 'Metal']",81,frequently,1406
public,No Vehicle,584,Sometimes,6,['Plastic'],270,frequently,1812
public,No Vehicle,476,Sometimes,4,"['Paper', 'Plastic', 'Glass']",219,very frequently,2784
public,No Vehicle,1507,Sometimes,4,"['Glass', 'Metal']",207,very frequently,2554
private,electric,6915,Sometimes,5,"['Paper', 'Glass']",131,rarely,1203
public,No Vehicle,133,No,4,"['Paper', 'Plastic', 'Glass']",56,rarely,1167
walk/bicycle,No Vehicle,9,Yes,1,"['Paper', 'Metal']",184,rarely,1279
walk/bicycle,No Vehicle,34,No,6,"['Plastic', 'Glass', 'Metal']",250,never,842
private,electric,9359,Yes,2,"['Paper', 'Plastic', 'Metal']",85,very frequently,2654
walk/bicycle,No Vehicle,62,Sometimes,1,"['Paper', 'Plastic', 'Glass']",126,never,830
public,No Vehicle,1681,No,3,"['Glass', 'Metal']",297,rarely,1624
walk/bicycle,No Vehicle,93,Yes,3,"['Paper', 'Plastic', 'Metal']",210,never,1439
walk/bicycle,No Vehicle,56,No,1,"['Glass', 'Metal']",245,very frequently,2904
private,lpg,3509,Sometimes,7,['Metal'],293,very frequently,4103
walk/bicycle,No Vehicle,37,No,2,"['Paper', 'Plastic', 'Glass', 'Metal']",173,rarely,1060
private,lpg,6731,Yes,2,['Paper'],123,very frequently,4203
public,No Vehicle,1388,Sometimes,1,"['Paper', 'Plastic', 'Glass']",75,rarely,856
private,electric,159,No,7,"['Plastic', 'Metal']",256,frequently,2433
private,petrol,7976,No,5,"['Paper', 'Plastic', 'Metal']",73,never,4483
public,No Vehicle,1032,Yes,7,"['Paper', 'Plastic']",273,never,1661
public,No Vehicle,1351,No,6,"['Paper', 'Plastic', 'Metal']",129,rarely,1484
public,No Vehicle,436,Yes,2,[],65,very frequently,2955
private,lpg,4595,Yes,4,['Metal'],231,rarely,2590
public,No Vehicle,770,Sometimes,4,"['Paper', 'Plastic', 'Metal']",271,never,1166
public,No Vehicle,1632,No,2,['Metal'],137,rarely,1742
public,No Vehicle,69,Sometimes,5,"['Glass', 'Metal']",54,rarely,1628
public,No Vehicle,1876,No,4,"['Glass', 'Metal']",219,never,2090
public,No Vehicle,158,Sometimes,3,"['Paper', 'Plastic', 'Metal']",68,never,1327
public,No Vehicle,838,Yes,6,"['Glass', 'Metal']",289,frequently,2673
private,diesel,2723,No,7,"['Plastic', 'Glass']",76,rarely,2664
public,No Vehicle,593,Sometimes,2,['Paper'],67,frequently,1239
private,petrol,4910,Sometimes,5,"['Plastic', 'Glass', 'Metal']",296,never,2991
walk/bicycle,No Vehicle,61,Sometimes,7,"['Plastic', 'Glass']",244,rarely,1688
walk/bicycle,No Vehicle,54,Yes,2,"['Paper', 'Metal']",105,rarely,1563
private,diesel,4425,Sometimes,2,['Plastic'],275,rarely,3127
walk/bicycle,No Vehicle,85,Yes,6,['Plastic'],83,very frequently,4095
private,hybrid,7434,Yes,6,"['Paper', 'Plastic', 'Glass', 'Metal']",162,rarely,2486
private,petrol,7258,No,1,"['Paper', 'Metal']",209,frequently,5082
walk/bicycle,No Vehicle,7,Yes,5,['Paper'],76,never,2160
walk/bicycle,No Vehicle,74,No,3,"['Paper', 'Plastic']",72,frequently,2091
walk/bicycle,No Vehicle,37,No,5,"['Paper', 'Glass']",282,never,1696
private,electric,1170,Yes,1,"['Glass', 'Metal']",298,never,1009
private,hybrid,6890,Yes,2,"['Paper', 'Glass', 'Metal']",170,never,2134
public,No Vehicle,506,Yes,4,['Metal'],234,rarely,2047
walk/bicycle,No Vehicle,99,Sometimes,6,['Plastic'],282,never,2190
private,electric,1695,Yes,6,"['Paper', 'Metal']",215,never,1177
private,electric,5671,Yes,4,"['Plastic', 'Glass']",175,frequently,1814
private,electric,8553,Yes,6,"['Plastic', 'Glass', 'Metal']",190,never,1284
public,No Vehicle,1418,Yes,7,"['Paper', 'Metal']",73,rarely,1839
public,No Vehicle,382,Sometimes,3,"['Paper', 'Plastic', 'Glass']",214,rarely,1026
private,lpg,5005,Yes,6,"['Paper', 'Plastic', 'Glass']",127,never,2600
walk/bicycle,No Vehicle,77,No,4,"['Paper', 'Glass', 'Metal']",62,very frequently,2189
public,No Vehicle,194,Sometimes,2,[],199,rarely,1500
public,No Vehicle,1446,Sometimes,6,"['Paper', 'Plastic', 'Metal']",256,frequently,1685
walk/bicycle,No Vehicle,58,Sometimes,6,"['Paper', 'Glass']",223,frequently,1914
private,hybrid,7570,No,2,"['Paper', 'Glass']",185,rarely,2845
private,hybrid,8298,Sometimes,2,"['Glass', 'Metal']",125,rarely,2152
private,electric,3216,Sometimes,1,"['Paper', 'Plastic', 'Glass']",294,very frequently,2577
private,lpg,9945,Yes,3,"['Paper', 'Plastic', 'Glass']",187,rarely,4220
public,No Vehicle,499,Yes,6,"['Plastic', 'Glass', 'Metal']",155,never,1199
public,No Vehicle,1426,Sometimes,3,"['Paper', 'Plastic', 'Glass', 'Metal']",277,frequently,1552
private,electric,95,Yes,5,"['Paper', 'Plastic']",296,very frequently,3294
private,diesel,1467,Sometimes,6,"['Glass', 'Metal']",213,very frequently,3243
public,No Vehicle,1172,No,2,"['Paper', 'Plastic', 'Metal']",269,never,1675
public,No Vehicle,1212,No,7,[],86,rarely,1304
walk/bicycle,No Vehicle,99,No,6,"['Paper', 'Plastic']",228,very frequently,2878
private,hybrid,2787,Yes,2,"['Paper', 'Metal']",243,never,1126
walk/bicycle,No Vehicle,7,Sometimes,3,"['Paper', 'Plastic', 'Metal']",276,rarely,1489
private,electric,3347,Yes,4,"['Paper', 'Plastic', 'Glass', 'Metal']",292,frequently,1954
public,No Vehicle,1475,Sometimes,7,"['Plastic', 'Glass']",282,frequently,1957
public,No Vehicle,1873,No,7,"['Glass', 'Metal']",74,very frequently,3778
public,No Vehicle,1661,Yes,2,"['Glass', 'Metal']",208,very frequently,2069
public,No Vehicle,774,No,2,"['Paper', 'Plastic', 'Metal']",260,frequently,2421
public,No Vehicle,1043,No,2,['Metal'],294,very frequently,2801
private,petrol,9006,Sometimes,4,"['Paper', 'Metal']",52,frequently,5547
walk/bicycle,No Vehicle,15,No,2,['Paper'],229,frequently,2343
public,No Vehicle,1199,No,5,"['Paper', 'Metal']",291,never,2232
walk/bicycle,No Vehicle,20,No,2,"['Paper', 'Plastic']",184,frequently,2309
private,diesel,4058,No,3,"['Paper', 'Glass', 'Metal']",131,rarely,2233
walk/bicycle,No Vehicle,95,Yes,4,"['Paper', 'Plastic']",288,frequently,1419
walk/bicycle,No Vehicle,71,Yes,5,"['Paper', 'Plastic']",192,frequently,2087
public,No Vehicle,1603,No,5,"['Glass', 'Metal']",175,very frequently,2829
public,No Vehicle,1595,Sometimes,2,['Metal'],64,very frequently,3057
walk/bicycle,No Vehicle,92,Sometimes,4,['Plastic'],62,frequently,2337
walk/bicycle,No Vehicle,80,No,3,"['Glass', 'Metal']",56,frequently,1651
walk/bicycle,No Vehicle,21,Sometimes,3,['Paper'],209,frequently,2214
walk/bicycle,No Vehicle,31,No,3,"['Plastic', 'Glass']",136,frequently,1402
walk/bicycle,No Vehicle,3,Sometimes,2,"['Paper', 'Plastic', 'Glass']",284,very frequently,2317
private,electric,2698,Yes,1,['Paper'],276,never,2027
private,electric,1580,Sometimes,5,['Glass'],209,never,1543
private,lpg,5541,Sometimes,3,['Plastic'],86,rarely,2522
private,petrol,7014,Sometimes,2,['Plastic'],238,rarely,3996
public,No Vehicle,1122,Yes,5,"['Paper', 'Plastic', 'Glass']",79,very frequently,2673
private,petrol,1644,Yes,3,"['Plastic', 'Glass', 'Metal']",200,never,2235
public,No Vehicle,1854,Yes,3,['Metal'],214,rarely,1378
walk/bicycle,No Vehicle,72,Yes,6,"['Paper', 'Metal']",59,very frequently,2939
private,petrol,4383,Sometimes,2,"['Plastic', 'Metal']",235,very frequently,4311
walk/bicycle,No Vehicle,69,Sometimes,7,"['Paper', 'Metal']",50,frequently,2107
private,petrol,5954,No,4,[],122,never,3419
private,diesel,9258,Yes,4,['Paper'],218,rarely,3713
private,electric,2041,Sometimes,1,"['Plastic', 'Glass', 'Metal']",156,frequently,1484
private,electric,2033,Sometimes,7,"['Plastic', 'Glass']",289,never,2517
public,No Vehicle,1958,No,7,"['Paper', 'Plastic', 'Glass']",168,frequently,1890
walk/bicycle,No Vehicle,58,Sometimes,5,[],242,frequently,3071
walk/bicycle,No Vehicle,92,No,4,"['Paper', 'Glass', 'Metal']",73,frequently,2073
walk/bicycle,No Vehicle,93,Yes,1,"['Paper', 'Plastic']",145,very frequently,2233
private,electric,7926,No,5,[],214,never,1644
public,No Vehicle,1988,No,7,"['Paper', 'Plastic']",117,very frequently,2957
public,No Vehicle,757,No,4,"['Paper', 'Metal']",118,frequently,2278
private,hybrid,8497,Sometimes,6,[],292,rarely,2813
walk/bicycle,No Vehicle,62,No,4,"['Plastic', 'Glass']",162,frequently,1983
private,petrol,5323,Sometimes,3,['Glass'],209,rarely,2779
walk/bicycle,No Vehicle,17,Yes,5,"['Paper', 'Glass', 'Metal']",222,very frequently,2212
public,No Vehicle,5,Yes,2,[],181,very frequently,2910
public,No Vehicle,1997,Yes,1,"['Paper', 'Plastic', 'Glass']",74,rarely,1051
private,lpg,7153,Sometimes,7,['Metal'],120,frequently,5044
public,No Vehicle,1301,Yes,2,"['Paper', 'Plastic']",163,never,1595
private,lpg,2864,Sometimes,7,"['Paper', 'Plastic', 'Glass']",264,frequently,3745
private,hybrid,6029,Sometimes,3,"['Paper', 'Plastic', 'Glass']",252,rarely,3084
private,electric,825,Yes,7,"['Plastic', 'Metal']",68,frequently,2280
public,No Vehicle,660,Yes,6,['Glass'],177,very frequently,3669
public,No Vehicle,967,Yes,2,"['Plastic', 'Glass', 'Metal']",94,very frequently,1724
public,No Vehicle,1111,Sometimes,3,['Plastic'],247,rarely,1695
public,No Vehicle,884,No,4,"['Paper', 'Metal']",144,very frequently,2423
private,diesel,704,Sometimes,6,"['Plastic', 'Metal']",99,frequently,2130
private,hybrid,2514,Sometimes,5,"['Paper', 'Metal']",278,rarely,2224
private,petrol,3208,No,2,"['Paper', 'Plastic', 'Glass']",89,very frequently,3058
public,No Vehicle,1954,Yes,1,"['Paper', 'Plastic']",69,very frequently,1994
walk/bicycle,No Vehicle,92,Yes,6,"['Plastic', 'Glass']",62,never,1605
public,No Vehicle,1438,Sometimes,4,"['Paper', 'Plastic', 'Glass', 'Metal']",110,rarely,1751
public,No Vehicle,1923,Sometimes,7,"['Paper', 'Glass']",223,frequently,2405
public,No Vehicle,846,Yes,4,"['Paper', 'Glass', 'Metal']",73,frequently,1941
walk/bicycle,No Vehicle,65,Sometimes,5,"['Plastic', 'Glass']",248,rarely,2195
walk/bicycle,No Vehicle,41,Yes,3,"['Plastic', 'Metal']",145,frequently,2106
public,No Vehicle,635,Sometimes,4,"['Paper', 'Plastic', 'Glass', 'Metal']",216,rarely,2516
private,hybrid,9842,Sometimes,4,['Plastic'],255,never,2956
walk/bicycle,No Vehicle,77,No,1,"['Paper', 'Glass', 'Metal']",54,frequently,1678
private,petrol,7953,No,7,['Glass'],189,never,4357
walk/bicycle,No Vehicle,48,No,3,"['Glass', 'Metal']",216,frequently,2249
walk/bicycle,No Vehicle,86,Yes,7,"['Paper', 'Metal']",273,never,776
walk/bicycle,No Vehicle,18,Sometimes,4,"['Glass', 'Metal']",281,frequently,2794
walk/bicycle,No Vehicle,65,Sometimes,5,['Plastic'],171,never,1939
private,hybrid,1844,No,6,"['Paper', 'Glass', 'Metal']",158,frequently,2250
walk/bicycle,No Vehicle,91,Sometimes,7,"['Paper', 'Plastic', 'Glass', 'Metal']",198,rarely,1155
public,No Vehicle,1749,Yes,6,"['Paper', 'Glass', 'Metal']",270,never,1203
private,lpg,4397,Yes,6,"['Plastic', 'Glass']",224,very frequently,4031
public,No Vehicle,1008,Sometimes,5,"['Paper', 'Plastic', 'Metal']",186,very frequently,2364
walk/bicycle,No Vehicle,19,Yes,5,"['Paper', 'Plastic', 'Glass', 'Metal']",122,very frequently,2446
private,lpg,6419,Sometimes,6,"['Plastic', 'Glass', 'Metal']",158,frequently,4445
walk/bicycle,No Vehicle,95,No,3,"['Plastic', 'Metal']",91,rarely,1202
walk/bicycle,No Vehicle,8,Yes,5,"['Plastic', 'Metal']",186,frequently,1670
private,lpg,7008,No,4,['Metal'],272,very frequently,5133
public,No Vehicle,1601,No,7,['Metal'],90,very frequently,2698
walk/bicycle,No Vehicle,0,No,7,"['Paper', 'Plastic']",232,never,2092
private,electric,1072,Yes,3,"['Plastic', 'Glass']",222,rarely,1086
public,No Vehicle,695,No,6,"['Paper', 'Metal']",229,very frequently,2835
walk/bicycle,No Vehicle,42,Sometimes,1,"['Paper', 'Plastic', 'Glass', 'Metal']",99,rarely,987
private,electric,9316,Yes,3,['Glass'],238,rarely,1790
private,lpg,9507,No,5,"['Plastic', 'Glass']",54,very frequently,6621
public,No Vehicle,1635,Yes,7,"['Paper', 'Plastic', 'Glass', 'Metal']",191,frequently,1749
public,No Vehicle,810,No,5,"['Paper', 'Plastic', 'Glass']",97,very frequently,2721
private,diesel,1899,No,6,"['Paper', 'Plastic', 'Glass']",161,rarely,1900
public,No Vehicle,103,No,5,"['Paper', 'Glass', 'Metal']",259,frequently,1756
walk/bicycle,No Vehicle,71,Sometimes,2,"['Glass', 'Metal']",147,frequently,1449
walk/bicycle,No Vehicle,86,Sometimes,1,"['Plastic', 'Glass', 'Metal']",212,rarely,1400
public,No Vehicle,818,No,7,"['Paper', 'Glass', 'Metal']",263,never,1441
private,lpg,4809,Sometimes,4,"['Paper', 'Plastic']",206,very frequently,4031
walk/bicycle,No Vehicle,92,Sometimes,3,"['Glass', 'Metal']",209,rarely,1284
private,electric,3610,No,2,"['Paper', 'Plastic']",236,frequently,1733
private,electric,5696,Sometimes,4,['Paper'],110,rarely,1645
public,No Vehicle,1795,Sometimes,3,"['Paper', 'Plastic', 'Glass', 'Metal']",123,never,1374
walk/bicycle,No Vehicle,98,Yes,5,"['Paper', 'Metal']",297,very frequently,1674
public,No Vehicle,1895,Sometimes,4,"['Paper', 'Metal']",159,very frequently,2811
public,No Vehicle,1321,No,4,['Glass'],165,never,1007
public,No Vehicle,824,No,1,"['Paper', 'Glass']",274,frequently,1466
public,No Vehicle,984,Yes,1,['Plastic'],282,frequently,2173
walk/bicycle,No Vehicle,95,No,6,['Plastic'],212,frequently,2420
private,electric,9746,No,5,"['Paper', 'Plastic', 'Metal']",80,rarely,1660
private,petrol,3315,Yes,6,"['Paper', 'Metal']",204,very frequently,3973
walk/bicycle,No Vehicle,32,Yes,4,"['Paper', 'Plastic', 'Glass']",98,rarely,1387
private,petrol,7885,Yes,6,['Metal'],130,very frequently,6810
walk/bicycle,No Vehicle,51,No,1,"['Plastic', 'Glass', 'Metal']",59,frequently,1130
private,lpg,2916,No,5,"['Paper', 'Metal']",276,never,2393
walk/bicycle,No Vehicle,54,No,5,['Plastic'],273,never,2038
public,No Vehicle,1758,Sometimes,4,"['Paper', 'Glass', 'Metal']",71,never,1652
public,No Vehicle,1414,No,4,"['Plastic', 'Metal']",109,frequently,1475
public,No Vehicle,479,Sometimes,5,[],127,never,1867
walk/bicycle,No Vehicle,25,No,1,"['Plastic', 'Glass', 'Metal']",281,rarely,1467
public,No Vehicle,575,Sometimes,6,['Paper'],108,rarely,1873
public,No Vehicle,23,No,7,"['Paper', 'Metal']",268,very frequently,2212
public,No Vehicle,1401,Sometimes,7,['Paper'],100,very frequently,3044
public,No Vehicle,197,Sometimes,5,[],112,never,1795
public,No Vehicle,780,Yes,7,"['Paper', 'Plastic', 'Glass', 'Metal']",107,rarely,2059
walk/bicycle,No Vehicle,22,Sometimes,4,"['Paper', 'Plastic']",226,frequently,1681
walk/bicycle,No Vehicle,56,Yes,7,"['Plastic', 'Glass']",124,never,1624
public,No Vehicle,57,Sometimes,6,"['Paper', 'Glass', 'Metal']",159,very frequently,2333
private,hybrid,3805,Yes,2,['Paper'],233,very frequently,3171
private,lpg,7958,Sometimes,6,"['Plastic', 'Glass']",144,never,3492
public,No Vehicle,137,Yes,4,"['Plastic', 'Metal']",209,never,1526
walk/bicycle,No Vehicle,82,Yes,3,"['Glass', 'Metal']",118,rarely,1311
walk/bicycle,No Vehicle,8,Sometimes,7,['Metal'],290,frequently,2570
public,No Vehicle,298,Yes,2,"['Paper', 'Plastic', 'Glass', 'Metal']",299,frequently,2474
public,No Vehicle,308,Sometimes,4,"['Plastic', 'Glass', 'Metal']",99,never,1404
private,lpg,8198,No,2,['Metal'],183,rarely,4612
public,No Vehicle,1092,Yes,2,[],161,very frequently,2911
walk/bicycle,No Vehicle,20,Yes,4,"['Paper', 'Metal']",54,very frequently,2635
walk/bicycle,No Vehicle,42,No,6,['Glass'],52,rarely,1735
public,No Vehicle,854,Yes,5,"['Paper', 'Plastic', 'Metal']",118,very frequently,3119
private,electric,1401,Yes,2,"['Paper', 'Plastic', 'Glass', 'Metal']",120,rarely,766
private,lpg,4293,No,6,"['Paper', 'Glass', 'Metal']",266,never,2297
private,diesel,5235,No,2,"['Paper', 'Glass', 'Metal']",229,very frequently,3670
walk/bicycle,No Vehicle,42,Yes,6,"['Paper', 'Plastic', 'Glass', 'Metal']",122,very frequently,2822
public,No Vehicle,317,Sometimes,5,"['Paper', 'Plastic']",290,very frequently,2486
public,No Vehicle,762,Sometimes,6,"['Paper', 'Plastic', 'Glass', 'Metal']",244,frequently,1650
walk/bicycle,No Vehicle,26,Yes,7,"['Paper', 'Plastic']",274,very frequently,3202
walk/bicycle,No Vehicle,99,No,3,"['Paper', 'Plastic', 'Metal']",211,rarely,1133
walk/bicycle,No Vehicle,0,No,4,['Paper'],116,very frequently,3289
walk/bicycle,No Vehicle,70,Yes,5,['Paper'],282,very frequently,2426
walk/bicycle,No Vehicle,70,Yes,7,['Plastic'],53,rarely,2795
private,lpg,1771,Yes,3,['Glass'],222,never,1608
public,No Vehicle,1692,Sometimes,6,"['Paper', 'Plastic', 'Metal']",153,very frequently,2438
public,No Vehicle,909,Sometimes,6,"['Paper', 'Plastic', 'Glass']",286,never,1528
walk/bicycle,No Vehicle,81,Yes,6,"['Paper', 'Plastic']",76,very frequently,3211
private,lpg,8358,Sometimes,5,['Paper'],191,frequently,3941
walk/bicycle,No Vehicle,67,Sometimes,4,"['Paper', 'Plastic', 'Glass']",254,very frequently,2454
public,No Vehicle,1862,No,5,"['Plastic', 'Metal']",226,frequently,2198
private,lpg,3800,Sometimes,7,"['Paper', 'Metal']",266,rarely,2126
public,No Vehicle,1287,Sometimes,5,"['Paper', 'Plastic', 'Metal']",207,rarely,1581
public,No Vehicle,1320,Yes,1,"['Paper', 'Glass']",137,frequently,2153
private,lpg,7468,No,7,"['Paper', 'Glass', 'Metal']",95,rarely,4422
public,No Vehicle,480,No,2,"['Paper', 'Plastic', 'Glass']",125,never,1667
public,No Vehicle,1301,No,4,"['Glass', 'Metal']",279,very frequently,2768
walk/bicycle,No Vehicle,50,Yes,5,"['Plastic', 'Glass', 'Metal']",64,frequently,1493
public,No Vehicle,1598,Yes,2,['Glass'],183,frequently,1974
public,No Vehicle,963,Sometimes,6,['Paper'],271,frequently,1783
walk/bicycle,No Vehicle,3,Sometimes,3,"['Paper', 'Plastic', 'Glass']",139,very frequently,2380
walk/bicycle,No Vehicle,42,Sometimes,5,[],244,frequently,2324
private,lpg,732,No,7,"['Paper', 'Glass']",159,rarely,2262
walk/bicycle,No Vehicle,25,No,4,"['Paper', 'Plastic']",189,frequently,2173
private,lpg,196,No,4,"['Plastic', 'Glass']",187,never,1662
public,No Vehicle,638,Sometimes,4,"['Plastic', 'Metal']",227,rarely,1781
walk/bicycle,No Vehicle,50,Yes,2,['Glass'],144,frequently,2176
walk/bicycle,No Vehicle,16,Sometimes,5,"['Paper', 'Glass']",196,never,1731
private,hybrid,5393,Yes,3,"['Glass', 'Metal']",169,rarely,2303
walk/bicycle,No Vehicle,83,Sometimes,5,"['Plastic', 'Glass']",123,never,2162
private,petrol,7749,Sometimes,5,"['Paper', 'Glass', 'Metal']",247,very frequently,6069
public,No Vehicle,860,Yes,4,[],289,very frequently,3811
walk/bicycle,No Vehicle,65,Sometimes,2,['Paper'],207,never,1097
private,hybrid,2761,Yes,3,"['Paper', 'Plastic']",295,very frequently,2188
private,electric,9445,No,5,"['Paper', 'Plastic', 'Glass']",299,very frequently,3779
public,No Vehicle,64,Yes,2,"['Paper', 'Plastic', 'Metal']",57,never,1179
private,electric,6726,Yes,7,"['Paper', 'Glass']",240,never,848
walk/bicycle,No Vehicle,81,Yes,2,"['Paper', 'Metal']",240,frequently,2239
walk/bicycle,No Vehicle,54,Sometimes,4,"['Plastic', 'Metal']",82,rarely,1509
walk/bicycle,No Vehicle,37,Sometimes,6,"['Paper', 'Plastic']",214,very frequently,3058
walk/bicycle,No Vehicle,18,No,3,"['Paper', 'Glass']",275,very frequently,1825
walk/bicycle,No Vehicle,70,Sometimes,7,['Glass'],131,never,2034
public,No Vehicle,203,Yes,7,"['Glass', 'Metal']",123,very frequently,1997
private,diesel,5287,Yes,4,"['Plastic', 'Glass']",190,rarely,2801
walk/bicycle,No Vehicle,52,No,6,"['Paper', 'Plastic', 'Glass', 'Metal']",64,very frequently,2753
public,No Vehicle,1934,Yes,5,"['Glass', 'Metal']",276,very frequently,2912
walk/bicycle,No Vehicle,69,No,2,"['Paper', 'Plastic', 'Glass']",243,never,1642
private,diesel,4306,No,5,['Paper'],136,never,2207
public,No Vehicle,840,Sometimes,1,['Glass'],163,rarely,1283
walk/bicycle,No Vehicle,53,Sometimes,5,['Plastic'],263,never,1161
public,No Vehicle,1935,No,3,"['Plastic', 'Glass', 'Metal']",194,very frequently,2156
walk/bicycle,No Vehicle,32,No,3,"['Paper', 'Glass', 'Metal']",108,frequently,1639
private,diesel,555,Yes,7,[],271,very frequently,2278
private,hybrid,6898,Sometimes,2,[],91,very frequently,2964
public,No Vehicle,1643,Sometimes,1,"['Plastic', 'Glass', 'Metal']",243,never,1183
walk/bicycle,No Vehicle,57,Sometimes,7,['Metal'],93,very frequently,2274
public,No Vehicle,1850,Yes,2,"['Paper', 'Plastic', 'Glass', 'Metal']",168,rarely,1544
public,No Vehicle,1996,No,5,['Glass'],179,very frequently,2404
private,diesel,5413,Yes,2,"['Paper', 'Plastic', 'Glass', 'Metal']",246,rarely,2108
walk/bicycle,No Vehicle,6,Sometimes,1,"['Paper', 'Glass']",231,very frequently,2094
public,No Vehicle,1727,Yes,7,['Glass'],198,never,1967
walk/bicycle,No Vehicle,75,Yes,7,"['Paper', 'Plastic', 'Metal']",267,frequently,1750
private,petrol,5499,Sometimes,4,['Glass'],81,rarely,3800
private,lpg,8786,No,2,"['Plastic', 'Glass', 'Metal']",193,never,3266
public,No Vehicle,1531,No,5,"['Plastic', 'Metal']",183,never,1704
walk/bicycle,No Vehicle,50,No,7,['Metal'],94,never,1974
private,hybrid,5310,Yes,1,['Plastic'],296,rarely,2288
walk/bicycle,No Vehicle,79,Sometimes,4,['Paper'],239,never,1397
public,No Vehicle,1215,Yes,5,"['Plastic', 'Metal']",87,very frequently,2336
private,hybrid,8809,Yes,5,['Metal'],286,frequently,3799
walk/bicycle,No Vehicle,46,No,6,"['Paper', 'Plastic', 'Glass', 'Metal']",117,very frequently,2313
private,electric,9285,No,6,"['Paper', 'Plastic']",296,never,1616
walk/bicycle,No Vehicle,2,Sometimes,2,"['Paper', 'Metal']",241,frequently,1353
private,hybrid,9352,Sometimes,6,['Glass'],127,very frequently,5015
private,electric,8920,Yes,2,"['Plastic', 'Glass']",203,frequently,2179
walk/bicycle,No Vehicle,25,Sometimes,7,"['Plastic', 'Metal']",58,frequently,1376
walk/bicycle,No Vehicle,14,Yes,3,"['Paper', 'Glass', 'Metal']",261,very frequently,1752
private,petrol,5278,Sometimes,3,[],218,never,3312
walk/bicycle,No Vehicle,75,Sometimes,3,"['Plastic', 'Glass', 'Metal']",192,frequently,2025
private,lpg,7148,Yes,7,['Metal'],194,frequently,3633
walk/bicycle,No Vehicle,31,No,5,[],92,rarely,2445
public,No Vehicle,2,Sometimes,2,"['Paper', 'Metal']",147,frequently,1151
walk/bicycle,No Vehicle,88,Yes,3,"['Paper', 'Plastic', 'Metal']",237,frequently,2080
public,No Vehicle,342,No,3,"['Paper', 'Plastic']",274,rarely,1164
public,No Vehicle,1962,No,3,"['Paper', 'Glass']",270,rarely,1037
private,lpg,9014,Yes,3,"['Paper', 'Plastic', 'Glass', 'Metal']",244,very frequently,3949
public,No Vehicle,1557,No,4,"['Plastic', 'Glass', 'Metal']",267,rarely,1546
public,No Vehicle,1537,No,1,"['Paper', 'Plastic', 'Glass']",121,rarely,1219
public,No Vehicle,293,Yes,2,"['Paper', 'Metal']",259,rarely,1304
private,hybrid,6180,Sometimes,7,"['Paper', 'Plastic', 'Glass']",196,very frequently,3958
walk/bicycle,No Vehicle,61,Yes,1,"['Paper', 'Plastic', 'Glass', 'Metal']",54,rarely,851
walk/bicycle,No Vehicle,11,Yes,6,"['Plastic', 'Glass', 'Metal']",63,frequently,1357
walk/bicycle,No Vehicle,80,Sometimes,4,['Paper'],193,rarely,1869
private,diesel,8717,No,6,"['Paper', 'Metal']",183,rarely,3635
public,No Vehicle,1604,No,3,"['Paper', 'Plastic', 'Metal']",146,very frequently,2279
private,hybrid,9050,No,5,"['Paper', 'Glass']",69,very frequently,4851
walk/bicycle,No Vehicle,86,Yes,7,"['Paper', 'Plastic']",168,never,1510
walk/bicycle,No Vehicle,21,Yes,4,['Metal'],253,never,1447
private,hybrid,1760,Yes,3,"['Paper', 'Plastic', 'Glass']",93,very frequently,2105
public,No Vehicle,631,Sometimes,3,"['Paper', 'Glass', 'Metal']",270,rarely,891
public,No Vehicle,755,No,1,['Paper'],170,never,1336
walk/bicycle,No Vehicle,1,Yes,4,"['Paper', 'Glass']",221,frequently,2207
private,lpg,6482,Yes,7,"['Paper', 'Metal']",191,very frequently,5918
walk/bicycle,No Vehicle,76,Yes,3,"['Glass', 'Metal']",80,rarely,1514
public,No Vehicle,1795,No,4,"['Plastic', 'Metal']",100,frequently,2499
public,No Vehicle,311,No,2,[],118,frequently,1632
public,No Vehicle,1959,Sometimes,5,"['Paper', 'Glass', 'Metal']",265,rarely,1826
walk/bicycle,No Vehicle,52,Sometimes,5,['Glass'],235,never,1656
walk/bicycle,No Vehicle,14,Yes,3,"['Paper', 'Plastic', 'Glass']",126,very frequently,2418
public,No Vehicle,649,Sometimes,4,"['Plastic', 'Metal']",155,never,1459
walk/bicycle,No Vehicle,69,No,4,"['Paper', 'Plastic', 'Metal']",82,never,1874
walk/bicycle,No Vehicle,29,No,1,"['Plastic', 'Glass']",92,never,1057
walk/bicycle,No Vehicle,96,Sometimes,1,"['Plastic', 'Glass', 'Metal']",94,very frequently,2782
walk/bicycle,No Vehicle,50,No,7,"['Plastic', 'Glass', 'Metal']",98,never,1809
private,petrol,1614,Yes,3,"['Plastic', 'Glass']",184,very frequently,2612
public,No Vehicle,601,Sometimes,5,['Glass'],286,frequently,2866
private,lpg,4215,Yes,4,"['Paper', 'Plastic', 'Glass']",243,rarely,2578
public,No Vehicle,1890,No,6,"['Plastic', 'Glass']",91,rarely,1322
public,No Vehicle,909,Sometimes,1,['Glass'],92,very frequently,2249
public,No Vehicle,1046,No,5,"['Paper', 'Plastic']",230,very frequently,3301
public,No Vehicle,1394,No,7,"['Paper', 'Plastic']",105,very frequently,2599
walk/bicycle,No Vehicle,15,Yes,6,"['Paper', 'Plastic', 'Glass', 'Metal']",205,very frequently,2741
private,lpg,6127,Yes,7,"['Paper', 'Plastic', 'Metal']",133,never,2467
walk/bicycle,No Vehicle,98,No,4,"['Paper', 'Metal']",151,never,1579
public,No Vehicle,1372,Yes,7,"['Glass', 'Metal']",57,never,2456
public,No Vehicle,1978,Sometimes,7,"['Plastic', 'Glass']",251,very frequently,2161
public,No Vehicle,1108,Yes,7,['Glass'],113,never,1565
public,No Vehicle,1957,No,2,"['Plastic', 'Glass', 'Metal']",138,rarely,2271
public,No Vehicle,3,No,2,['Plastic'],79,very frequently,3439
public,No Vehicle,415,No,6,"['Paper', 'Plastic', 'Glass']",64,frequently,2573
public,No Vehicle,1818,Yes,4,['Plastic'],291,rarely,1544
public,No Vehicle,639,Yes,7,"['Paper', 'Glass', 'Metal']",148,never,791
public,No Vehicle,388,Yes,3,"['Plastic', 'Glass']",275,rarely,1264
public,No Vehicle,804,No,7,"['Plastic', 'Glass', 'Metal']",289,frequently,3011
private,diesel,4084,No,3,"['Paper', 'Plastic', 'Glass', 'Metal']",84,never,2780
walk/bicycle,No Vehicle,30,Sometimes,2,[],244,rarely,1273
public,No Vehicle,1488,No,3,['Paper'],64,rarely,1332
public,No Vehicle,447,Yes,5,[],179,rarely,1594
public,No Vehicle,1476,No,7,"['Paper', 'Plastic']",263,rarely,2322
public,No Vehicle,1368,Sometimes,4,"['Paper', 'Plastic']",268,never,1410
walk/bicycle,No Vehicle,8,No,1,[],128,very frequently,3159
public,No Vehicle,1227,Yes,2,"['Plastic', 'Glass']",101,never,1159
public,No Vehicle,1597,Sometimes,7,"['Paper', 'Plastic']",63,frequently,2970
public,No Vehicle,574,Yes,7,"['Paper', 'Plastic', 'Glass']",66,never,1711
walk/bicycle,No Vehicle,19,Yes,1,[],51,frequently,1211
walk/bicycle,No Vehicle,73,Sometimes,2,"['Glass', 'Metal']",222,frequently,1514
public,No Vehicle,338,No,1,['Paper'],116,frequently,1649
public,No Vehicle,1527,Sometimes,1,['Paper'],245,never,789
walk/bicycle,No Vehicle,95,No,5,['Metal'],81,never,1280
walk/bicycle,No Vehicle,69,Sometimes,5,['Paper'],173,never,1182
private,lpg,2266,Yes,3,"['Plastic', 'Glass']",260,rarely,2727
public,No Vehicle,885,Yes,7,"['Paper', 'Plastic']",251,never,2299
walk/bicycle,No Vehicle,56,No,5,['Plastic'],129,rarely,1174
public,No Vehicle,1370,Sometimes,6,"['Paper', 'Metal']",71,rarely,1507
walk/bicycle,No Vehicle,42,Sometimes,5,['Plastic'],264,very frequently,4158
walk/bicycle,No Vehicle,5,Yes,1,"['Paper', 'Metal']",281,never,1107
walk/bicycle,No Vehicle,13,Sometimes,2,['Glass'],128,frequently,2048
private,hybrid,3849,Yes,7,"['Glass', 'Metal']",125,rarely,1423
walk/bicycle,No Vehicle,50,Sometimes,7,"['Paper', 'Plastic', 'Metal']",130,very frequently,3191
walk/bicycle,No Vehicle,50,No,4,"['Paper', 'Plastic', 'Glass']",212,frequently,1846
walk/bicycle,No Vehicle,3,No,7,"['Paper', 'Plastic', 'Glass', 'Metal']",270,very frequently,2399
private,diesel,9445,Sometimes,3,['Plastic'],220,rarely,3582
private,diesel,4197,No,2,"['Paper', 'Plastic']",210,very frequently,3538
public,No Vehicle,600,No,6,[],209,never,1622
private,hybrid,1720,No,1,"['Glass', 'Metal']",53,rarely,1387
public,No Vehicle,1890,Sometimes,3,"['Paper', 'Glass']",73,very frequently,2262
private,petrol,601,Sometimes,4,"['Paper', 'Glass', 'Metal']",53,very frequently,2729
private,electric,6894,Yes,7,"['Glass', 'Metal']",53,very frequently,2026
public,No Vehicle,636,Yes,4,"['Paper', 'Plastic', 'Metal']",132,frequently,1802
public,No Vehicle,1201,Sometimes,2,['Glass'],212,very frequently,2761
walk/bicycle,No Vehicle,48,Yes,3,"['Paper', 'Plastic', 'Glass', 'Metal']",240,rarely,976
private,electric,5442,Sometimes,3,"['Paper', 'Glass', 'Metal']",183,very frequently,2522
public,No Vehicle,236,Yes,4,"['Paper', 'Plastic', 'Glass']",295,frequently,2457
private,lpg,3388,No,3,"['Paper', 'Glass', 'Metal']",222,very frequently,3559
public,No Vehicle,1084,Sometimes,2,"['Plastic', 'Glass', 'Metal']",102,frequently,1472
walk/bicycle,No Vehicle,95,Sometimes,2,"['Plastic', 'Metal']",295,very frequently,3060
private,diesel,5698,Sometimes,1,['Paper'],120,never,2790
public,No Vehicle,780,Sometimes,7,['Glass'],56,rarely,1916
walk/bicycle,No Vehicle,2,No,2,"['Paper', 'Plastic', 'Glass', 'Metal']",134,very frequently,2809
walk/bicycle,No Vehicle,75,Yes,6,"['Paper', 'Glass']",111,rarely,1696
public,No Vehicle,495,No,3,"['Paper', 'Plastic', 'Metal']",282,never,1648
walk/bicycle,No Vehicle,95,Sometimes,2,['Paper'],186,rarely,1208
walk/bicycle,No Vehicle,43,Yes,1,"['Paper', 'Plastic']",59,very frequently,2439
private,hybrid,6716,Yes,3,"['Paper', 'Plastic']",191,frequently,2999
public,No Vehicle,1840,Yes,6,"['Paper', 'Glass', 'Metal']",299,never,1471
public,No Vehicle,1386,No,5,"['Paper', 'Plastic', 'Glass', 'Metal']",55,frequently,2471
private,diesel,3717,No,5,"['Paper', 'Plastic', 'Metal']",179,very frequently,2899
walk/bicycle,No Vehicle,71,Sometimes,1,"['Plastic', 'Metal']",71,very frequently,2163
walk/bicycle,No Vehicle,46,Sometimes,1,"['Glass', 'Metal']",79,rarely,1182
walk/bicycle,No Vehicle,85,No,7,[],162,frequently,2897
private,hybrid,3745,Yes,1,['Plastic'],292,frequently,2056
walk/bicycle,No Vehicle,78,Sometimes,7,['Plastic'],161,very frequently,3026
public,No Vehicle,1046,Sometimes,1,"['Paper', 'Glass']",218,rarely,1084
private,diesel,9915,No,5,"['Paper', 'Metal']",54,frequently,4122
private,diesel,1181,No,3,['Plastic'],232,never,1888
private,lpg,4044,Sometimes,2,['Paper'],194,frequently,2960
walk/bicycle,No Vehicle,1,Sometimes,7,"['Paper', 'Plastic', 'Glass']",91,rarely,1761
public,No Vehicle,983,No,3,['Metal'],105,very frequently,3168
private,electric,5151,Sometimes,7,"['Paper', 'Plastic', 'Metal']",158,never,980
public,No Vehicle,810,Yes,7,['Metal'],72,rarely,1557
private,electric,5711,Yes,4,"['Plastic', 'Glass', 'Metal']",153,rarely,1523
private,hybrid,4670,Yes,6,['Glass'],125,frequently,2551
private,hybrid,6862,No,7,"['Plastic', 'Glass']",52,rarely,3198
private,petrol,8095,No,4,"['Paper', 'Metal']",137,rarely,4960
walk/bicycle,No Vehicle,18,Sometimes,4,['Paper'],74,very frequently,2735
public,No Vehicle,1780,No,2,"['Plastic', 'Glass', 'Metal']",80,very frequently,1581
private,diesel,2764,Yes,1,"['Plastic', 'Metal']",232,never,1998
private,hybrid,2061,Sometimes,4,"['Plastic', 'Glass']",120,never,1734
private,electric,8886,No,3,['Plastic'],268,very frequently,2797
private,lpg,1703,No,7,"['Paper', 'Glass']",151,rarely,2409
public,No Vehicle,1479,Yes,5,"['Paper', 'Glass']",257,very frequently,2429
public,No Vehicle,1751,No,6,"['Glass', 'Metal']",242,frequently,2389
walk/bicycle,No Vehicle,58,Yes,3,"['Paper', 'Plastic', 'Glass', 'Metal']",249,rarely,1906
walk/bicycle,No Vehicle,6,No,2,['Plastic'],68,very frequently,1550
walk/bicycle,No Vehicle,64,Yes,6,"['Plastic', 'Glass', 'Metal']",152,never,875
private,lpg,543,Sometimes,7,"['Plastic', 'Metal']",216,never,1574
walk/bicycle,No Vehicle,20,Sometimes,3,"['Plastic', 'Glass']",246,rarely,1870
walk/bicycle,No Vehicle,67,Yes,3,['Plastic'],163,very frequently,2123
walk/bicycle,No Vehicle,52,Yes,5,"['Paper', 'Glass']",61,very frequently,1937
walk/bicycle,No Vehicle,59,Sometimes,4,"['Plastic', 'Glass', 'Metal']",247,never,1332
private,hybrid,7896,No,3,"['Paper', 'Glass', 'Metal']",160,never,1559
walk/bicycle,No Vehicle,78,Sometimes,3,"['Paper', 'Plastic', 'Glass', 'Metal']",238,frequently,1042
private,lpg,5270,Sometimes,1,"['Paper', 'Glass', 'Metal']",140,rarely,3307
private,petrol,1312,Yes,2,"['Paper', 'Plastic', 'Glass']",281,frequently,2544
public,No Vehicle,848,Sometimes,6,['Plastic'],268,rarely,2384
public,No Vehicle,718,Sometimes,4,"['Plastic', 'Glass']",292,frequently,1843
private,electric,8798,Yes,6,"['Plastic', 'Glass']",97,frequently,2161
public,No Vehicle,575,No,3,"['Paper', 'Plastic', 'Glass']",180,never,1517
public,No Vehicle,1838,No,2,"['Paper', 'Plastic', 'Metal']",243,rarely,1324
public,No Vehicle,1279,No,6,"['Plastic', 'Glass', 'Metal']",64,never,1348
private,petrol,9313,Yes,3,['Paper'],145,never,4257
walk/bicycle,No Vehicle,41,No,2,['Plastic'],193,very frequently,3037
public,No Vehicle,1282,Yes,5,"['Paper', 'Plastic']",140,never,1069
private,petrol,6938,No,6,"['Plastic', 'Glass', 'Metal']",237,very frequently,5391
private,electric,5140,Yes,7,"['Paper', 'Plastic']",236,never,1884
private,hybrid,1545,No,3,['Metal'],174,rarely,1721
walk/bicycle,No Vehicle,78,No,1,"['Paper', 'Plastic', 'Glass', 'Metal']",238,never,889
public,No Vehicle,1483,Sometimes,4,['Metal'],280,very frequently,2940
private,lpg,9964,Yes,5,"['Paper', 'Glass']",275,very frequently,4712
walk/bicycle,No Vehicle,51,No,3,"['Paper', 'Metal']",271,never,1346
walk/bicycle,No Vehicle,13,Yes,6,"['Paper', 'Glass']",189,rarely,1218
walk/bicycle,No Vehicle,75,No,4,['Paper'],86,never,771
walk/bicycle,No Vehicle,97,Sometimes,4,[],169,never,1339
public,No Vehicle,94,Yes,3,"['Paper', 'Metal']",208,rarely,1801
public,No Vehicle,975,Sometimes,3,['Paper'],262,rarely,1484
walk/bicycle,No Vehicle,4,Sometimes,6,"['Plastic', 'Metal']",156,frequently,1619
walk/bicycle,No Vehicle,69,Yes,3,"['Plastic', 'Glass', 'Metal']",68,never,1027
private,petrol,3430,Yes,6,"['Paper', 'Glass']",74,frequently,3169
private,lpg,7993,No,1,['Plastic'],108,frequently,4042
private,diesel,4870,Yes,2,"['Paper', 'Plastic', 'Glass', 'Metal']",238,very frequently,4631
walk/bicycle,No Vehicle,21,Yes,6,['Plastic'],241,frequently,2305
walk/bicycle,No Vehicle,31,No,6,"['Paper', 'Glass']",212,very frequently,2951
walk/bicycle,No Vehicle,89,Yes,5,"['Paper', 'Plastic', 'Metal']",53,rarely,1352
public,No Vehicle,1417,Yes,3,"['Paper', 'Glass', 'Metal']",204,very frequently,2262
walk/bicycle,No Vehicle,57,Yes,5,"['Plastic', 'Metal']",67,rarely,863
private,electric,9123,Yes,4,[],62,frequently,2539
private,lpg,9070,No,7,"['Paper', 'Plastic', 'Metal']",151,very frequently,6816
walk/bicycle,No Vehicle,41,Yes,6,"['Plastic', 'Metal']",296,very frequently,2928
walk/bicycle,No Vehicle,2,Yes,6,"['Paper', 'Plastic', 'Glass']",200,rarely,1749
walk/bicycle,No Vehicle,99,Yes,5,['Glass'],166,never,1145
public,No Vehicle,1323,Yes,6,"['Paper', 'Metal']",175,very frequently,3454
private,diesel,274,Yes,1,['Plastic'],189,rarely,2066
walk/bicycle,No Vehicle,16,No,3,"['Paper', 'Metal']",52,frequently,1062
private,lpg,8390,Yes,7,"['Plastic', 'Glass', 'Metal']",125,never,4260
private,diesel,3379,No,1,"['Plastic', 'Glass', 'Metal']",90,rarely,2128
walk/bicycle,No Vehicle,98,Sometimes,4,"['Paper', 'Plastic', 'Metal']",195,rarely,1982
walk/bicycle,No Vehicle,67,Yes,6,"['Glass', 'Metal']",159,frequently,2186
walk/bicycle,No Vehicle,51,No,5,['Glass'],255,very frequently,3010
private,hybrid,2215,Yes,4,"['Paper', 'Glass']",208,never,1562
public,No Vehicle,995,Sometimes,4,"['Paper', 'Plastic', 'Metal']",138,frequently,1568
walk/bicycle,No Vehicle,82,Sometimes,4,"['Paper', 'Plastic', 'Glass', 'Metal']",105,never,790
public,No Vehicle,1405,Yes,3,"['Plastic', 'Glass']",230,rarely,2566
private,electric,9206,No,3,"['Plastic', 'Glass', 'Metal']",77,never,626
walk/bicycle,No Vehicle,31,Sometimes,1,"['Paper', 'Plastic']",262,rarely,1501
private,petrol,5475,No,5,[],261,rarely,3612
walk/bicycle,No Vehicle,82,Yes,7,"['Paper', 'Plastic', 'Metal']",65,very frequently,2361
private,diesel,9663,Sometimes,3,"['Paper', 'Plastic', 'Metal']",246,rarely,4347
public,No Vehicle,1436,Sometimes,1,['Paper'],119,frequently,2240
walk/bicycle,No Vehicle,76,Sometimes,3,[],230,never,2045
public,No Vehicle,1253,Yes,2,['Glass'],135,very frequently,2677
walk/bicycle,No Vehicle,65,Sometimes,6,['Glass'],141,frequently,1793
public,No Vehicle,500,No,5,"['Plastic', 'Metal']",173,rarely,2313
walk/bicycle,No Vehicle,43,Sometimes,3,"['Paper', 'Plastic', 'Glass', 'Metal']",180,never,996
private,diesel,5774,Yes,7,['Glass'],98,very frequently,3222
private,electric,2062,No,6,['Metal'],115,never,1523
public,No Vehicle,18,Yes,5,['Paper'],273,rarely,2412
private,petrol,1741,Sometimes,6,['Metal'],198,never,3325
walk/bicycle,No Vehicle,63,Sometimes,7,"['Paper', 'Metal']",155,frequently,1910
private,diesel,5307,Yes,4,"['Paper', 'Plastic', 'Glass', 'Metal']",196,frequently,2673
public,No Vehicle,1984,No,3,['Glass'],135,rarely,1644
private,diesel,7952,Yes,3,"['Paper', 'Plastic', 'Metal']",263,very frequently,4496
walk/bicycle,No Vehicle,93,Yes,5,[],55,rarely,1474
walk/bicycle,No Vehicle,29,Yes,7,['Plastic'],190,very frequently,2761
private,hybrid,2073,Sometimes,4,"['Paper', 'Plastic', 'Metal']",156,rarely,2011
private,electric,9371,Sometimes,4,"['Plastic', 'Glass', 'Metal']",82,frequently,2209
walk/bicycle,No Vehicle,7,Sometimes,4,"['Plastic', 'Glass']",77,never,1911
walk/bicycle,No Vehicle,36,Sometimes,6,"['Glass', 'Metal']",282,very frequently,2551
walk/bicycle,No Vehicle,35,No,2,['Plastic'],101,never,1045
public,No Vehicle,1787,No,3,"['Paper', 'Plastic']",205,very frequently,3995
private,electric,8250,Yes,4,"['Plastic', 'Glass', 'Metal']",149,very frequently,2901
public,No Vehicle,909,Yes,4,"['Paper', 'Plastic', 'Glass', 'Metal']",115,very frequently,2958
public,No Vehicle,356,No,4,"['Paper', 'Plastic', 'Glass']",135,never,1409
walk/bicycle,No Vehicle,47,Yes,5,[],167,very frequently,2511
private,diesel,6142,Yes,4,"['Plastic', 'Glass', 'Metal']",175,very frequently,4173
public,No Vehicle,1808,Sometimes,5,"['Plastic', 'Glass']",225,rarely,1809
public,No Vehicle,1578,Yes,6,"['Plastic', 'Glass', 'Metal']",205,very frequently,2850
private,electric,3657,No,7,"['Paper', 'Plastic', 'Metal']",114,never,1466
walk/bicycle,No Vehicle,92,No,4,"['Plastic', 'Glass']",148,very frequently,2403
walk/bicycle,No Vehicle,74,No,5,"['Plastic', 'Metal']",128,never,1045
public,No Vehicle,120,No,4,"['Paper', 'Glass', 'Metal']",128,rarely,1461
walk/bicycle,No Vehicle,19,No,6,['Plastic'],279,frequently,3290
public,No Vehicle,521,Yes,6,[],106,very frequently,2278
walk/bicycle,No Vehicle,83,No,7,['Plastic'],169,never,1443
public,No Vehicle,501,Sometimes,6,['Metal'],285,very frequently,2225
public,No Vehicle,113,No,5,"['Paper', 'Plastic']",151,very frequently,3071
public,No Vehicle,654,Sometimes,1,"['Paper', 'Plastic', 'Metal']",130,never,1183
public,No Vehicle,1733,Yes,4,['Metal'],228,frequently,1580
walk/bicycle,No Vehicle,83,Yes,4,['Metal'],159,never,1386
public,No Vehicle,707,Yes,2,"['Paper', 'Glass', 'Metal']",209,rarely,1384
private,petrol,3756,Yes,6,"['Plastic', 'Metal']",155,frequently,3439
walk/bicycle,No Vehicle,56,No,7,"['Paper', 'Plastic', 'Glass', 'Metal']",90,rarely,1103
private,petrol,7918,Sometimes,1,[],81,frequently,4286
private,diesel,4757,Yes,3,"['Plastic', 'Glass', 'Metal']",50,rarely,2272
private,diesel,4411,No,1,"['Plastic', 'Metal']",105,rarely,2482
walk/bicycle,No Vehicle,62,Sometimes,4,['Metal'],173,never,1565
public,No Vehicle,1,Yes,1,['Plastic'],189,frequently,2144
walk/bicycle,No Vehicle,28,Yes,3,"['Paper', 'Plastic', 'Glass', 'Metal']",178,very frequently,2082
walk/bicycle,No Vehicle,43,No,7,[],271,never,2129
private,electric,5823,Yes,6,"['Paper', 'Glass']",282,frequently,1644
walk/bicycle,No Vehicle,8,Sometimes,2,"['Plastic', 'Glass', 'Metal']",267,rarely,1494
public,No Vehicle,1271,Yes,4,"['Plastic', 'Glass', 'Metal']",231,frequently,1872
private,petrol,9845,Sometimes,6,['Metal'],111,never,4663
public,No Vehicle,1157,Yes,7,"['Paper', 'Plastic']",148,never,2013
public,No Vehicle,476,Yes,6,[],224,rarely,2164
public,No Vehicle,482,No,6,"['Paper', 'Metal']",84,frequently,2314
public,No Vehicle,319,Sometimes,5,"['Paper', 'Plastic', 'Glass']",267,very frequently,2610
walk/bicycle,No Vehicle,50,Sometimes,1,"['Plastic', 'Glass', 'Metal']",189,very frequently,2898
private,diesel,6395,No,2,"['Paper', 'Glass', 'Metal']",54,frequently,3314
public,No Vehicle,1195,Yes,5,"['Paper', 'Glass']",163,frequently,1496
private,hybrid,4288,Sometimes,6,"['Paper', 'Glass']",216,very frequently,3710
walk/bicycle,No Vehicle,51,No,7,"['Paper', 'Plastic', 'Glass']",210,frequently,2464
public,No Vehicle,62,Yes,3,[],256,rarely,1503
public,No Vehicle,84,Yes,2,"['Plastic', 'Glass', 'Metal']",125,rarely,748
public,No Vehicle,1267,No,1,"['Plastic', 'Glass', 'Metal']",69,never,1497
public,No Vehicle,1920,Sometimes,2,['Glass'],51,very frequently,2175
public,No Vehicle,1022,Yes,6,"['Plastic', 'Glass', 'Metal']",298,rarely,1707
public,No Vehicle,103,Yes,6,['Metal'],205,very frequently,2163
private,electric,6654,Yes,1,"['Glass', 'Metal']",192,never,965
public,No Vehicle,364,Sometimes,6,"['Paper', 'Plastic', 'Glass']",72,never,1463
walk/bicycle,No Vehicle,77,Sometimes,4,"['Paper', 'Glass', 'Metal']",70,frequently,1579
public,No Vehicle,436,Sometimes,6,['Glass'],135,frequently,1890
public,No Vehicle,808,Sometimes,5,['Paper'],57,very frequently,2563
public,No Vehicle,1299,Sometimes,5,"['Plastic', 'Metal']",156,rarely,2018
walk/bicycle,No Vehicle,45,No,6,['Paper'],142,very frequently,3317
walk/bicycle,No Vehicle,0,Sometimes,3,"['Paper', 'Plastic', 'Glass']",249,frequently,1640
private,petrol,5203,Sometimes,7,"['Glass', 'Metal']",202,rarely,4151
walk/bicycle,No Vehicle,89,Sometimes,2,"['Paper', 'Plastic']",57,frequently,2212
public,No Vehicle,1339,Yes,3,"['Paper', 'Glass']",133,frequently,2211
public,No Vehicle,655,Sometimes,6,"['Paper', 'Plastic', 'Metal']",225,frequently,2309
public,No Vehicle,1705,Yes,5,"['Paper', 'Glass', 'Metal']",85,rarely,1698
private,lpg,2498,Yes,7,"['Paper', 'Glass', 'Metal']",161,rarely,2521
private,electric,5145,Sometimes,4,"['Paper', 'Plastic', 'Metal']",211,frequently,1930
private,hybrid,4595,Yes,4,"['Paper', 'Plastic', 'Metal']",166,frequently,1866
walk/bicycle,No Vehicle,39,Sometimes,2,['Metal'],290,very frequently,2923
walk/bicycle,No Vehicle,0,Sometimes,7,"['Plastic', 'Glass']",234,frequently,2600
walk/bicycle,No Vehicle,6,No,3,"['Plastic', 'Glass']",82,very frequently,3128
walk/bicycle,No Vehicle,2,Yes,7,"['Paper', 'Plastic', 'Metal']",230,rarely,1601
private,lpg,6434,No,7,"['Paper', 'Glass']",246,very frequently,4052
public,No Vehicle,224,Sometimes,6,"['Paper', 'Glass']",110,rarely,1890
private,petrol,3291,No,5,"['Plastic', 'Glass']",69,rarely,2627
public,No Vehicle,983,Sometimes,7,[],282,never,2665
public,No Vehicle,1218,No,4,['Metal'],285,rarely,1144
public,No Vehicle,1505,Yes,4,"['Paper', 'Glass']",54,frequently,2040
walk/bicycle,No Vehicle,3,Sometimes,4,"['Paper', 'Glass', 'Metal']",140,very frequently,2217
private,diesel,189,Yes,2,['Glass'],101,very frequently,2614
public,No Vehicle,1749,No,7,"['Glass', 'Metal']",296,very frequently,3308
private,lpg,4037,Yes,7,"['Paper', 'Plastic', 'Glass', 'Metal']",95,frequently,2414
public,No Vehicle,1747,Yes,4,"['Plastic', 'Glass']",52,never,1358
private,lpg,2376,No,1,"['Plastic', 'Glass']",279,frequently,3488
private,electric,875,No,3,"['Plastic', 'Glass', 'Metal']",124,rarely,1283
public,No Vehicle,1997,Sometimes,5,"['Paper', 'Plastic', 'Metal']",57,frequently,2199
public,No Vehicle,1097,No,6,[],68,very frequently,3894
walk/bicycle,No Vehicle,58,Sometimes,7,"['Glass', 'Metal']",286,rarely,2440
walk/bicycle,No Vehicle,31,No,4,['Plastic'],226,frequently,2547
walk/bicycle,No Vehicle,60,Sometimes,6,['Paper'],259,never,1435
private,petrol,3709,Yes,3,"['Paper', 'Plastic', 'Glass']",52,never,2227
public,No Vehicle,178,Sometimes,1,"['Glass', 'Metal']",60,very frequently,2342
public,No Vehicle,1465,No,2,"['Paper', 'Plastic', 'Metal']",138,never,780
walk/bicycle,No Vehicle,85,No,5,['Plastic'],84,very frequently,2300
walk/bicycle,No Vehicle,26,Yes,3,['Glass'],203,frequently,1729
walk/bicycle,No Vehicle,49,Yes,5,"['Paper', 'Glass', 'Metal']",298,rarely,1323
public,No Vehicle,578,Sometimes,2,['Paper'],225,very frequently,2515
walk/bicycle,No Vehicle,77,Yes,4,"['Paper', 'Metal']",109,frequently,2393
public,No Vehicle,1507,Sometimes,5,"['Paper', 'Plastic', 'Metal']",73,frequently,1285
private,hybrid,75,Sometimes,1,['Paper'],141,frequently,2485
private,electric,4749,Sometimes,5,['Metal'],242,frequently,2252
private,hybrid,4592,Sometimes,7,['Glass'],171,frequently,2543
walk/bicycle,No Vehicle,1,Sometimes,1,"['Paper', 'Metal']",192,frequently,2092
private,petrol,2950,Yes,7,"['Paper', 'Metal']",279,very frequently,3772
walk/bicycle,No Vehicle,98,No,1,"['Paper', 'Plastic', 'Glass']",64,very frequently,3097
private,electric,5517,Yes,4,"['Paper', 'Glass', 'Metal']",257,very frequently,2758
private,petrol,4424,Yes,4,"['Paper', 'Glass']",276,never,3306
public,No Vehicle,1916,Sometimes,2,"['Plastic', 'Glass', 'Metal']",150,frequently,1669
private,diesel,4333,Yes,2,"['Paper', 'Plastic', 'Metal']",112,very frequently,3810
walk/bicycle,No Vehicle,90,Yes,5,[],180,very frequently,3099
private,electric,1210,No,2,"['Paper', 'Metal']",70,very frequently,2461
walk/bicycle,No Vehicle,97,Sometimes,1,"['Paper', 'Plastic']",52,frequently,1310
public,No Vehicle,1099,Sometimes,4,"['Plastic', 'Metal']",244,rarely,1767
public,No Vehicle,1934,No,6,"['Paper', 'Plastic', 'Glass']",280,never,1871
public,No Vehicle,783,No,6,"['Paper', 'Plastic']",227,frequently,2230
walk/bicycle,No Vehicle,46,No,5,[],189,rarely,2910
public,No Vehicle,1250,No,4,['Plastic'],196,very frequently,2708
private,lpg,8105,Yes,5,['Metal'],255,frequently,4099
private,lpg,9007,Yes,1,['Paper'],109,rarely,3358
private,lpg,2349,Yes,6,"['Plastic', 'Glass']",229,rarely,1633
public,No Vehicle,1671,No,4,"['Paper', 'Plastic']",288,very frequently,2479
public,No Vehicle,1330,Sometimes,2,"['Plastic', 'Metal']",204,very frequently,2539
walk/bicycle,No Vehicle,71,No,1,"['Paper', 'Glass', 'Metal']",228,frequently,2158
walk/bicycle,No Vehicle,6,Sometimes,6,"['Paper', 'Plastic', 'Glass', 'Metal']",122,very frequently,2623
walk/bicycle,No Vehicle,95,Yes,6,"['Plastic', 'Metal']",95,rarely,1589
public,No Vehicle,645,No,4,[],137,never,1318
private,diesel,486,Yes,1,"['Paper', 'Plastic']",195,frequently,1894
walk/bicycle,No Vehicle,0,Sometimes,6,"['Paper', 'Glass', 'Metal']",188,very frequently,2647
walk/bicycle,No Vehicle,57,Yes,2,['Plastic'],74,rarely,1581
public,No Vehicle,575,Yes,5,"['Plastic', 'Glass']",94,frequently,1543
public,No Vehicle,1483,Sometimes,4,"['Glass', 'Metal']",110,rarely,1862
private,diesel,7545,Sometimes,5,"['Plastic', 'Metal']",271,frequently,3946
public,No Vehicle,201,No,3,"['Plastic', 'Glass']",100,never,1878
public,No Vehicle,468,Yes,7,['Paper'],291,never,1782
walk/bicycle,No Vehicle,17,No,4,"['Paper', 'Plastic']",241,frequently,1653
walk/bicycle,No Vehicle,51,No,5,"['Glass', 'Metal']",151,very frequently,1997
private,lpg,8722,Sometimes,6,"['Glass', 'Metal']",91,very frequently,5964
private,lpg,3972,Yes,7,['Metal'],194,never,2680
walk/bicycle,No Vehicle,51,Yes,1,['Plastic'],158,frequently,1559
walk/bicycle,No Vehicle,27,No,3,"['Plastic', 'Metal']",281,rarely,2137
private,lpg,503,Yes,3,"['Paper', 'Plastic', 'Glass']",205,never,1232
public,No Vehicle,362,Yes,2,['Metal'],135,never,1218
walk/bicycle,No Vehicle,62,Yes,7,"['Paper', 'Plastic', 'Metal']",200,never,2218
private,lpg,9232,Sometimes,6,[],195,never,5064
private,lpg,3233,Sometimes,4,[],59,rarely,2633
private,lpg,6659,No,2,"['Plastic', 'Metal']",145,very frequently,5502
walk/bicycle,No Vehicle,86,No,7,"['Paper', 'Glass', 'Metal']",156,frequently,2960
walk/bicycle,No Vehicle,85,Sometimes,1,"['Plastic', 'Glass']",262,rarely,1156
public,No Vehicle,1405,Yes,4,"['Paper', 'Plastic', 'Glass', 'Metal']",121,frequently,1877
walk/bicycle,No Vehicle,5,No,4,"['Plastic', 'Metal']",233,rarely,2184
walk/bicycle,No Vehicle,12,Sometimes,1,"['Paper', 'Glass']",225,rarely,1009
public,No Vehicle,459,Sometimes,4,['Glass'],112,rarely,1965
public,No Vehicle,1748,Sometimes,3,"['Glass', 'Metal']",130,never,1098
walk/bicycle,No Vehicle,70,Yes,2,['Metal'],56,rarely,1152
private,hybrid,2054,Yes,1,['Metal'],146,very frequently,2751
private,electric,5095,No,4,"['Paper', 'Plastic', 'Glass', 'Metal']",284,frequently,1674
private,electric,3850,No,5,['Glass'],239,rarely,1961
public,No Vehicle,1013,Sometimes,7,"['Plastic', 'Metal']",287,rarely,1447
walk/bicycle,No Vehicle,92,No,7,"['Paper', 'Plastic', 'Glass', 'Metal']",52,rarely,1811
walk/bicycle,No Vehicle,4,Sometimes,4,['Glass'],83,very frequently,2476
public,No Vehicle,894,No,2,"['Paper', 'Plastic', 'Metal']",193,very frequently,2637
public,No Vehicle,1393,No,7,"['Paper', 'Plastic']",268,frequently,3738
private,petrol,6239,Yes,3,"['Glass', 'Metal']",90,rarely,4723
private,petrol,5278,Sometimes,6,"['Plastic', 'Glass']",146,frequently,5106
private,hybrid,125,No,4,"['Plastic', 'Glass']",251,never,1268
public,No Vehicle,1306,Sometimes,7,"['Plastic', 'Glass']",181,never,2135
private,electric,4458,Yes,5,"['Paper', 'Plastic']",55,very frequently,2310
walk/bicycle,No Vehicle,49,No,5,['Metal'],247,rarely,1684
public,No Vehicle,324,Sometimes,2,"['Paper', 'Plastic']",249,frequently,1941
private,electric,9384,Yes,2,"['Paper', 'Plastic']",79,frequently,1861
walk/bicycle,No Vehicle,34,Sometimes,5,"['Paper', 'Glass']",253,never,1964
private,hybrid,8101,Yes,3,"['Paper', 'Glass']",239,rarely,3397
public,No Vehicle,422,Sometimes,4,"['Paper', 'Plastic', 'Glass', 'Metal']",146,rarely,2717
walk/bicycle,No Vehicle,73,Sometimes,3,"['Paper', 'Plastic', 'Glass', 'Metal']",172,rarely,698
private,diesel,463,No,2,[],120,very frequently,2929
private,diesel,8107,Sometimes,6,"['Paper', 'Plastic', 'Glass']",216,very frequently,4693
walk/bicycle,No Vehicle,62,Sometimes,3,['Plastic'],85,very frequently,2618
public,No Vehicle,955,Sometimes,6,"['Plastic', 'Glass', 'Metal']",105,rarely,2032
private,lpg,3470,Yes,4,[],205,very frequently,4378
walk/bicycle,No Vehicle,1,No,3,['Plastic'],228,frequently,1978
walk/bicycle,No Vehicle,96,Yes,1,"['Plastic', 'Metal']",82,very frequently,1821
walk/bicycle,No Vehicle,72,Sometimes,2,[],271,frequently,2114
walk/bicycle,No Vehicle,50,Sometimes,4,"['Paper', 'Plastic', 'Glass']",269,rarely,1430
walk/bicycle,No Vehicle,94,Yes,5,['Metal'],246,rarely,1879
walk/bicycle,No Vehicle,0,No,5,"['Paper', 'Plastic', 'Metal']",115,never,1365
walk/bicycle,No Vehicle,85,Sometimes,7,"['Paper', 'Plastic']",260,frequently,1786
public,No Vehicle,714,Sometimes,1,['Paper'],189,rarely,1657
public,No Vehicle,1047,Yes,6,"['Paper', 'Metal']",152,never,1434
public,No Vehicle,1276,No,5,"['Paper', 'Plastic', 'Metal']",226,very frequently,2738
private,hybrid,7656,Sometimes,5,"['Plastic', 'Glass']",87,very frequently,4633
public,No Vehicle,302,No,5,"['Paper', 'Plastic']",82,very frequently,2808
walk/bicycle,No Vehicle,76,Sometimes,5,"['Paper', 'Plastic', 'Metal']",96,rarely,1609
public,No Vehicle,1693,No,6,"['Plastic', 'Metal']",230,frequently,2626
walk/bicycle,No Vehicle,6,Yes,6,['Paper'],198,never,1908
walk/bicycle,No Vehicle,4,Yes,6,"['Glass', 'Metal']",134,very frequently,3131
public,No Vehicle,883,Yes,2,['Plastic'],244,frequently,2255
public,No Vehicle,1202,No,3,"['Plastic', 'Glass', 'Metal']",151,rarely,783
private,lpg,1536,Sometimes,5,['Metal'],73,never,1518
walk/bicycle,No Vehicle,47,Yes,6,"['Glass', 'Metal']",135,rarely,1692
public,No Vehicle,541,No,7,['Plastic'],119,very frequently,4038
walk/bicycle,No Vehicle,92,Yes,1,['Glass'],117,never,1417
private,lpg,3183,Sometimes,4,"['Plastic', 'Glass']",268,very frequently,2509
private,electric,6192,Yes,5,"['Paper', 'Metal']",93,rarely,1103
walk/bicycle,No Vehicle,68,Sometimes,3,"['Paper', 'Plastic', 'Glass', 'Metal']",276,very frequently,2580
public,No Vehicle,1688,Sometimes,4,['Metal'],94,rarely,1914
private,hybrid,11,No,3,"['Paper', 'Plastic', 'Glass', 'Metal']",197,rarely,751
private,lpg,2119,Sometimes,2,[],162,rarely,2366
walk/bicycle,No Vehicle,75,Yes,4,"['Plastic', 'Glass', 'Metal']",101,never,758
private,hybrid,2180,Yes,4,[],92,rarely,1781
private,petrol,8931,Yes,4,"['Paper', 'Metal']",62,very frequently,5517
public,No Vehicle,1490,No,6,"['Plastic', 'Metal']",228,never,2199
public,No Vehicle,272,Sometimes,2,['Metal'],130,rarely,1204
private,petrol,5095,Yes,2,['Metal'],205,very frequently,4320
public,No Vehicle,1388,Sometimes,5,"['Paper', 'Plastic', 'Glass']",278,rarely,1622
public,No Vehicle,1993,Yes,6,"['Plastic', 'Glass', 'Metal']",153,never,1347
walk/bicycle,No Vehicle,23,Sometimes,7,"['Paper', 'Plastic', 'Glass', 'Metal']",179,frequently,1899
public,No Vehicle,1785,Sometimes,6,"['Paper', 'Metal']",161,rarely,1870
private,electric,7557,No,4,"['Paper', 'Plastic', 'Metal']",173,rarely,1489
walk/bicycle,No Vehicle,27,Yes,3,"['Plastic', 'Glass']",188,very frequently,2210
public,No Vehicle,1801,Sometimes,2,"['Plastic', 'Glass', 'Metal']",176,very frequently,2749
public,No Vehicle,1766,No,2,[],177,very frequently,2861
walk/bicycle,No Vehicle,79,Yes,7,"['Paper', 'Plastic']",70,very frequently,2438
walk/bicycle,No Vehicle,22,No,4,['Paper'],158,frequently,1872
public,No Vehicle,1928,No,6,"['Paper', 'Glass', 'Metal']",106,rarely,2001
walk/bicycle,No Vehicle,50,No,6,['Plastic'],105,rarely,1573
private,hybrid,3162,No,3,"['Paper', 'Plastic', 'Glass', 'Metal']",100,very frequently,2773
walk/bicycle,No Vehicle,81,Sometimes,5,"['Paper', 'Glass']",185,rarely,1765
walk/bicycle,No Vehicle,69,No,3,"['Paper', 'Plastic']",297,frequently,1776
private,electric,1919,Sometimes,3,['Plastic'],102,never,2253
walk/bicycle,No Vehicle,69,Sometimes,5,"['Glass', 'Metal']",220,very frequently,3498
public,No Vehicle,819,Sometimes,4,"['Plastic', 'Glass', 'Metal']",143,frequently,2010
walk/bicycle,No Vehicle,6,Yes,6,"['Plastic', 'Glass', 'Metal']",208,frequently,2299
walk/bicycle,No Vehicle,92,No,7,[],106,frequently,2774
walk/bicycle,No Vehicle,13,Yes,3,"['Paper', 'Plastic', 'Metal']",60,never,1755
walk/bicycle,No Vehicle,69,No,3,['Plastic'],76,frequently,2571
public,No Vehicle,1024,No,2,['Paper'],233,rarely,1548
public,No Vehicle,408,No,7,['Metal'],185,frequently,2538
public,No Vehicle,1319,Sometimes,3,"['Paper', 'Glass']",297,never,1281
private,lpg,7598,Sometimes,5,"['Paper', 'Glass', 'Metal']",202,never,3590
public,No Vehicle,1062,No,4,['Glass'],257,very frequently,3320
walk/bicycle,No Vehicle,12,No,1,"['Paper', 'Metal']",272,never,738
walk/bicycle,No Vehicle,19,Sometimes,7,['Glass'],274,very frequently,3147
public,No Vehicle,1004,Yes,1,['Glass'],148,frequently,2461
private,diesel,7363,Yes,1,[],178,rarely,3029
walk/bicycle,No Vehicle,68,Sometimes,1,[],258,rarely,1739
walk/bicycle,No Vehicle,55,Sometimes,6,"['Paper', 'Glass']",263,rarely,1621
public,No Vehicle,1785,Sometimes,1,['Glass'],193,rarely,1769
public,No Vehicle,376,Sometimes,5,"['Plastic', 'Glass', 'Metal']",98,never,1151
public,No Vehicle,1516,No,6,"['Plastic', 'Glass']",292,very frequently,3180
walk/bicycle,No Vehicle,65,No,6,"['Paper', 'Metal']",105,rarely,1065
walk/bicycle,No Vehicle,20,No,2,[],227,never,2280
walk/bicycle,No Vehicle,98,No,5,"['Paper', 'Metal']",136,frequently,2410
private,hybrid,288,Yes,2,"['Paper', 'Plastic', 'Metal']",50,never,1042
private,hybrid,4998,Yes,4,[],116,rarely,2386
private,diesel,1340,Sometimes,2,['Paper'],91,rarely,1414
public,No Vehicle,1507,Sometimes,3,"['Paper', 'Glass', 'Metal']",202,never,1024
walk/bicycle,No Vehicle,38,No,2,['Paper'],114,frequently,1694
private,hybrid,9798,No,6,"['Paper', 'Glass', 'Metal']",240,rarely,3170
walk/bicycle,No Vehicle,40,Sometimes,6,[],155,rarely,1833
walk/bicycle,No Vehicle,19,Sometimes,4,"['Paper', 'Plastic', 'Glass']",267,very frequently,2912
public,No Vehicle,1386,No,7,"['Paper', 'Plastic']",110,never,2327
walk/bicycle,No Vehicle,71,Sometimes,7,['Glass'],191,very frequently,2124
public,No Vehicle,1767,No,3,"['Plastic', 'Glass', 'Metal']",69,never,1483
walk/bicycle,No Vehicle,24,Yes,3,"['Paper', 'Plastic', 'Glass']",289,frequently,1913
private,diesel,1658,Yes,3,"['Paper', 'Glass']",57,frequently,2228
walk/bicycle,No Vehicle,1,No,7,"['Glass', 'Metal']",285,never,2283
walk/bicycle,No Vehicle,55,No,5,"['Paper', 'Plastic']",272,very frequently,2945
private,lpg,5964,Sometimes,4,[],87,frequently,3176
walk/bicycle,No Vehicle,28,Sometimes,1,"['Paper', 'Plastic']",92,never,1236
private,hybrid,7304,Sometimes,3,"['Paper', 'Plastic']",266,frequently,2693
walk/bicycle,No Vehicle,28,Sometimes,1,"['Paper', 'Glass', 'Metal']",234,frequently,1809
walk/bicycle,No Vehicle,24,No,3,"['Paper', 'Glass', 'Metal']",89,very frequently,2055
public,No Vehicle,658,Sometimes,1,"['Paper', 'Plastic', 'Metal']",279,frequently,1320
walk/bicycle,No Vehicle,34,Yes,3,['Metal'],278,rarely,1344
walk/bicycle,No Vehicle,80,No,1,"['Paper', 'Plastic', 'Glass']",288,rarely,1532
public,No Vehicle,996,Sometimes,5,"['Glass', 'Metal']",185,frequently,2306
public,No Vehicle,1993,Sometimes,4,[],298,never,2430
walk/bicycle,No Vehicle,80,No,4,"['Paper', 'Plastic', 'Glass', 'Metal']",124,rarely,846
private,petrol,6574,No,5,"['Paper', 'Plastic', 'Glass', 'Metal']",228,never,3263
walk/bicycle,No Vehicle,2,Yes,6,"['Paper', 'Plastic', 'Glass', 'Metal']",235,very frequently,2424
public,No Vehicle,1697,Yes,5,"['Plastic', 'Glass']",80,never,1171
walk/bicycle,No Vehicle,20,Yes,2,['Paper'],202,rarely,1289
private,lpg,8770,Sometimes,1,['Plastic'],218,rarely,3716
public,No Vehicle,111,Yes,7,"['Paper', 'Plastic', 'Glass']",145,very frequently,2967
public,No Vehicle,74,Yes,7,"['Paper', 'Plastic']",131,very frequently,2457
walk/bicycle,No Vehicle,41,No,6,"['Plastic', 'Metal']",204,never,2845
private,diesel,8194,Yes,6,"['Paper', 'Glass', 'Metal']",163,very frequently,4790
public,No Vehicle,203,Sometimes,5,"['Paper', 'Plastic', 'Metal']",287,very frequently,2179
private,lpg,5074,No,7,"['Paper', 'Metal']",213,rarely,4622
walk/bicycle,No Vehicle,20,Yes,1,['Plastic'],233,never,1964
public,No Vehicle,551,Yes,6,[],144,never,1351
walk/bicycle,No Vehicle,86,Sometimes,4,"['Plastic', 'Glass', 'Metal']",245,rarely,1125
private,petrol,8922,Yes,4,"['Plastic', 'Glass', 'Metal']",150,frequently,7033
public,No Vehicle,1412,Yes,1,['Glass'],154,rarely,1591
public,No Vehicle,616,No,3,['Glass'],60,frequently,1711
public,No Vehicle,998,Sometimes,3,"['Paper', 'Plastic', 'Glass', 'Metal']",73,frequently,1095
private,hybrid,2791,No,5,['Plastic'],182,very frequently,3326
walk/bicycle,No Vehicle,45,Sometimes,7,['Paper'],192,very frequently,2127
private,diesel,6207,Yes,7,"['Paper', 'Metal']",259,frequently,2929
public,No Vehicle,1960,Sometimes,1,"['Glass', 'Metal']",210,very frequently,2161
private,petrol,1614,Yes,1,"['Paper', 'Plastic', 'Glass', 'Metal']",96,frequently,1952
private,electric,5175,Yes,6,['Glass'],187,rarely,1650
public,No Vehicle,952,No,7,"['Paper', 'Plastic', 'Glass']",84,rarely,1672
private,hybrid,5738,Sometimes,3,"['Paper', 'Plastic', 'Metal']",132,rarely,2240
private,hybrid,8317,Sometimes,6,['Paper'],141,rarely,3238
walk/bicycle,No Vehicle,11,No,7,"['Paper', 'Plastic', 'Metal']",275,rarely,2045
walk/bicycle,No Vehicle,52,Yes,6,"['Paper', 'Plastic', 'Glass']",269,very frequently,2563
public,No Vehicle,833,Sometimes,7,"['Plastic', 'Glass']",176,very frequently,3094
public,No Vehicle,452,Sometimes,4,"['Paper', 'Plastic']",55,frequently,1499
public,No Vehicle,590,Yes,1,"['Paper', 'Glass']",158,rarely,1171
public,No Vehicle,1840,Sometimes,2,['Glass'],157,never,1814
private,lpg,1060,No,1,[],296,frequently,2376
private,hybrid,5074,Yes,1,"['Plastic', 'Glass']",108,never,1818
public,No Vehicle,1134,No,3,"['Paper', 'Plastic', 'Glass']",176,rarely,1559
private,electric,1518,Sometimes,2,"['Plastic', 'Metal']",60,frequently,2458
public,No Vehicle,1801,Yes,5,"['Paper', 'Plastic']",138,very frequently,2646
public,No Vehicle,1903,Yes,4,['Glass'],202,rarely,1447
public,No Vehicle,770,Yes,4,"['Paper', 'Glass', 'Metal']",60,never,971
walk/bicycle,No Vehicle,0,Yes,4,['Metal'],185,frequently,1346
walk/bicycle,No Vehicle,10,Sometimes,1,"['Paper', 'Metal']",205,rarely,1514
private,hybrid,2801,Sometimes,7,"['Plastic', 'Glass']",212,rarely,2738
private,diesel,8272,Sometimes,4,"['Plastic', 'Glass']",69,frequently,4981
walk/bicycle,No Vehicle,85,No,7,"['Paper', 'Plastic', 'Metal']",81,very frequently,2871
public,No Vehicle,785,No,7,['Glass'],109,frequently,3062
private,electric,9740,No,2,"['Paper', 'Metal']",294,never,1041
public,No Vehicle,434,Sometimes,3,"['Paper', 'Plastic', 'Glass']",217,frequently,1614
walk/bicycle,No Vehicle,31,No,7,"['Paper', 'Glass', 'Metal']",247,never,1243
public,No Vehicle,1262,No,4,"['Paper', 'Plastic', 'Glass', 'Metal']",77,never,998
walk/bicycle,No Vehicle,82,No,3,"['Paper', 'Plastic', 'Metal']",208,very frequently,3383
public,No Vehicle,324,No,3,['Paper'],200,rarely,1553
walk/bicycle,No Vehicle,79,No,2,['Glass'],98,rarely,1255
private,petrol,4579,Yes,6,"['Glass', 'Metal']",185,frequently,2839
walk/bicycle,No Vehicle,9,Sometimes,3,['Plastic'],203,rarely,1920
private,petrol,6734,No,6,['Glass'],292,never,4102
private,hybrid,2226,Yes,3,['Paper'],134,rarely,1807
public,No Vehicle,895,Yes,6,['Metal'],217,rarely,1550
public,No Vehicle,1383,Sometimes,3,"['Paper', 'Plastic', 'Glass', 'Metal']",118,frequently,2033
walk/bicycle,No Vehicle,8,Sometimes,5,['Glass'],84,rarely,1828
walk/bicycle,No Vehicle,39,No,6,"['Plastic', 'Glass', 'Metal']",283,very frequently,3053
walk/bicycle,No Vehicle,57,Yes,1,"['Plastic', 'Glass', 'Metal']",265,rarely,1320
public,No Vehicle,407,No,3,"['Glass', 'Metal']",201,very frequently,2109
private,hybrid,414,Yes,4,['Plastic'],265,rarely,1715
walk/bicycle,No Vehicle,69,No,7,"['Paper', 'Plastic', 'Glass', 'Metal']",84,never,1124
private,hybrid,6926,Yes,2,"['Paper', 'Glass']",102,rarely,1939
public,No Vehicle,361,No,2,"['Paper', 'Metal']",249,never,888
public,No Vehicle,1496,Sometimes,1,"['Paper', 'Plastic']",170,rarely,2379
walk/bicycle,No Vehicle,59,No,6,"['Paper', 'Plastic', 'Glass', 'Metal']",75,frequently,1971
public,No Vehicle,752,No,1,"['Paper', 'Glass']",121,very frequently,2268
private,diesel,8003,Yes,7,"['Plastic', 'Glass']",228,rarely,4299
private,hybrid,5308,Yes,5,['Plastic'],196,rarely,2297
public,No Vehicle,235,No,5,"['Paper', 'Glass']",121,rarely,1213
private,diesel,6512,Sometimes,1,"['Paper', 'Metal']",227,frequently,4048
walk/bicycle,No Vehicle,7,No,2,"['Plastic', 'Metal']",287,rarely,1950
public,No Vehicle,1901,No,5,"['Glass', 'Metal']",58,rarely,1149
public,No Vehicle,1334,Yes,4,"['Paper', 'Glass', 'Metal']",114,never,1365
private,electric,6840,No,7,"['Paper', 'Glass']",219,rarely,1966
walk/bicycle,No Vehicle,70,Sometimes,2,['Plastic'],57,very frequently,1965
private,diesel,3371,Sometimes,6,"['Paper', 'Glass', 'Metal']",133,very frequently,3934
private,petrol,8669,Sometimes,5,"['Plastic', 'Metal']",183,never,4684
walk/bicycle,No Vehicle,70,Yes,4,"['Paper', 'Glass']",128,frequently,1564
public,No Vehicle,98,Yes,5,[],281,frequently,2677
walk/bicycle,No Vehicle,22,Yes,7,"['Plastic', 'Glass', 'Metal']",242,rarely,1101
walk/bicycle,No Vehicle,96,No,4,['Plastic'],208,very frequently,3189
public,No Vehicle,282,Yes,1,['Paper'],255,rarely,1279
private,petrol,4501,Yes,1,"['Paper', 'Plastic', 'Glass', 'Metal']",241,very frequently,4878
public,No Vehicle,1561,No,4,"['Plastic', 'Metal']",63,rarely,1547
private,hybrid,7084,Sometimes,6,['Paper'],261,never,2398
private,hybrid,2258,Yes,4,"['Paper', 'Plastic', 'Metal']",217,very frequently,2717
private,hybrid,8070,No,1,"['Paper', 'Glass']",155,rarely,2671
walk/bicycle,No Vehicle,37,Yes,7,['Plastic'],234,never,1209
private,lpg,5123,Yes,1,"['Plastic', 'Metal']",151,very frequently,3566
walk/bicycle,No Vehicle,15,No,5,['Metal'],285,never,1737
walk/bicycle,No Vehicle,5,Sometimes,4,"['Glass', 'Metal']",143,rarely,1007
private,petrol,7584,Yes,5,"['Paper', 'Glass']",168,frequently,4851
walk/bicycle,No Vehicle,12,Sometimes,5,['Glass'],129,never,1459
private,lpg,3287,No,7,[],95,rarely,3073
public,No Vehicle,1980,No,1,"['Plastic', 'Glass', 'Metal']",224,never,916
private,electric,520,Sometimes,3,"['Plastic', 'Metal']",104,frequently,2214
private,petrol,353,Sometimes,3,"['Plastic', 'Glass']",221,rarely,1469
public,No Vehicle,1002,No,1,"['Paper', 'Glass']",172,frequently,1674
private,electric,1059,No,6,"['Plastic', 'Glass', 'Metal']",185,never,1308
private,electric,1454,Yes,1,"['Plastic', 'Metal']",290,never,1386
public,No Vehicle,408,Yes,5,"['Plastic', 'Metal']",66,frequently,1663
private,diesel,42,No,3,"['Paper', 'Plastic', 'Glass', 'Metal']",60,very frequently,1912
private,electric,4955,No,5,"['Paper', 'Plastic', 'Glass', 'Metal']",225,frequently,1828
walk/bicycle,No Vehicle,10,No,6,"['Paper', 'Plastic']",85,very frequently,3346
private,lpg,2430,No,4,"['Paper', 'Plastic']",65,frequently,3340
public,No Vehicle,840,Yes,5,"['Paper', 'Plastic']",83,frequently,2446
walk/bicycle,No Vehicle,93,Yes,4,"['Paper', 'Plastic']",251,very frequently,2300
private,diesel,5608,Yes,4,['Plastic'],85,frequently,2859
walk/bicycle,No Vehicle,39,Sometimes,2,"['Paper', 'Plastic', 'Glass']",235,frequently,1876
walk/bicycle,No Vehicle,16,No,3,['Paper'],126,never,1335
public,No Vehicle,426,Yes,6,"['Paper', 'Plastic', 'Glass', 'Metal']",279,never,1320
public,No Vehicle,1234,No,1,['Paper'],184,frequently,2200
public,No Vehicle,1489,Sometimes,5,"['Plastic', 'Glass', 'Metal']",185,rarely,1249
private,hybrid,2583,Yes,5,['Metal'],79,very frequently,3074
private,electric,115,No,2,"['Plastic', 'Glass']",120,very frequently,2509
walk/bicycle,No Vehicle,53,Sometimes,4,"['Plastic', 'Glass', 'Metal']",112,very frequently,2524
public,No Vehicle,1555,Sometimes,4,[],114,never,1351
private,lpg,8169,Yes,6,"['Paper', 'Plastic', 'Glass']",271,rarely,4550
walk/bicycle,No Vehicle,28,No,1,"['Plastic', 'Glass']",275,never,1440
public,No Vehicle,505,Yes,2,"['Paper', 'Plastic']",253,never,1607
public,No Vehicle,948,Yes,5,"['Plastic', 'Metal']",158,never,1560
public,No Vehicle,712,Sometimes,1,"['Glass', 'Metal']",247,never,675
private,electric,3363,Yes,6,"['Plastic', 'Metal']",109,very frequently,2971
walk/bicycle,No Vehicle,49,Sometimes,1,"['Paper', 'Metal']",271,never,1075
walk/bicycle,No Vehicle,11,Sometimes,6,"['Paper', 'Plastic', 'Glass']",294,rarely,1528
private,petrol,9096,Sometimes,2,"['Paper', 'Glass']",87,very frequently,7226
private,diesel,8948,Yes,1,"['Paper', 'Metal']",88,very frequently,3495
walk/bicycle,No Vehicle,43,Yes,2,[],91,rarely,1537
walk/bicycle,No Vehicle,2,No,6,"['Glass', 'Metal']",227,very frequently,3189
private,petrol,9739,No,1,"['Paper', 'Plastic', 'Glass', 'Metal']",246,very frequently,7337
public,No Vehicle,546,Sometimes,5,"['Paper', 'Metal']",162,frequently,2936
public,No Vehicle,1316,Yes,4,"['Plastic', 'Glass', 'Metal']",170,frequently,2344
private,diesel,1212,No,1,"['Paper', 'Plastic', 'Glass', 'Metal']",97,rarely,2097
walk/bicycle,No Vehicle,17,Yes,5,"['Paper', 'Glass', 'Metal']",155,very frequently,2760
private,lpg,7011,Sometimes,2,"['Paper', 'Plastic']",121,never,3131
public,No Vehicle,1056,Yes,1,"['Paper', 'Glass']",294,very frequently,1960
private,electric,7892,No,3,"['Paper', 'Plastic', 'Glass']",202,frequently,2349
public,No Vehicle,657,Yes,2,['Paper'],275,never,1557
walk/bicycle,No Vehicle,40,Sometimes,3,"['Paper', 'Plastic', 'Glass']",289,rarely,919
public,No Vehicle,1191,Sometimes,1,"['Paper', 'Glass', 'Metal']",246,never,952
private,electric,2434,Sometimes,5,"['Paper', 'Plastic']",107,rarely,2057
private,electric,8052,Yes,1,['Plastic'],132,very frequently,2415
private,diesel,740,Sometimes,1,['Glass'],222,frequently,2405
private,lpg,3370,No,2,"['Paper', 'Plastic']",286,rarely,2457
private,petrol,1041,Sometimes,2,"['Paper', 'Plastic']",133,never,1780
private,electric,8941,No,4,"['Paper', 'Plastic']",82,never,1510
private,petrol,8541,Sometimes,4,"['Paper', 'Plastic', 'Metal']",156,frequently,4506
public,No Vehicle,353,No,3,"['Plastic', 'Metal']",172,frequently,2584
walk/bicycle,No Vehicle,65,No,1,"['Paper', 'Plastic']",66,frequently,1563
private,petrol,1904,No,4,"['Paper', 'Plastic']",259,very frequently,4171
private,electric,6819,Yes,4,[],76,frequently,2207
private,lpg,6673,No,4,"['Paper', 'Plastic']",91,never,2679
walk/bicycle,No Vehicle,3,No,4,"['Paper', 'Plastic', 'Glass']",169,never,1213
public,No Vehicle,245,No,4,"['Plastic', 'Glass', 'Metal']",296,frequently,2280
private,diesel,1589,Sometimes,7,"['Glass', 'Metal']",257,rarely,1922
private,petrol,1047,No,7,"['Plastic', 'Glass', 'Metal']",152,never,2605
private,hybrid,269,Yes,6,"['Plastic', 'Glass', 'Metal']",136,rarely,1605
private,petrol,8073,Yes,3,"['Paper', 'Plastic', 'Glass']",148,rarely,4185
walk/bicycle,No Vehicle,60,Sometimes,7,['Plastic'],154,frequently,3221
walk/bicycle,No Vehicle,10,Sometimes,1,"['Paper', 'Plastic', 'Glass']",293,never,412
walk/bicycle,No Vehicle,83,No,4,['Plastic'],238,very frequently,2919
private,petrol,6059,No,2,['Paper'],296,frequently,4078
private,hybrid,7238,No,2,"['Paper', 'Plastic', 'Metal']",73,frequently,2589
private,hybrid,7115,No,4,"['Paper', 'Plastic', 'Glass', 'Metal']",160,rarely,2515
private,electric,8530,Yes,2,"['Paper', 'Metal']",270,very frequently,1948
walk/bicycle,No Vehicle,6,Yes,6,"['Paper', 'Metal']",276,never,2233
private,hybrid,8874,No,4,['Metal'],122,never,2435
public,No Vehicle,762,No,1,[],199,very frequently,2867
public,No Vehicle,263,Yes,2,"['Plastic', 'Glass', 'Metal']",202,never,1554
walk/bicycle,No Vehicle,56,Sometimes,3,"['Plastic', 'Metal']",155,never,976
public,No Vehicle,1218,Yes,2,[],258,never,1846
public,No Vehicle,1190,Yes,4,"['Glass', 'Metal']",94,never,1220
public,No Vehicle,1340,Sometimes,4,"['Plastic', 'Metal']",245,very frequently,2243
public,No Vehicle,419,No,3,"['Plastic', 'Glass']",118,rarely,1792
private,electric,8383,No,4,['Glass'],294,never,1484
walk/bicycle,No Vehicle,51,Sometimes,1,"['Glass', 'Metal']",71,rarely,1292
walk/bicycle,No Vehicle,71,Sometimes,6,"['Plastic', 'Glass', 'Metal']",125,never,1858
private,hybrid,4671,No,6,"['Plastic', 'Glass']",231,very frequently,3571
private,electric,3320,Yes,2,['Metal'],158,very frequently,2599
public,No Vehicle,144,Sometimes,2,"['Paper', 'Plastic', 'Glass']",84,very frequently,2712
public,No Vehicle,865,Yes,1,"['Paper', 'Glass']",224,very frequently,1965
private,lpg,185,Sometimes,1,['Glass'],73,frequently,1349
public,No Vehicle,1059,Yes,5,['Paper'],290,very frequently,3075
public,No Vehicle,1943,Sometimes,7,"['Paper', 'Plastic']",202,never,2465
walk/bicycle,No Vehicle,91,No,1,"['Plastic', 'Glass', 'Metal']",277,never,1309
public,No Vehicle,1214,Yes,2,"['Glass', 'Metal']",286,rarely,1345
public,No Vehicle,421,Yes,7,['Paper'],235,frequently,1869
walk/bicycle,No Vehicle,61,Sometimes,4,"['Plastic', 'Metal']",57,rarely,775
private,petrol,5642,Yes,3,"['Paper', 'Plastic', 'Metal']",247,rarely,3959
private,electric,6428,Yes,1,"['Paper', 'Plastic', 'Glass', 'Metal']",91,very frequently,2333
public,No Vehicle,490,No,3,"['Plastic', 'Glass']",140,rarely,1137
private,electric,1927,Sometimes,2,"['Paper', 'Plastic']",235,never,1599
walk/bicycle,No Vehicle,60,Sometimes,1,['Glass'],52,frequently,1392
private,electric,6181,Yes,7,"['Paper', 'Metal']",66,rarely,1588
public,No Vehicle,1134,No,2,"['Plastic', 'Metal']",109,very frequently,2388
private,diesel,6441,No,3,"['Plastic', 'Glass']",82,rarely,3655
public,No Vehicle,645,Sometimes,1,['Metal'],299,frequently,2369
public,No Vehicle,15,No,7,"['Plastic', 'Glass']",252,never,1344
walk/bicycle,No Vehicle,4,Yes,5,"['Glass', 'Metal']",64,very frequently,1792
walk/bicycle,No Vehicle,53,Sometimes,3,['Plastic'],141,very frequently,3125
public,No Vehicle,1387,Yes,2,"['Paper', 'Glass', 'Metal']",236,frequently,2106
walk/bicycle,No Vehicle,39,Sometimes,1,"['Paper', 'Glass', 'Metal']",57,frequently,1309
private,electric,3002,No,3,['Glass'],232,very frequently,2415
walk/bicycle,No Vehicle,71,No,4,"['Paper', 'Plastic', 'Metal']",203,frequently,2711
private,electric,3175,Sometimes,1,"['Glass', 'Metal']",258,rarely,1290
walk/bicycle,No Vehicle,91,Yes,2,"['Paper', 'Plastic', 'Metal']",179,never,694
walk/bicycle,No Vehicle,50,Sometimes,1,"['Glass', 'Metal']",230,never,910
public,No Vehicle,804,No,2,['Plastic'],112,frequently,2485
private,hybrid,3754,Sometimes,6,"['Glass', 'Metal']",152,rarely,1757
public,No Vehicle,25,Yes,7,"['Paper', 'Metal']",249,very frequently,2153
private,diesel,2635,No,1,"['Glass', 'Metal']",160,never,2031
public,No Vehicle,1427,No,6,['Glass'],56,rarely,1477
walk/bicycle,No Vehicle,73,No,6,"['Paper', 'Plastic', 'Glass']",94,very frequently,2085
walk/bicycle,No Vehicle,88,Sometimes,6,"['Paper', 'Metal']",193,rarely,1210
walk/bicycle,No Vehicle,31,Yes,5,['Metal'],121,rarely,1898
public,No Vehicle,1495,No,4,"['Paper', 'Plastic', 'Glass']",243,frequently,1785
private,petrol,9933,No,3,"['Paper', 'Plastic']",119,frequently,4824
private,hybrid,8869,Yes,6,"['Paper', 'Plastic', 'Glass', 'Metal']",172,frequently,2281
private,petrol,3468,Yes,4,"['Paper', 'Glass', 'Metal']",238,never,2416
public,No Vehicle,916,No,5,['Glass'],166,never,1394
walk/bicycle,No Vehicle,63,No,2,"['Plastic', 'Glass', 'Metal']",79,never,1308
walk/bicycle,No Vehicle,25,Sometimes,1,"['Paper', 'Plastic', 'Metal']",118,never,878
public,No Vehicle,1779,No,1,['Metal'],65,rarely,1293
private,petrol,9759,Yes,6,"['Plastic', 'Glass']",107,frequently,5424
public,No Vehicle,1669,Sometimes,1,[],94,very frequently,2600
walk/bicycle,No Vehicle,2,Sometimes,5,"['Paper', 'Metal']",278,never,1071
public,No Vehicle,1292,No,1,['Glass'],79,frequently,1767
public,No Vehicle,1011,Yes,6,['Metal'],267,frequently,2324
public,No Vehicle,1182,Yes,6,"['Paper', 'Glass', 'Metal']",294,very frequently,3606
public,No Vehicle,982,Yes,2,['Plastic'],166,rarely,1683
private,hybrid,4222,Yes,5,"['Glass', 'Metal']",226,frequently,2262
public,No Vehicle,1065,No,5,"['Paper', 'Plastic']",240,frequently,1942
walk/bicycle,No Vehicle,83,No,6,"['Paper', 'Plastic', 'Glass']",253,very frequently,1860
private,petrol,7598,No,6,[],56,never,4462
walk/bicycle,No Vehicle,9,Sometimes,2,['Glass'],273,very frequently,2031
walk/bicycle,No Vehicle,7,Yes,4,"['Paper', 'Glass', 'Metal']",266,frequently,1546
public,No Vehicle,833,Sometimes,5,[],202,never,1475
private,diesel,4136,No,2,"['Paper', 'Metal']",170,very frequently,4105
walk/bicycle,No Vehicle,20,Yes,5,[],178,never,1405
walk/bicycle,No Vehicle,45,No,4,"['Glass', 'Metal']",297,never,2070
public,No Vehicle,853,No,2,['Plastic'],88,very frequently,2573
private,electric,1388,Sometimes,4,"['Glass', 'Metal']",80,never,1471
public,No Vehicle,718,No,7,"['Paper', 'Metal']",290,very frequently,3427
walk/bicycle,No Vehicle,43,Sometimes,3,"['Paper', 'Glass', 'Metal']",238,rarely,1152
public,No Vehicle,97,Yes,3,"['Plastic', 'Metal']",85,rarely,1165
public,No Vehicle,1149,Sometimes,3,[],136,very frequently,2682
private,lpg,4917,No,7,"['Paper', 'Plastic', 'Glass', 'Metal']",95,never,2634
private,diesel,3038,No,7,['Paper'],213,frequently,2541
walk/bicycle,No Vehicle,16,No,4,"['Paper', 'Plastic', 'Metal']",254,rarely,1160
private,petrol,1657,No,2,"['Plastic', 'Metal']",298,rarely,2431
walk/bicycle,No Vehicle,49,No,5,['Plastic'],126,very frequently,3685
walk/bicycle,No Vehicle,65,Sometimes,6,"['Paper', 'Plastic', 'Glass', 'Metal']",76,frequently,2133
private,petrol,2439,No,3,['Paper'],95,very frequently,2799
public,No Vehicle,205,Sometimes,5,"['Paper', 'Plastic', 'Metal']",233,never,1682
walk/bicycle,No Vehicle,20,No,1,"['Paper', 'Plastic', 'Metal']",168,frequently,1306
walk/bicycle,No Vehicle,86,Sometimes,2,['Paper'],169,very frequently,2006
public,No Vehicle,149,Yes,6,['Paper'],190,frequently,3537
walk/bicycle,No Vehicle,70,Sometimes,1,"['Plastic', 'Metal']",129,very frequently,2993
private,diesel,9151,Yes,7,['Metal'],295,frequently,4359
walk/bicycle,No Vehicle,92,Yes,4,[],188,very frequently,2528
walk/bicycle,No Vehicle,5,Sometimes,2,['Metal'],202,frequently,1851
public,No Vehicle,1295,No,7,"['Plastic', 'Glass']",271,frequently,2388
public,No Vehicle,1475,No,3,"['Paper', 'Metal']",53,never,1409
private,lpg,1197,No,6,"['Plastic', 'Glass', 'Metal']",132,rarely,1890
public,No Vehicle,1467,Sometimes,4,"['Glass', 'Metal']",130,very frequently,3110
private,lpg,1526,Yes,2,['Paper'],121,rarely,1373
private,electric,4621,Sometimes,4,['Glass'],89,never,2029
private,lpg,3953,No,6,['Metal'],175,very frequently,4064
walk/bicycle,No Vehicle,60,Sometimes,1,[],59,never,973
walk/bicycle,No Vehicle,68,Yes,2,"['Paper', 'Glass']",88,frequently,1265
private,electric,2184,No,6,['Glass'],213,rarely,2218
walk/bicycle,No Vehicle,3,Sometimes,5,['Paper'],222,frequently,1727
public,No Vehicle,1707,Sometimes,1,['Metal'],268,frequently,1865
private,diesel,1655,No,6,"['Glass', 'Metal']",115,very frequently,2500
private,diesel,5746,No,7,"['Paper', 'Glass']",294,very frequently,5098
public,No Vehicle,1166,Sometimes,5,['Plastic'],248,rarely,1674
private,hybrid,1844,Yes,7,"['Paper', 'Plastic', 'Glass', 'Metal']",112,very frequently,2011
walk/bicycle,No Vehicle,66,Sometimes,7,['Paper'],100,very frequently,2774
walk/bicycle,No Vehicle,9,Yes,4,"['Plastic', 'Glass']",298,never,1101
private,lpg,8133,No,4,[],243,rarely,4372
public,No Vehicle,1893,Yes,2,"['Plastic', 'Glass']",139,rarely,1686
walk/bicycle,No Vehicle,59,No,7,"['Paper', 'Plastic']",232,very frequently,2361
private,petrol,6388,Sometimes,3,[],170,frequently,4605
public,No Vehicle,678,No,1,"['Paper', 'Glass', 'Metal']",173,frequently,1841
private,diesel,4861,Sometimes,6,"['Plastic', 'Glass']",151,frequently,3459
private,electric,1098,Yes,6,['Paper'],220,rarely,1352
private,diesel,8031,No,1,"['Paper', 'Plastic']",287,rarely,3340
private,lpg,3597,Yes,6,"['Paper', 'Plastic', 'Glass', 'Metal']",254,very frequently,2906
walk/bicycle,No Vehicle,27,No,5,[],204,rarely,1443
private,petrol,2019,Yes,5,"['Paper', 'Plastic', 'Metal']",114,very frequently,2624
private,electric,4880,No,1,[],118,rarely,1513
public,No Vehicle,494,No,4,['Paper'],221,never,1141
public,No Vehicle,787,No,4,"['Paper', 'Plastic', 'Metal']",93,rarely,1745
walk/bicycle,No Vehicle,24,Yes,1,['Plastic'],159,never,940
public,No Vehicle,1529,Sometimes,2,"['Paper', 'Plastic']",204,frequently,2056
public,No Vehicle,1088,No,5,['Plastic'],272,very frequently,2814
public,No Vehicle,966,Sometimes,2,[],214,very frequently,3006
private,lpg,6691,Yes,5,"['Paper', 'Plastic', 'Glass', 'Metal']",262,frequently,4065
walk/bicycle,No Vehicle,49,Sometimes,7,['Glass'],227,very frequently,3159
public,No Vehicle,539,No,2,['Paper'],241,very frequently,2978
private,lpg,2411,Sometimes,7,['Glass'],74,never,2292
private,electric,5689,Sometimes,7,"['Glass', 'Metal']",116,never,2253
public,No Vehicle,421,Sometimes,7,['Metal'],162,frequently,2108
private,electric,625,Sometimes,1,['Paper'],217,rarely,1605
walk/bicycle,No Vehicle,63,No,7,['Metal'],269,frequently,2450
walk/bicycle,No Vehicle,15,No,7,"['Plastic', 'Glass', 'Metal']",63,very frequently,2691
public,No Vehicle,1986,Yes,2,"['Paper', 'Glass']",194,frequently,2713
walk/bicycle,No Vehicle,37,Sometimes,5,['Metal'],245,very frequently,3370
public,No Vehicle,1824,No,7,"['Paper', 'Glass']",106,never,1440
private,electric,3102,No,3,"['Glass', 'Metal']",88,rarely,1637
walk/bicycle,No Vehicle,6,Yes,1,"['Plastic', 'Glass']",193,never,876
walk/bicycle,No Vehicle,98,Yes,7,"['Paper', 'Metal']",265,rarely,1973
public,No Vehicle,723,No,6,"['Paper', 'Glass']",82,very frequently,2925
public,No Vehicle,1763,Yes,4,"['Paper', 'Plastic', 'Metal']",54,rarely,1157
walk/bicycle,No Vehicle,79,Yes,7,"['Paper', 'Plastic', 'Metal']",119,frequently,2249
private,lpg,8769,No,2,[],88,never,3406
public,No Vehicle,1979,Sometimes,1,"['Paper', 'Plastic', 'Metal']",156,never,1478
walk/bicycle,No Vehicle,48,No,2,"['Plastic', 'Glass']",228,frequently,2503
private,diesel,8909,Yes,4,['Metal'],266,rarely,3272
public,No Vehicle,1657,No,5,[],101,never,1791
walk/bicycle,No Vehicle,54,Yes,3,"['Glass', 'Metal']",128,rarely,1751
walk/bicycle,No Vehicle,45,Yes,5,"['Paper', 'Plastic']",296,never,1718
public,No Vehicle,1016,No,4,['Paper'],108,frequently,1963
private,petrol,1999,Sometimes,3,"['Paper', 'Glass']",294,very frequently,4741
public,No Vehicle,712,No,6,"['Paper', 'Plastic', 'Glass', 'Metal']",68,rarely,1323
public,No Vehicle,1779,Sometimes,3,"['Paper', 'Plastic', 'Glass', 'Metal']",126,never,921
private,diesel,3215,Sometimes,6,['Paper'],65,never,1636
public,No Vehicle,1624,No,3,['Plastic'],118,never,1473
public,No Vehicle,553,No,4,['Metal'],110,very frequently,3007
walk/bicycle,No Vehicle,93,Yes,6,"['Paper', 'Plastic', 'Metal']",203,very frequently,3500
walk/bicycle,No Vehicle,66,Yes,1,['Plastic'],185,frequently,2496
public,No Vehicle,1582,No,7,"['Plastic', 'Glass', 'Metal']",67,rarely,1352
private,petrol,7233,Yes,6,"['Paper', 'Plastic', 'Metal']",149,rarely,3764
private,diesel,1188,No,5,"['Paper', 'Glass']",183,rarely,1102
public,No Vehicle,1544,No,6,"['Paper', 'Plastic', 'Glass', 'Metal']",298,frequently,2337
public,No Vehicle,1045,Yes,2,"['Paper', 'Metal']",274,rarely,1341
private,lpg,9368,Yes,4,['Metal'],119,frequently,4656
walk/bicycle,No Vehicle,95,Sometimes,4,"['Plastic', 'Metal']",104,rarely,1372
public,No Vehicle,1105,No,2,"['Paper', 'Plastic', 'Glass']",92,rarely,1074
walk/bicycle,No Vehicle,89,No,6,"['Paper', 'Glass']",134,frequently,2047
private,hybrid,7827,No,2,['Metal'],144,frequently,3630
walk/bicycle,No Vehicle,23,Sometimes,5,"['Plastic', 'Glass']",291,rarely,2358
private,lpg,1300,Yes,5,"['Paper', 'Plastic']",159,very frequently,3423
public,No Vehicle,810,Yes,3,"['Paper', 'Glass', 'Metal']",110,never,851
walk/bicycle,No Vehicle,25,No,3,"['Paper', 'Plastic', 'Metal']",130,frequently,1628
walk/bicycle,No Vehicle,62,Yes,5,"['Glass', 'Metal']",56,frequently,1641
public,No Vehicle,1634,No,4,['Metal'],133,rarely,2032
private,hybrid,8366,Yes,6,"['Paper', 'Glass']",261,frequently,3287
private,diesel,9901,Sometimes,1,"['Paper', 'Plastic', 'Glass']",149,rarely,4765
public,No Vehicle,57,No,6,['Plastic'],285,rarely,2233
private,lpg,9662,No,2,['Paper'],50,never,3314
private,electric,4009,Sometimes,7,"['Paper', 'Plastic']",116,frequently,1937
public,No Vehicle,1877,No,6,"['Paper', 'Plastic']",178,never,1487
walk/bicycle,No Vehicle,20,No,6,['Plastic'],88,frequently,1458
private,electric,3438,Sometimes,6,"['Plastic', 'Metal']",117,frequently,1669
walk/bicycle,No Vehicle,95,No,2,['Paper'],195,never,819
walk/bicycle,No Vehicle,68,Yes,6,"['Paper', 'Plastic', 'Glass']",73,frequently,1155
public,No Vehicle,801,Yes,3,"['Plastic', 'Metal']",187,never,942
walk/bicycle,No Vehicle,61,Sometimes,3,"['Paper', 'Glass', 'Metal']",241,never,710
private,petrol,343,No,1,"['Plastic', 'Glass']",280,frequently,2200
walk/bicycle,No Vehicle,64,No,7,[],182,frequently,2206
public,No Vehicle,1656,Sometimes,6,['Glass'],112,frequently,2497
walk/bicycle,No Vehicle,92,No,1,"['Plastic', 'Metal']",299,very frequently,2387
public,No Vehicle,1062,No,2,"['Paper', 'Plastic', 'Glass']",67,never,535
public,No Vehicle,1292,No,6,['Metal'],70,rarely,1922
walk/bicycle,No Vehicle,10,Yes,4,"['Paper', 'Plastic', 'Glass', 'Metal']",58,frequently,1778
walk/bicycle,No Vehicle,78,No,4,['Glass'],51,rarely,1854
walk/bicycle,No Vehicle,74,Sometimes,2,"['Paper', 'Plastic']",175,frequently,2168
public,No Vehicle,1342,Sometimes,6,[],164,very frequently,2304
walk/bicycle,No Vehicle,19,Sometimes,7,"['Plastic', 'Glass']",117,never,1657
walk/bicycle,No Vehicle,66,Sometimes,1,['Glass'],159,rarely,1125
private,hybrid,7585,No,5,"['Paper', 'Metal']",67,never,2428
private,electric,1762,Sometimes,7,"['Paper', 'Plastic', 'Metal']",234,never,1685
walk/bicycle,No Vehicle,53,No,6,"['Paper', 'Plastic']",97,frequently,1831
walk/bicycle,No Vehicle,14,Yes,1,"['Paper', 'Plastic']",172,very frequently,3052
public,No Vehicle,931,Yes,7,"['Paper', 'Glass']",94,frequently,1725
public,No Vehicle,149,Sometimes,4,"['Plastic', 'Glass']",228,very frequently,3152
walk/bicycle,No Vehicle,25,Yes,3,['Plastic'],60,rarely,1067
private,hybrid,1952,Sometimes,2,"['Paper', 'Plastic', 'Glass']",143,rarely,1497
private,hybrid,932,Sometimes,6,['Glass'],134,very frequently,2669
private,hybrid,2924,Yes,2,"['Paper', 'Plastic', 'Glass']",97,very frequently,2423
walk/bicycle,No Vehicle,29,Sometimes,1,"['Paper', 'Plastic']",160,rarely,648
public,No Vehicle,1574,No,6,"['Plastic', 'Metal']",162,rarely,2335
walk/bicycle,No Vehicle,77,Sometimes,6,"['Plastic', 'Glass', 'Metal']",176,very frequently,1787
walk/bicycle,No Vehicle,62,Sometimes,6,[],281,frequently,2485
private,diesel,1884,Sometimes,4,['Paper'],275,never,1886
public,No Vehicle,452,Yes,7,['Metal'],109,rarely,1666
public,No Vehicle,1584,No,1,['Plastic'],267,never,1439
public,No Vehicle,1887,Yes,3,['Metal'],72,never,907
walk/bicycle,No Vehicle,30,Sometimes,4,['Paper'],237,rarely,1253
private,lpg,7506,Sometimes,5,"['Paper', 'Metal']",164,frequently,5533
public,No Vehicle,719,No,3,['Metal'],180,very frequently,1935
private,electric,2671,Sometimes,2,"['Paper', 'Glass', 'Metal']",65,rarely,1487
walk/bicycle,No Vehicle,89,Sometimes,3,[],104,rarely,1541
public,No Vehicle,401,Yes,6,[],86,rarely,2092
walk/bicycle,No Vehicle,58,No,4,"['Glass', 'Metal']",284,very frequently,2638
walk/bicycle,No Vehicle,56,No,4,"['Paper', 'Plastic', 'Metal']",207,very frequently,2504
walk/bicycle,No Vehicle,7,No,4,"['Plastic', 'Glass', 'Metal']",92,never,1115
private,diesel,2570,No,4,"['Paper', 'Plastic', 'Metal']",112,rarely,1283
public,No Vehicle,900,No,3,[],152,very frequently,2590
private,hybrid,3439,No,1,"['Paper', 'Glass', 'Metal']",298,rarely,2464
walk/bicycle,No Vehicle,2,No,2,"['Paper', 'Glass']",189,very frequently,3015
public,No Vehicle,1492,Yes,6,"['Paper', 'Glass', 'Metal']",270,never,1144
public,No Vehicle,39,No,3,"['Paper', 'Plastic', 'Glass', 'Metal']",139,very frequently,2351
walk/bicycle,No Vehicle,30,Sometimes,7,"['Paper', 'Plastic', 'Metal']",186,rarely,1689
private,hybrid,4799,Yes,1,"['Paper', 'Plastic', 'Glass', 'Metal']",74,frequently,1732
walk/bicycle,No Vehicle,51,Sometimes,3,"['Plastic', 'Metal']",205,rarely,1733
walk/bicycle,No Vehicle,38,No,7,"['Glass', 'Metal']",246,rarely,1305
public,No Vehicle,919,No,1,['Plastic'],277,never,1941
walk/bicycle,No Vehicle,53,Sometimes,1,"['Paper', 'Plastic', 'Glass']",184,never,996
public,No Vehicle,1324,Sometimes,6,['Metal'],58,rarely,1921
public,No Vehicle,988,Sometimes,5,['Paper'],90,never,1916
walk/bicycle,No Vehicle,33,Yes,4,"['Plastic', 'Glass', 'Metal']",51,frequently,2183
public,No Vehicle,303,No,4,"['Plastic', 'Glass', 'Metal']",94,very frequently,2315
walk/bicycle,No Vehicle,74,No,7,"['Glass', 'Metal']",182,very frequently,2917
private,electric,8747,Sometimes,5,"['Paper', 'Plastic']",136,rarely,1511
public,No Vehicle,1146,Yes,4,['Paper'],264,never,1248
private,electric,71,Yes,5,['Glass'],164,very frequently,2899
private,electric,2289,No,7,"['Paper', 'Metal']",62,never,1340
public,No Vehicle,259,No,3,[],54,never,1607
public,No Vehicle,919,Sometimes,7,"['Paper', 'Plastic', 'Glass', 'Metal']",247,never,1255
walk/bicycle,No Vehicle,53,Sometimes,6,"['Glass', 'Metal']",292,never,494
private,electric,4630,Yes,5,['Plastic'],170,very frequently,2591
private,hybrid,8182,Sometimes,1,['Paper'],144,very frequently,4019
public,No Vehicle,1185,Sometimes,4,['Paper'],136,frequently,1830
public,No Vehicle,1465,Yes,3,"['Paper', 'Metal']",223,frequently,2069
private,diesel,85,No,2,"['Paper', 'Glass']",133,frequently,1789
private,petrol,54,No,7,"['Paper', 'Plastic', 'Glass']",151,rarely,1568
walk/bicycle,No Vehicle,21,Yes,4,"['Glass', 'Metal']",146,frequently,2146
private,electric,1552,Yes,1,"['Paper', 'Metal']",251,rarely,1274
public,No Vehicle,406,Sometimes,7,"['Plastic', 'Glass', 'Metal']",281,rarely,1425
public,No Vehicle,1663,Yes,6,"['Plastic', 'Glass']",243,rarely,2178
public,No Vehicle,1420,Yes,3,['Plastic'],291,never,2114
private,electric,9489,Sometimes,5,"['Paper', 'Glass']",183,frequently,1610
public,No Vehicle,920,Yes,4,"['Plastic', 'Metal']",222,very frequently,3331
public,No Vehicle,1079,No,7,"['Plastic', 'Glass', 'Metal']",191,frequently,2104
private,petrol,909,No,1,"['Paper', 'Plastic', 'Glass', 'Metal']",164,rarely,1819
public,No Vehicle,1681,Yes,1,"['Paper', 'Plastic']",128,rarely,1355
public,No Vehicle,1059,Yes,2,['Paper'],86,rarely,1626
public,No Vehicle,1810,No,7,['Glass'],158,rarely,2223
public,No Vehicle,1209,Sometimes,6,['Plastic'],71,very frequently,3423
walk/bicycle,No Vehicle,12,Sometimes,6,"['Paper', 'Plastic', 'Glass']",263,very frequently,2268
private,electric,3182,Sometimes,7,"['Paper', 'Plastic', 'Metal']",189,frequently,2612
walk/bicycle,No Vehicle,65,No,7,['Glass'],158,never,1300
walk/bicycle,No Vehicle,80,Yes,5,"['Plastic', 'Glass', 'Metal']",269,rarely,1550
private,petrol,837,No,4,"['Plastic', 'Glass']",72,rarely,1824
walk/bicycle,No Vehicle,0,No,2,['Glass'],79,never,1322
private,petrol,2317,Sometimes,3,[],216,never,2266
walk/bicycle,No Vehicle,25,No,4,"['Paper', 'Plastic', 'Metal']",183,rarely,1347
walk/bicycle,No Vehicle,26,Yes,4,"['Glass', 'Metal']",145,frequently,2160
walk/bicycle,No Vehicle,47,Sometimes,3,[],157,very frequently,2670
walk/bicycle,No Vehicle,73,Yes,7,"['Paper', 'Metal']",250,rarely,1496
private,electric,5898,Yes,3,"['Glass', 'Metal']",205,rarely,1175
private,lpg,7691,Yes,1,[],176,rarely,3206
walk/bicycle,No Vehicle,44,No,7,['Glass'],286,frequently,1978
private,hybrid,4881,No,7,"['Glass', 'Metal']",238,never,2432
walk/bicycle,No Vehicle,78,Sometimes,4,"['Paper', 'Plastic', 'Metal']",59,rarely,1273
public,No Vehicle,1257,Sometimes,2,"['Plastic', 'Metal']",140,rarely,1922
private,electric,3010,Yes,7,['Metal'],286,rarely,1977
public,No Vehicle,542,Yes,6,"['Paper', 'Metal']",156,frequently,1657
public,No Vehicle,19,Yes,4,['Glass'],115,very frequently,2992
private,electric,5119,Yes,5,"['Plastic', 'Glass', 'Metal']",258,never,1634
public,No Vehicle,1553,No,5,"['Plastic', 'Glass']",224,rarely,2261
walk/bicycle,No Vehicle,91,Yes,4,['Plastic'],116,never,822
walk/bicycle,No Vehicle,34,No,6,['Paper'],273,frequently,2665
private,hybrid,21,Yes,5,"['Plastic', 'Metal']",266,never,1888
walk/bicycle,No Vehicle,69,No,4,"['Paper', 'Metal']",219,very frequently,2692
public,No Vehicle,1961,Sometimes,7,['Plastic'],299,very frequently,3152
walk/bicycle,No Vehicle,27,Sometimes,3,['Paper'],285,never,1991
public,No Vehicle,494,Yes,3,"['Paper', 'Plastic', 'Glass', 'Metal']",218,very frequently,2482
walk/bicycle,No Vehicle,43,Sometimes,5,['Paper'],66,never,1274
public,No Vehicle,321,Sometimes,3,"['Paper', 'Metal']",102,very frequently,3436
public,No Vehicle,84,Sometimes,5,"['Paper', 'Plastic']",115,rarely,1888
walk/bicycle,No Vehicle,85,No,7,"['Plastic', 'Glass']",264,never,1568
private,electric,1167,Sometimes,3,"['Paper', 'Plastic']",243,rarely,1508
walk/bicycle,No Vehicle,48,Sometimes,2,"['Paper', 'Plastic', 'Glass', 'Metal']",76,rarely,1202
walk/bicycle,No Vehicle,24,Yes,1,[],248,very frequently,1813
public,No Vehicle,253,Yes,4,"['Paper', 'Glass', 'Metal']",118,very frequently,2245
walk/bicycle,No Vehicle,44,Sometimes,3,"['Paper', 'Plastic', 'Metal']",156,very frequently,2867
walk/bicycle,No Vehicle,56,Yes,1,"['Paper', 'Glass']",179,never,1062
walk/bicycle,No Vehicle,5,No,6,"['Paper', 'Plastic', 'Metal']",110,frequently,2592
walk/bicycle,No Vehicle,2,Yes,3,"['Paper', 'Plastic', 'Glass']",191,very frequently,2383
walk/bicycle,No Vehicle,68,Yes,1,"['Plastic', 'Metal']",268,rarely,999
private,hybrid,6423,Yes,7,"['Paper', 'Glass']",144,very frequently,3919
public,No Vehicle,425,No,4,"['Glass', 'Metal']",227,very frequently,3067
walk/bicycle,No Vehicle,79,Yes,2,"['Plastic', 'Glass']",272,very frequently,2431
walk/bicycle,No Vehicle,67,Yes,6,"['Paper', 'Plastic', 'Glass', 'Metal']",267,never,1283
walk/bicycle,No Vehicle,45,Yes,4,"['Paper', 'Glass', 'Metal']",198,very frequently,2720
private,petrol,3634,Sometimes,2,"['Plastic', 'Glass']",129,never,2881
private,petrol,6218,Sometimes,3,"['Paper', 'Metal']",76,never,3197
public,No Vehicle,1303,No,5,"['Paper', 'Plastic', 'Metal']",270,very frequently,2599
walk/bicycle,No Vehicle,16,Yes,4,"['Glass', 'Metal']",275,rarely,1735
public,No Vehicle,1892,Yes,6,"['Plastic', 'Metal']",161,never,1641
public,No Vehicle,626,Yes,1,"['Plastic', 'Metal']",74,frequently,1484
private,lpg,7733,No,3,[],101,very frequently,4462
public,No Vehicle,1606,Sometimes,4,"['Glass', 'Metal']",173,very frequently,3307
public,No Vehicle,449,No,7,[],295,rarely,2212
walk/bicycle,No Vehicle,94,Yes,3,['Glass'],85,frequently,2474
walk/bicycle,No Vehicle,5,Sometimes,2,"['Glass', 'Metal']",261,never,940
private,petrol,3522,No,1,[],70,rarely,3102
public,No Vehicle,653,Sometimes,5,"['Glass', 'Metal']",193,never,1661
private,lpg,9688,Sometimes,5,[],237,frequently,5224
private,petrol,6823,Yes,5,"['Paper', 'Glass', 'Metal']",256,rarely,3721
walk/bicycle,No Vehicle,69,No,6,[],128,very frequently,3037
private,diesel,5837,Sometimes,7,['Metal'],227,rarely,3906
public,No Vehicle,134,No,2,"['Paper', 'Plastic', 'Metal']",98,rarely,1784
public,No Vehicle,1992,Sometimes,4,"['Paper', 'Glass']",107,never,1622
walk/bicycle,No Vehicle,38,Sometimes,7,"['Plastic', 'Glass', 'Metal']",186,rarely,2153
private,hybrid,2800,Sometimes,4,"['Paper', 'Plastic', 'Glass', 'Metal']",204,rarely,1362
private,hybrid,1178,Sometimes,3,"['Paper', 'Glass', 'Metal']",262,frequently,2761
private,hybrid,2582,Sometimes,6,"['Plastic', 'Metal']",169,frequently,1855
public,No Vehicle,836,No,5,['Paper'],158,frequently,2378
public,No Vehicle,884,Sometimes,3,[],126,very frequently,3232
walk/bicycle,No Vehicle,59,Yes,2,"['Paper', 'Plastic', 'Glass', 'Metal']",195,frequently,1362
private,petrol,3164,Sometimes,5,"['Plastic', 'Metal']",64,very frequently,3364
public,No Vehicle,1882,No,7,['Plastic'],206,never,1914
private,lpg,8469,Sometimes,4,"['Paper', 'Plastic', 'Metal']",90,frequently,5035
public,No Vehicle,992,No,3,['Metal'],62,very frequently,2915
public,No Vehicle,1732,No,6,"['Paper', 'Plastic']",61,rarely,1912
public,No Vehicle,32,Sometimes,4,"['Plastic', 'Metal']",254,very frequently,2670
walk/bicycle,No Vehicle,75,Yes,6,['Plastic'],157,rarely,2465
private,lpg,3280,Sometimes,3,"['Plastic', 'Glass', 'Metal']",72,very frequently,3696
walk/bicycle,No Vehicle,73,Sometimes,1,"['Plastic', 'Glass', 'Metal']",279,very frequently,2488
public,No Vehicle,230,Sometimes,1,['Glass'],286,never,1182
public,No Vehicle,663,Sometimes,7,"['Paper', 'Glass', 'Metal']",241,frequently,3050
public,No Vehicle,92,Yes,6,['Paper'],184,frequently,2341
walk/bicycle,No Vehicle,25,No,2,"['Plastic', 'Glass', 'Metal']",156,rarely,1301
private,diesel,609,Sometimes,5,['Plastic'],111,never,1250
private,diesel,8766,No,1,['Plastic'],210,frequently,3987
walk/bicycle,No Vehicle,89,No,4,"['Paper', 'Glass', 'Metal']",200,very frequently,2048
walk/bicycle,No Vehicle,66,Sometimes,5,['Metal'],107,rarely,1274
public,No Vehicle,296,Sometimes,6,['Paper'],273,frequently,2855
private,hybrid,3892,Sometimes,4,['Glass'],129,very frequently,3475
walk/bicycle,No Vehicle,54,Sometimes,2,"['Glass', 'Metal']",61,very frequently,2291
private,diesel,4135,No,7,"['Paper', 'Glass', 'Metal']",265,frequently,3589
public,No Vehicle,1922,No,7,"['Paper', 'Plastic', 'Glass', 'Metal']",242,never,1882
public,No Vehicle,516,Yes,1,"['Paper', 'Plastic', 'Metal']",147,rarely,906
walk/bicycle,No Vehicle,16,Yes,4,[],260,rarely,1732
public,No Vehicle,795,No,1,"['Paper', 'Metal']",278,rarely,1229
public,No Vehicle,1394,No,6,"['Paper', 'Metal']",227,frequently,3637
walk/bicycle,No Vehicle,80,Yes,5,['Glass'],218,rarely,1733
public,No Vehicle,605,Sometimes,7,"['Glass', 'Metal']",141,very frequently,3285
walk/bicycle,No Vehicle,11,Yes,7,"['Paper', 'Plastic', 'Metal']",285,very frequently,2628
public,No Vehicle,549,No,2,['Metal'],188,very frequently,3536
walk/bicycle,No Vehicle,8,No,5,['Plastic'],248,rarely,2300
walk/bicycle,No Vehicle,78,No,3,['Metal'],158,rarely,1430
walk/bicycle,No Vehicle,81,No,6,"['Paper', 'Plastic']",135,very frequently,2391
private,petrol,4690,Yes,5,"['Paper', 'Plastic', 'Glass']",297,frequently,4105
public,No Vehicle,253,Yes,6,"['Paper', 'Plastic', 'Metal']",248,rarely,1612
private,electric,2419,Sometimes,7,"['Plastic', 'Glass', 'Metal']",172,very frequently,3342
private,electric,5544,Yes,4,"['Paper', 'Plastic', 'Glass']",183,frequently,1333
private,petrol,1645,Yes,2,['Metal'],245,very frequently,2618
private,electric,9246,No,5,"['Paper', 'Plastic', 'Metal']",77,very frequently,3420
public,No Vehicle,1540,Yes,1,"['Paper', 'Glass']",155,rarely,1467
walk/bicycle,No Vehicle,79,Sometimes,1,"['Glass', 'Metal']",189,rarely,1843
walk/bicycle,No Vehicle,84,Sometimes,2,"['Plastic', 'Glass']",100,never,1347
walk/bicycle,No Vehicle,4,No,4,"['Paper', 'Glass', 'Metal']",178,never,1075
private,electric,7270,Sometimes,1,"['Paper', 'Plastic', 'Glass', 'Metal']",181,never,1244
walk/bicycle,No Vehicle,56,Yes,2,['Plastic'],61,very frequently,2875
private,hybrid,4588,Sometimes,3,"['Glass', 'Metal']",187,never,1525
private,hybrid,7843,No,1,"['Paper', 'Plastic', 'Glass', 'Metal']",202,very frequently,4682
private,lpg,9503,Yes,5,['Paper'],89,never,3087
walk/bicycle,No Vehicle,59,Yes,6,"['Paper', 'Metal']",117,rarely,920
private,electric,2171,No,7,"['Paper', 'Glass', 'Metal']",276,very frequently,2474
walk/bicycle,No Vehicle,26,Sometimes,3,"['Paper', 'Plastic', 'Glass', 'Metal']",231,frequently,2614
public,No Vehicle,198,No,1,"['Plastic', 'Glass', 'Metal']",285,rarely,1576
private,diesel,1414,Yes,7,"['Plastic', 'Glass', 'Metal']",56,frequently,2441
private,electric,4443,Yes,4,"['Paper', 'Glass', 'Metal']",164,never,1358
public,No Vehicle,205,Sometimes,5,['Paper'],275,frequently,2998
public,No Vehicle,893,Sometimes,3,"['Paper', 'Metal']",103,very frequently,2439
walk/bicycle,No Vehicle,5,No,7,"['Plastic', 'Glass', 'Metal']",177,frequently,2776
walk/bicycle,No Vehicle,59,Yes,3,"['Plastic', 'Glass', 'Metal']",53,never,1214
public,No Vehicle,1220,Yes,2,"['Paper', 'Plastic', 'Glass', 'Metal']",101,very frequently,2299
public,No Vehicle,1932,Sometimes,5,"['Paper', 'Plastic', 'Glass', 'Metal']",189,never,898
walk/bicycle,No Vehicle,34,No,4,"['Paper', 'Glass']",238,never,1220
walk/bicycle,No Vehicle,50,Yes,3,"['Paper', 'Plastic', 'Metal']",124,never,1040
public,No Vehicle,932,Sometimes,7,"['Paper', 'Plastic']",198,rarely,2426
walk/bicycle,No Vehicle,62,No,6,"['Paper', 'Glass']",247,very frequently,2509
public,No Vehicle,895,No,7,"['Plastic', 'Metal']",178,never,1997
public,No Vehicle,1607,Yes,5,"['Paper', 'Plastic']",111,frequently,2001
public,No Vehicle,1702,No,2,"['Paper', 'Plastic', 'Glass']",205,rarely,1082
public,No Vehicle,1584,No,5,"['Plastic', 'Glass', 'Metal']",291,frequently,2379
private,lpg,1200,Yes,7,"['Paper', 'Glass']",146,very frequently,2777
walk/bicycle,No Vehicle,88,Sometimes,7,"['Glass', 'Metal']",184,never,1624
private,hybrid,1778,No,7,"['Plastic', 'Glass', 'Metal']",143,very frequently,1926
public,No Vehicle,520,Sometimes,3,"['Plastic', 'Glass', 'Metal']",267,very frequently,2703
walk/bicycle,No Vehicle,11,Sometimes,1,['Metal'],96,very frequently,2159
public,No Vehicle,1949,No,3,"['Paper', 'Glass', 'Metal']",241,very frequently,2952
public,No Vehicle,1121,No,6,"['Plastic', 'Metal']",215,never,1891
walk/bicycle,No Vehicle,63,No,5,"['Plastic', 'Metal']",191,rarely,1742
private,lpg,2301,Sometimes,6,"['Paper', 'Plastic', 'Glass']",65,never,1825
private,hybrid,583,Yes,5,"['Plastic', 'Metal']",290,frequently,1647
public,No Vehicle,228,No,5,"['Plastic', 'Glass', 'Metal']",135,frequently,1948
public,No Vehicle,1490,Yes,1,"['Paper', 'Glass']",234,rarely,1588
private,hybrid,9663,No,3,['Metal'],253,frequently,3938
walk/bicycle,No Vehicle,15,Sometimes,2,"['Paper', 'Plastic', 'Glass', 'Metal']",268,very frequently,1730
walk/bicycle,No Vehicle,30,No,2,"['Paper', 'Plastic', 'Glass']",250,very frequently,3147
walk/bicycle,No Vehicle,10,No,5,"['Paper', 'Glass']",167,frequently,1618
public,No Vehicle,442,No,2,"['Paper', 'Plastic']",63,frequently,2012
walk/bicycle,No Vehicle,99,Yes,4,"['Paper', 'Metal']",291,frequently,1848
walk/bicycle,No Vehicle,95,Sometimes,6,"['Paper', 'Plastic']",212,frequently,2540
private,lpg,352,Yes,2,[],173,rarely,1691
public,No Vehicle,821,Sometimes,4,"['Glass', 'Metal']",250,rarely,1616
walk/bicycle,No Vehicle,21,No,7,"['Plastic', 'Glass']",63,never,1907
walk/bicycle,No Vehicle,39,Yes,6,[],141,very frequently,2226
public,No Vehicle,1055,No,7,"['Paper', 'Plastic', 'Glass', 'Metal']",53,rarely,1467
walk/bicycle,No Vehicle,78,Yes,2,"['Plastic', 'Metal']",56,frequently,1968
public,No Vehicle,403,Sometimes,5,"['Plastic', 'Glass']",122,never,1187
walk/bicycle,No Vehicle,54,Sometimes,5,"['Paper', 'Plastic', 'Metal']",257,never,1155
private,lpg,4191,No,7,"['Paper', 'Glass', 'Metal']",84,frequently,4492
public,No Vehicle,913,Yes,4,"['Plastic', 'Glass', 'Metal']",59,very frequently,1785
walk/bicycle,No Vehicle,92,Sometimes,7,"['Paper', 'Glass', 'Metal']",243,rarely,1751
public,No Vehicle,684,No,6,"['Plastic', 'Glass']",125,rarely,1896
private,diesel,831,No,2,"['Paper', 'Plastic']",82,rarely,1409
public,No Vehicle,835,No,6,"['Paper', 'Glass']",275,frequently,2117
private,diesel,8311,No,2,['Metal'],265,frequently,3190
public,No Vehicle,171,Yes,2,"['Paper', 'Plastic', 'Metal']",174,very frequently,2274
private,hybrid,3424,No,7,['Metal'],207,very frequently,3425
walk/bicycle,No Vehicle,19,Yes,2,"['Paper', 'Metal']",85,rarely,1075
private,electric,6873,Yes,2,"['Paper', 'Glass', 'Metal']",56,rarely,1067
private,electric,8676,No,2,['Plastic'],152,very frequently,2237
walk/bicycle,No Vehicle,14,No,6,"['Glass', 'Metal']",270,rarely,2707
public,No Vehicle,336,No,6,['Paper'],116,frequently,1986
private,hybrid,5284,Yes,2,['Plastic'],108,frequently,3597
public,No Vehicle,1690,No,3,"['Paper', 'Plastic', 'Glass', 'Metal']",259,frequently,1755
public,No Vehicle,1128,No,7,['Paper'],94,rarely,2906
private,diesel,2988,Yes,5,"['Plastic', 'Glass', 'Metal']",137,rarely,1501
private,electric,4999,Sometimes,5,"['Paper', 'Plastic', 'Glass']",251,rarely,1729
private,petrol,2236,No,3,[],284,never,2360
public,No Vehicle,1682,Sometimes,1,"['Plastic', 'Glass']",111,frequently,1731
walk/bicycle,No Vehicle,2,No,4,['Glass'],63,never,1980
walk/bicycle,No Vehicle,35,No,1,['Metal'],249,never,1349
public,No Vehicle,360,Yes,4,"['Plastic', 'Glass']",207,frequently,2396
public,No Vehicle,371,Yes,2,"['Plastic', 'Glass', 'Metal']",77,very frequently,2060
walk/bicycle,No Vehicle,86,Sometimes,5,"['Paper', 'Plastic', 'Glass', 'Metal']",190,frequently,1463
walk/bicycle,No Vehicle,71,No,2,[],263,frequently,1979
walk/bicycle,No Vehicle,22,Yes,7,['Paper'],64,rarely,1775
public,No Vehicle,1308,Yes,5,"['Plastic', 'Metal']",189,frequently,1824
public,No Vehicle,851,Yes,1,"['Plastic', 'Glass']",199,never,867
private,petrol,7386,Yes,1,['Metal'],50,never,5360
private,petrol,3374,No,6,"['Plastic', 'Glass']",264,very frequently,5034
walk/bicycle,No Vehicle,58,No,4,"['Paper', 'Glass']",68,rarely,1224
private,diesel,2035,No,7,"['Plastic', 'Metal']",52,frequently,1950
private,diesel,6365,No,2,"['Paper', 'Plastic', 'Glass', 'Metal']",274,rarely,2493
walk/bicycle,No Vehicle,18,Sometimes,1,"['Paper', 'Plastic', 'Glass']",86,never,1127
private,electric,5795,No,2,"['Paper', 'Metal']",80,frequently,1791
private,lpg,1116,Sometimes,7,['Plastic'],115,very frequently,2309
walk/bicycle,No Vehicle,13,No,1,"['Paper', 'Plastic', 'Glass', 'Metal']",84,very frequently,2331
walk/bicycle,No Vehicle,53,Yes,6,"['Glass', 'Metal']",150,rarely,1933
walk/bicycle,No Vehicle,13,Yes,4,"['Plastic', 'Metal']",51,rarely,1782
walk/bicycle,No Vehicle,88,No,7,"['Paper', 'Plastic', 'Metal']",258,rarely,1746
private,lpg,7507,Sometimes,1,['Metal'],180,never,3939
private,hybrid,1370,Sometimes,4,[],151,very frequently,3251
public,No Vehicle,25,Sometimes,4,['Paper'],208,frequently,1906
walk/bicycle,No Vehicle,59,Yes,3,"['Paper', 'Plastic', 'Glass', 'Metal']",206,never,955
public,No Vehicle,1480,Yes,4,"['Paper', 'Glass', 'Metal']",86,never,1377
public,No Vehicle,1568,Sometimes,1,['Plastic'],256,never,1484
public,No Vehicle,1704,Yes,7,"['Paper', 'Plastic']",64,rarely,1437
walk/bicycle,No Vehicle,65,No,3,"['Paper', 'Plastic', 'Metal']",166,rarely,968
private,lpg,7450,Yes,2,['Paper'],116,frequently,4257
walk/bicycle,No Vehicle,75,No,3,"['Paper', 'Plastic', 'Metal']",269,very frequently,1881
public,No Vehicle,981,Sometimes,3,['Paper'],55,very frequently,2824
walk/bicycle,No Vehicle,45,No,6,"['Plastic', 'Glass', 'Metal']",147,never,2010
public,No Vehicle,1921,Sometimes,7,"['Paper', 'Plastic', 'Metal']",225,frequently,2567
private,electric,9086,Sometimes,4,"['Paper', 'Glass']",106,rarely,1593
private,lpg,5652,Sometimes,3,['Paper'],299,frequently,3767
public,No Vehicle,999,Sometimes,3,['Glass'],147,never,1087
public,No Vehicle,339,Sometimes,5,['Plastic'],65,rarely,1625
private,electric,2098,No,3,"['Paper', 'Plastic', 'Glass']",275,very frequently,2487
walk/bicycle,No Vehicle,12,Sometimes,6,"['Paper', 'Plastic', 'Glass']",137,frequently,1324
walk/bicycle,No Vehicle,83,Yes,7,[],138,never,2371
public,No Vehicle,1591,Yes,7,"['Paper', 'Glass']",222,never,1257
private,petrol,960,Yes,5,"['Glass', 'Metal']",112,very frequently,3147
private,petrol,2089,No,7,"['Glass', 'Metal']",118,rarely,2577
public,No Vehicle,14,Yes,4,['Plastic'],181,very frequently,2689
public,No Vehicle,65,Sometimes,4,"['Glass', 'Metal']",245,rarely,1756
public,No Vehicle,983,Yes,7,['Plastic'],167,very frequently,2781
private,hybrid,504,No,4,"['Paper', 'Glass']",66,frequently,2236
public,No Vehicle,1417,Yes,6,['Glass'],237,never,1378
public,No Vehicle,91,Sometimes,6,"['Plastic', 'Glass', 'Metal']",283,rarely,2439
private,electric,1519,Sometimes,7,"['Paper', 'Plastic', 'Metal']",145,never,1119
public,No Vehicle,1235,Yes,6,"['Paper', 'Glass', 'Metal']",166,frequently,2141
public,No Vehicle,1872,Sometimes,6,"['Paper', 'Plastic', 'Glass']",287,very frequently,2443
public,No Vehicle,589,Sometimes,7,['Glass'],234,never,1943
public,No Vehicle,1244,No,2,['Paper'],233,rarely,1499
walk/bicycle,No Vehicle,91,No,3,['Plastic'],120,very frequently,2727
walk/bicycle,No Vehicle,19,Yes,7,"['Paper', 'Glass', 'Metal']",193,never,1590
private,lpg,2369,Sometimes,2,"['Paper', 'Plastic', 'Glass']",243,rarely,1945
walk/bicycle,No Vehicle,78,Sometimes,1,"['Paper', 'Metal']",200,rarely,559
public,No Vehicle,1869,Sometimes,6,"['Paper', 'Glass', 'Metal']",60,never,1877
private,hybrid,8524,Yes,4,['Glass'],282,very frequently,4931
walk/bicycle,No Vehicle,24,Yes,6,"['Paper', 'Glass']",236,never,1304
public,No Vehicle,753,Yes,4,"['Paper', 'Glass', 'Metal']",158,frequently,1782
walk/bicycle,No Vehicle,73,No,1,[],57,rarely,1783
walk/bicycle,No Vehicle,57,Sometimes,4,"['Paper', 'Plastic', 'Glass', 'Metal']",284,never,601
public,No Vehicle,809,No,5,"['Glass', 'Metal']",101,never,1827
public,No Vehicle,574,Yes,4,"['Plastic', 'Glass', 'Metal']",279,frequently,1455
walk/bicycle,No Vehicle,86,Sometimes,5,"['Paper', 'Metal']",111,very frequently,2598
walk/bicycle,No Vehicle,10,Sometimes,6,"['Paper', 'Plastic']",170,very frequently,2089
private,hybrid,2989,No,5,['Paper'],249,rarely,2036
private,petrol,8442,No,6,"['Paper', 'Plastic', 'Metal']",204,frequently,3959
public,No Vehicle,799,Sometimes,6,"['Paper', 'Glass', 'Metal']",282,never,2067
private,lpg,3538,Sometimes,3,"['Paper', 'Glass']",206,very frequently,3736
walk/bicycle,No Vehicle,61,Yes,2,['Plastic'],121,very frequently,2462
private,lpg,8954,Sometimes,1,['Plastic'],288,very frequently,5390
public,No Vehicle,1861,Yes,3,['Plastic'],108,very frequently,3126
public,No Vehicle,1657,Yes,7,['Plastic'],75,rarely,2440
public,No Vehicle,1406,Yes,3,['Metal'],96,very frequently,2567
walk/bicycle,No Vehicle,81,No,2,"['Paper', 'Plastic', 'Glass', 'Metal']",175,very frequently,2278
private,diesel,3297,No,2,['Plastic'],191,never,1775
public,No Vehicle,129,Sometimes,5,"['Paper', 'Metal']",51,rarely,1386
public,No Vehicle,1724,Sometimes,7,"['Glass', 'Metal']",58,rarely,1591
private,petrol,710,No,2,"['Plastic', 'Glass', 'Metal']",192,very frequently,3221
public,No Vehicle,1101,Yes,4,['Paper'],192,frequently,2177
public,No Vehicle,1973,Yes,7,"['Paper', 'Plastic', 'Metal']",264,very frequently,2311
walk/bicycle,No Vehicle,85,Sometimes,3,"['Plastic', 'Metal']",90,frequently,1503
public,No Vehicle,290,Yes,5,['Paper'],230,never,2208
walk/bicycle,No Vehicle,97,No,2,"['Paper', 'Plastic', 'Metal']",128,frequently,1329
walk/bicycle,No Vehicle,47,Yes,3,"['Paper', 'Plastic', 'Glass', 'Metal']",144,never,1457
walk/bicycle,No Vehicle,42,No,3,['Paper'],94,rarely,1601
walk/bicycle,No Vehicle,1,Sometimes,2,['Metal'],153,frequently,1867
walk/bicycle,No Vehicle,37,Yes,4,"['Paper', 'Plastic', 'Metal']",158,frequently,1895
private,petrol,5139,Sometimes,7,['Plastic'],155,never,3230
walk/bicycle,No Vehicle,31,Sometimes,4,['Glass'],85,frequently,2336
private,petrol,5020,Yes,3,"['Paper', 'Plastic', 'Metal']",97,never,3264
private,lpg,8931,Sometimes,3,"['Glass', 'Metal']",134,never,3683
public,No Vehicle,1676,No,6,['Paper'],246,never,1975
private,petrol,5222,No,4,"['Paper', 'Plastic', 'Metal']",160,frequently,3595
private,lpg,4819,Yes,1,"['Paper', 'Plastic', 'Glass']",193,very frequently,2636
public,No Vehicle,1817,No,2,"['Paper', 'Plastic', 'Metal']",89,very frequently,1845
walk/bicycle,No Vehicle,70,No,1,"['Plastic', 'Glass']",133,never,1140
private,petrol,2836,Sometimes,4,['Metal'],191,frequently,3855
private,electric,7153,Yes,1,"['Paper', 'Metal']",262,never,1404
walk/bicycle,No Vehicle,54,Yes,1,"['Paper', 'Plastic', 'Glass']",165,very frequently,2697
public,No Vehicle,857,Sometimes,1,['Glass'],126,frequently,2047
public,No Vehicle,381,Yes,3,"['Paper', 'Glass']",259,frequently,1271
private,hybrid,1523,Sometimes,2,['Metal'],100,rarely,2199
walk/bicycle,No Vehicle,9,Sometimes,3,"['Paper', 'Glass', 'Metal']",85,very frequently,1925
private,petrol,8474,Sometimes,4,"['Paper', 'Plastic', 'Glass']",166,never,5072
public,No Vehicle,1766,Sometimes,6,"['Paper', 'Glass', 'Metal']",242,very frequently,3490
public,No Vehicle,1781,Sometimes,2,['Plastic'],92,very frequently,3204
walk/bicycle,No Vehicle,93,Yes,5,"['Plastic', 'Metal']",87,never,560
private,hybrid,9025,Yes,2,"['Paper', 'Plastic', 'Glass']",164,rarely,2894
public,No Vehicle,79,Sometimes,3,"['Paper', 'Glass']",137,never,1176
private,petrol,7908,Sometimes,7,"['Paper', 'Glass', 'Metal']",292,never,5034
private,diesel,6338,No,2,"['Glass', 'Metal']",201,never,3087
public,No Vehicle,1935,Yes,2,"['Paper', 'Glass']",210,very frequently,2658
private,lpg,6848,Sometimes,3,"['Paper', 'Glass', 'Metal']",67,never,3557
walk/bicycle,No Vehicle,7,No,6,"['Paper', 'Plastic', 'Glass', 'Metal']",158,frequently,1264
walk/bicycle,No Vehicle,91,No,2,['Glass'],102,rarely,1698
public,No Vehicle,278,No,6,"['Paper', 'Glass']",59,very frequently,2572
walk/bicycle,No Vehicle,98,Yes,5,['Glass'],289,never,2000
public,No Vehicle,379,No,6,"['Plastic', 'Glass']",196,rarely,1998
private,electric,9060,Yes,2,"['Paper', 'Plastic', 'Glass', 'Metal']",280,never,727
walk/bicycle,No Vehicle,86,Yes,1,[],118,rarely,2107
walk/bicycle,No Vehicle,65,Sometimes,7,['Metal'],205,never,1709
private,hybrid,1633,Yes,5,['Glass'],91,never,2551
private,electric,9649,Sometimes,5,"['Plastic', 'Glass']",166,frequently,2181
walk/bicycle,No Vehicle,42,Yes,5,['Glass'],287,very frequently,4082
walk/bicycle,No Vehicle,86,No,1,"['Plastic', 'Metal']",72,very frequently,2297
walk/bicycle,No Vehicle,19,No,4,"['Paper', 'Plastic', 'Glass', 'Metal']",179,rarely,1168
private,electric,4078,Yes,4,"['Paper', 'Plastic', 'Glass', 'Metal']",71,rarely,1505
public,No Vehicle,1828,Sometimes,7,['Plastic'],63,rarely,1881
walk/bicycle,No Vehicle,72,No,3,"['Paper', 'Plastic']",97,frequently,1604
private,electric,2071,No,3,"['Paper', 'Plastic']",93,frequently,2108
walk/bicycle,No Vehicle,14,Sometimes,5,['Paper'],207,frequently,1883
public,No Vehicle,1045,No,6,"['Paper', 'Plastic', 'Metal']",291,never,1022
walk/bicycle,No Vehicle,92,Sometimes,7,"['Paper', 'Plastic', 'Glass', 'Metal']",55,very frequently,2051
private,petrol,9910,Yes,3,['Plastic'],165,never,4786
public,No Vehicle,1247,Yes,1,"['Plastic', 'Metal']",185,never,1284
private,diesel,5191,Yes,5,['Metal'],150,never,2436
public,No Vehicle,278,Sometimes,2,"['Paper', 'Glass', 'Metal']",157,never,1150
private,lpg,1251,Yes,4,[],73,frequently,3077
walk/bicycle,No Vehicle,52,Yes,6,"['Glass', 'Metal']",169,rarely,2268
private,diesel,9087,No,5,"['Paper', 'Metal']",266,frequently,4767
walk/bicycle,No Vehicle,41,Yes,3,['Plastic'],193,very frequently,2823
public,No Vehicle,1434,Sometimes,2,"['Paper', 'Glass', 'Metal']",245,frequently,1620
walk/bicycle,No Vehicle,66,No,3,"['Paper', 'Glass', 'Metal']",210,rarely,1290
private,petrol,8711,No,3,"['Paper', 'Glass']",243,frequently,5108
walk/bicycle,No Vehicle,89,No,4,"['Paper', 'Plastic', 'Glass', 'Metal']",125,very frequently,2799
public,No Vehicle,634,No,1,"['Plastic', 'Glass', 'Metal']",163,rarely,1206
private,hybrid,5885,Sometimes,2,['Paper'],56,never,2107
public,No Vehicle,1317,Sometimes,1,"['Plastic', 'Glass']",87,rarely,1233
walk/bicycle,No Vehicle,27,Yes,4,"['Plastic', 'Glass']",245,frequently,2140
private,lpg,4707,Yes,1,['Metal'],297,frequently,4005
private,petrol,6478,No,5,"['Paper', 'Metal']",53,never,4070
public,No Vehicle,1133,Sometimes,5,"['Paper', 'Glass']",137,never,930
walk/bicycle,No Vehicle,92,Yes,4,"['Paper', 'Plastic']",211,never,1674
private,electric,658,No,4,"['Paper', 'Metal']",253,rarely,1707
public,No Vehicle,1275,No,2,['Paper'],205,frequently,2120
walk/bicycle,No Vehicle,29,Sometimes,1,"['Paper', 'Glass', 'Metal']",77,rarely,1009
private,lpg,4360,No,7,"['Plastic', 'Metal']",260,never,3152
public,No Vehicle,1760,Yes,6,"['Paper', 'Plastic']",255,frequently,2160
private,electric,6544,Yes,7,['Paper'],169,never,1761
public,No Vehicle,1358,Yes,1,"['Plastic', 'Glass']",230,very frequently,2777
private,electric,4460,Sometimes,3,['Metal'],139,very frequently,3070
walk/bicycle,No Vehicle,3,Yes,4,['Plastic'],235,frequently,2182
walk/bicycle,No Vehicle,2,Sometimes,4,"['Paper', 'Glass', 'Metal']",52,frequently,1712
walk/bicycle,No Vehicle,61,Yes,6,['Paper'],134,rarely,2203
private,lpg,720,Yes,2,"['Plastic', 'Glass']",273,very frequently,2902
walk/bicycle,No Vehicle,17,No,4,"['Paper', 'Plastic', 'Glass', 'Metal']",53,rarely,788
walk/bicycle,No Vehicle,73,Sometimes,4,"['Paper', 'Plastic', 'Glass']",50,frequently,2294
walk/bicycle,No Vehicle,67,Sometimes,1,"['Paper', 'Plastic', 'Glass', 'Metal']",172,very frequently,2464
private,electric,4842,No,6,"['Paper', 'Glass', 'Metal']",86,frequently,1979
walk/bicycle,No Vehicle,18,No,2,['Metal'],88,never,866
public,No Vehicle,863,Yes,7,"['Paper', 'Plastic', 'Glass', 'Metal']",193,never,1844
private,electric,9989,Sometimes,4,"['Paper', 'Plastic', 'Glass']",209,rarely,1844
private,diesel,4335,No,2,"['Plastic', 'Metal']",230,frequently,2831
public,No Vehicle,42,No,2,"['Paper', 'Glass', 'Metal']",186,frequently,1789
walk/bicycle,No Vehicle,13,Yes,6,"['Glass', 'Metal']",267,frequently,2257
public,No Vehicle,1993,Sometimes,5,"['Paper', 'Glass']",65,rarely,1568
walk/bicycle,No Vehicle,78,Yes,2,[],195,very frequently,2204
walk/bicycle,No Vehicle,68,No,1,"['Plastic', 'Metal']",121,rarely,1163
public,No Vehicle,1183,Sometimes,5,"['Plastic', 'Glass']",51,never,1311
public,No Vehicle,1343,No,4,"['Paper', 'Glass']",56,frequently,1843
private,electric,260,Yes,5,"['Paper', 'Plastic', 'Glass', 'Metal']",67,rarely,881
walk/bicycle,No Vehicle,32,No,1,['Plastic'],210,never,987
private,lpg,8805,Sometimes,3,"['Paper', 'Glass', 'Metal']",158,rarely,3948
walk/bicycle,No Vehicle,50,Yes,2,['Paper'],221,never,889
public,No Vehicle,104,Sometimes,3,"['Paper', 'Glass', 'Metal']",154,frequently,1331
walk/bicycle,No Vehicle,23,No,3,['Paper'],250,very frequently,2530
public,No Vehicle,1484,Sometimes,4,"['Paper', 'Glass', 'Metal']",87,rarely,1497
public,No Vehicle,1443,Sometimes,7,"['Plastic', 'Glass', 'Metal']",80,never,958
public,No Vehicle,115,Sometimes,3,['Metal'],175,very frequently,2649
private,lpg,4598,No,1,"['Paper', 'Plastic', 'Metal']",239,frequently,3078
walk/bicycle,No Vehicle,12,Sometimes,4,"['Paper', 'Plastic', 'Glass', 'Metal']",223,very frequently,2808
walk/bicycle,No Vehicle,93,Yes,3,"['Paper', 'Plastic', 'Glass']",151,very frequently,2196
private,lpg,9339,Sometimes,1,['Plastic'],284,frequently,4527
public,No Vehicle,1710,No,4,"['Glass', 'Metal']",164,frequently,1668
walk/bicycle,No Vehicle,63,No,7,['Metal'],110,rarely,1475
private,lpg,2690,Yes,4,['Plastic'],257,very frequently,3365
private,diesel,8477,Yes,7,"['Paper', 'Plastic', 'Metal']",70,never,4021
private,lpg,7644,Sometimes,6,"['Paper', 'Plastic']",258,frequently,4028
walk/bicycle,No Vehicle,37,No,7,['Paper'],76,never,1110
public,No Vehicle,1979,No,4,"['Paper', 'Plastic', 'Metal']",106,frequently,2004
walk/bicycle,No Vehicle,20,No,3,"['Plastic', 'Metal']",251,very frequently,2346
private,petrol,5876,Yes,7,"['Paper', 'Plastic', 'Metal']",125,frequently,4926
private,diesel,8841,Sometimes,7,"['Paper', 'Plastic', 'Glass', 'Metal']",132,very frequently,5571
walk/bicycle,No Vehicle,48,Yes,4,['Glass'],167,very frequently,2484
private,lpg,9439,Yes,3,"['Paper', 'Plastic', 'Glass', 'Metal']",274,very frequently,6067
walk/bicycle,No Vehicle,62,Yes,2,"['Paper', 'Metal']",93,frequently,1556
walk/bicycle,No Vehicle,49,No,1,"['Paper', 'Plastic', 'Metal']",215,rarely,1797
private,diesel,8956,Yes,5,"['Plastic', 'Glass']",161,never,3579
walk/bicycle,No Vehicle,58,Sometimes,4,"['Plastic', 'Glass', 'Metal']",68,frequently,1522
public,No Vehicle,572,No,7,['Glass'],61,very frequently,2259
public,No Vehicle,964,No,3,"['Plastic', 'Metal']",135,frequently,1699
public,No Vehicle,1023,Sometimes,7,"['Paper', 'Plastic', 'Glass']",140,frequently,1994
public,No Vehicle,280,Yes,5,"['Paper', 'Plastic', 'Metal']",118,never,1401
public,No Vehicle,1499,Sometimes,5,"['Paper', 'Plastic', 'Glass']",106,frequently,2429
private,diesel,4250,Sometimes,5,"['Plastic', 'Glass']",156,rarely,3294
public,No Vehicle,1005,Sometimes,5,"['Paper', 'Metal']",269,frequently,2277
walk/bicycle,No Vehicle,79,Yes,2,"['Paper', 'Plastic', 'Glass']",239,never,1274
walk/bicycle,No Vehicle,58,Yes,4,"['Paper', 'Plastic', 'Glass']",127,never,513
walk/bicycle,No Vehicle,50,No,5,"['Paper', 'Glass', 'Metal']",200,frequently,1809
private,lpg,2742,No,7,"['Paper', 'Plastic']",256,never,2630
public,No Vehicle,1309,Yes,3,"['Paper', 'Plastic']",189,never,1875
private,lpg,624,No,6,"['Plastic', 'Metal']",80,frequently,2647
private,electric,4413,Yes,2,['Plastic'],116,never,1084
walk/bicycle,No Vehicle,87,Yes,1,"['Paper', 'Plastic', 'Metal']",238,very frequently,2417
walk/bicycle,No Vehicle,34,No,1,"['Glass', 'Metal']",166,very frequently,2458
public,No Vehicle,1668,Sometimes,2,['Plastic'],105,rarely,1645
public,No Vehicle,474,Sometimes,6,"['Paper', 'Glass']",288,very frequently,2784
walk/bicycle,No Vehicle,34,Sometimes,6,"['Plastic', 'Metal']",163,rarely,1494
private,electric,3149,Yes,7,['Metal'],271,frequently,3130
private,electric,7037,Sometimes,2,"['Plastic', 'Glass']",158,rarely,697
walk/bicycle,No Vehicle,24,Sometimes,1,"['Paper', 'Glass']",242,rarely,1111
public,No Vehicle,354,Yes,1,['Glass'],199,rarely,1332
private,petrol,3199,No,5,"['Paper', 'Plastic', 'Glass']",267,rarely,2659
public,No Vehicle,1028,Sometimes,6,"['Plastic', 'Glass', 'Metal']",52,never,1170
private,electric,2200,Sometimes,7,"['Paper', 'Metal']",158,never,1570
walk/bicycle,No Vehicle,18,No,1,"['Paper', 'Glass', 'Metal']",229,rarely,1312
private,electric,9691,No,5,"['Paper', 'Metal']",68,rarely,1656
walk/bicycle,No Vehicle,10,Yes,1,"['Paper', 'Plastic', 'Metal']",254,very frequently,1944
walk/bicycle,No Vehicle,0,No,6,"['Paper', 'Plastic']",146,frequently,1947
walk/bicycle,No Vehicle,4,Yes,7,"['Paper', 'Plastic', 'Glass', 'Metal']",267,frequently,2478
walk/bicycle,No Vehicle,62,Sometimes,5,"['Paper', 'Plastic', 'Glass']",73,very frequently,2793
private,electric,6943,Yes,2,"['Paper', 'Metal']",113,rarely,712
private,electric,9543,Sometimes,1,['Paper'],147,very frequently,1640
walk/bicycle,No Vehicle,66,Yes,3,"['Plastic', 'Glass']",289,frequently,2085
walk/bicycle,No Vehicle,11,Sometimes,3,"['Paper', 'Plastic', 'Metal']",211,very frequently,3127
walk/bicycle,No Vehicle,91,Sometimes,1,['Glass'],223,very frequently,2828
walk/bicycle,No Vehicle,0,Yes,2,['Paper'],147,frequently,1797
walk/bicycle,No Vehicle,4,Sometimes,5,"['Paper', 'Plastic', 'Glass', 'Metal']",112,never,492
public,No Vehicle,460,Sometimes,6,[],245,frequently,2293
public,No Vehicle,953,No,3,"['Paper', 'Metal']",207,never,939
private,petrol,5254,No,1,"['Plastic', 'Glass']",162,frequently,3786
public,No Vehicle,1686,Yes,1,"['Paper', 'Plastic', 'Glass', 'Metal']",163,rarely,1054
public,No Vehicle,81,Sometimes,6,"['Paper', 'Glass', 'Metal']",148,rarely,1406
private,electric,2157,No,4,['Plastic'],170,never,1594
public,No Vehicle,541,Sometimes,3,"['Paper', 'Plastic', 'Glass']",175,rarely,1777
private,petrol,6343,Yes,4,[],239,rarely,3508
public,No Vehicle,673,Sometimes,3,[],97,rarely,1737
private,lpg,4098,Sometimes,7,[],120,frequently,3144
walk/bicycle,No Vehicle,94,Sometimes,6,['Paper'],144,frequently,1607
public,No Vehicle,1269,Sometimes,1,"['Paper', 'Plastic', 'Glass', 'Metal']",214,frequently,1320
private,electric,783,Sometimes,5,"['Paper', 'Plastic']",128,rarely,1655
private,petrol,8096,Sometimes,5,"['Paper', 'Plastic', 'Glass', 'Metal']",186,never,4954
walk/bicycle,No Vehicle,72,Yes,2,"['Paper', 'Plastic']",213,never,917
private,hybrid,6134,Yes,4,['Plastic'],57,rarely,2788
walk/bicycle,No Vehicle,67,No,3,"['Paper', 'Glass', 'Metal']",141,frequently,2005
walk/bicycle,No Vehicle,56,Yes,7,"['Paper', 'Plastic', 'Metal']",121,rarely,1280
walk/bicycle,No Vehicle,63,No,5,['Paper'],205,frequently,2341
walk/bicycle,No Vehicle,1,Yes,5,"['Paper', 'Glass', 'Metal']",136,very frequently,2328
walk/bicycle,No Vehicle,89,No,1,"['Plastic', 'Glass']",76,never,1361
public,No Vehicle,920,Sometimes,4,"['Plastic', 'Metal']",165,never,945
public,No Vehicle,762,Sometimes,1,"['Paper', 'Plastic', 'Glass', 'Metal']",142,never,1309
walk/bicycle,No Vehicle,63,No,6,[],163,frequently,2219
private,petrol,7768,Sometimes,3,['Plastic'],112,rarely,5128
public,No Vehicle,360,Yes,3,"['Plastic', 'Glass', 'Metal']",77,rarely,1289
public,No Vehicle,1305,No,6,"['Paper', 'Plastic', 'Metal']",180,frequently,2101
private,petrol,2737,Yes,4,"['Glass', 'Metal']",75,frequently,2862
private,diesel,9777,No,6,"['Paper', 'Glass', 'Metal']",163,frequently,5284
walk/bicycle,No Vehicle,35,Sometimes,4,"['Plastic', 'Glass']",99,rarely,1805
private,lpg,9888,Yes,4,"['Plastic', 'Glass']",188,frequently,4578
public,No Vehicle,985,No,7,[],298,very frequently,3183
public,No Vehicle,1913,Yes,3,[],215,never,1210
private,hybrid,5268,Yes,4,['Glass'],237,very frequently,4367
walk/bicycle,No Vehicle,96,No,5,['Plastic'],118,frequently,1824
walk/bicycle,No Vehicle,69,Sometimes,3,"['Paper', 'Glass', 'Metal']",211,rarely,1289
walk/bicycle,No Vehicle,7,No,7,"['Paper', 'Glass']",123,very frequently,2924
private,hybrid,3033,Yes,2,"['Paper', 'Glass']",269,frequently,2017
private,lpg,6736,Yes,4,"['Paper', 'Plastic', 'Metal']",258,never,3226
walk/bicycle,No Vehicle,33,Yes,1,['Glass'],170,frequently,2510
walk/bicycle,No Vehicle,91,No,4,"['Paper', 'Plastic', 'Metal']",80,frequently,2125
public,No Vehicle,811,Sometimes,6,['Metal'],145,rarely,2265
walk/bicycle,No Vehicle,45,No,4,"['Plastic', 'Metal']",151,never,1790
private,electric,3392,Yes,4,"['Glass', 'Metal']",76,rarely,1283
private,lpg,304,Sometimes,4,"['Paper', 'Glass', 'Metal']",113,very frequently,2283
public,No Vehicle,1784,Sometimes,7,"['Plastic', 'Metal']",192,frequently,2802
private,lpg,6637,Yes,4,"['Plastic', 'Glass']",295,rarely,4036
private,diesel,2721,No,7,"['Paper', 'Plastic']",242,never,3106
private,electric,3540,No,2,"['Paper', 'Plastic', 'Metal']",77,frequently,2230
private,diesel,5772,Sometimes,1,[],99,frequently,3139
private,petrol,84,No,7,"['Paper', 'Plastic']",195,rarely,1962
private,electric,2930,No,6,['Glass'],117,never,995
walk/bicycle,No Vehicle,59,No,1,"['Paper', 'Glass', 'Metal']",74,frequently,1513
private,diesel,4986,No,7,"['Plastic', 'Glass']",143,never,3592
public,No Vehicle,1573,Yes,4,[],140,very frequently,3025
private,electric,357,Yes,3,['Glass'],178,very frequently,2287
walk/bicycle,No Vehicle,19,Yes,1,"['Plastic', 'Glass', 'Metal']",70,very frequently,2092
walk/bicycle,No Vehicle,85,Sometimes,6,"['Plastic', 'Glass', 'Metal']",110,very frequently,2445
private,hybrid,4087,Sometimes,5,"['Paper', 'Glass', 'Metal']",240,frequently,3396
public,No Vehicle,1849,Sometimes,6,"['Paper', 'Glass', 'Metal']",163,rarely,1306
public,No Vehicle,999,Sometimes,5,"['Paper', 'Plastic', 'Metal']",177,rarely,1341
walk/bicycle,No Vehicle,24,No,2,"['Plastic', 'Glass']",185,frequently,2368
private,electric,6420,No,2,"['Paper', 'Plastic', 'Metal']",244,rarely,1310
public,No Vehicle,1345,Sometimes,6,"['Paper', 'Glass']",96,frequently,2634
walk/bicycle,No Vehicle,71,No,4,['Paper'],54,never,949
public,No Vehicle,669,Yes,5,"['Paper', 'Plastic', 'Metal']",79,rarely,1448
public,No Vehicle,678,No,1,"['Paper', 'Plastic', 'Metal']",230,rarely,1680
private,petrol,4269,Yes,2,"['Paper', 'Plastic', 'Glass']",231,never,3336
walk/bicycle,No Vehicle,65,No,3,"['Paper', 'Metal']",60,never,1243
private,lpg,353,Yes,4,"['Plastic', 'Metal']",61,frequently,1844
private,diesel,5959,Sometimes,6,['Plastic'],175,rarely,3911
walk/bicycle,No Vehicle,38,Yes,1,['Metal'],235,never,617
private,hybrid,4532,No,4,['Paper'],145,never,2369
walk/bicycle,No Vehicle,46,Yes,5,"['Paper', 'Plastic', 'Metal']",83,rarely,1362
public,No Vehicle,15,Sometimes,1,"['Paper', 'Plastic']",83,very frequently,1982
private,diesel,3152,Yes,1,"['Paper', 'Glass', 'Metal']",260,frequently,2740
walk/bicycle,No Vehicle,51,Yes,1,['Paper'],171,frequently,2189
private,lpg,9839,No,6,"['Plastic', 'Metal']",220,never,4083
private,hybrid,8386,Sometimes,7,"['Plastic', 'Glass', 'Metal']",283,rarely,3056
walk/bicycle,No Vehicle,14,Yes,5,[],251,rarely,2302
walk/bicycle,No Vehicle,73,No,6,"['Paper', 'Plastic']",258,never,2848
public,No Vehicle,1473,Sometimes,7,"['Paper', 'Plastic', 'Metal']",207,rarely,1894
public,No Vehicle,869,No,5,"['Plastic', 'Glass']",127,very frequently,4266
walk/bicycle,No Vehicle,83,Yes,3,['Paper'],293,frequently,2126
private,petrol,1413,No,5,['Paper'],126,frequently,2957
public,No Vehicle,519,No,4,"['Paper', 'Plastic', 'Metal']",157,very frequently,2632
private,electric,1835,Yes,2,"['Plastic', 'Glass', 'Metal']",54,never,992
walk/bicycle,No Vehicle,96,No,5,"['Paper', 'Plastic', 'Glass']",252,frequently,1406
public,No Vehicle,1049,Sometimes,5,"['Plastic', 'Glass']",138,very frequently,3328
public,No Vehicle,68,Yes,2,"['Paper', 'Plastic', 'Glass']",183,rarely,1087
public,No Vehicle,535,No,6,"['Paper', 'Glass', 'Metal']",104,frequently,2073
private,electric,4320,Yes,6,"['Paper', 'Plastic', 'Metal']",200,frequently,1610
public,No Vehicle,1706,No,1,['Paper'],220,rarely,1569
private,electric,1718,Yes,2,"['Paper', 'Plastic', 'Metal']",126,rarely,794
walk/bicycle,No Vehicle,47,Yes,4,"['Plastic', 'Glass', 'Metal']",187,rarely,1376
public,No Vehicle,794,No,5,"['Plastic', 'Metal']",286,never,1651
public,No Vehicle,104,Sometimes,5,['Glass'],202,very frequently,2546
walk/bicycle,No Vehicle,20,Sometimes,7,['Metal'],121,frequently,2023
private,petrol,6117,Yes,2,"['Plastic', 'Glass']",187,rarely,3380
private,lpg,1406,Sometimes,7,[],234,very frequently,3050
public,No Vehicle,582,Yes,4,['Plastic'],189,frequently,2498
public,No Vehicle,736,Sometimes,4,"['Plastic', 'Metal']",157,frequently,1926
public,No Vehicle,1486,No,6,"['Paper', 'Plastic', 'Metal']",73,rarely,2453
private,electric,6296,Yes,3,['Plastic'],53,never,1452
private,diesel,4812,No,1,"['Glass', 'Metal']",235,frequently,3286
private,lpg,7768,Sometimes,4,"['Plastic', 'Metal']",134,very frequently,6170
private,hybrid,1083,Yes,3,"['Glass', 'Metal']",167,very frequently,2307
private,diesel,2644,Sometimes,1,"['Glass', 'Metal']",284,rarely,2395
public,No Vehicle,952,No,6,"['Plastic', 'Glass']",66,never,1201
private,electric,5209,Sometimes,3,"['Glass', 'Metal']",181,rarely,1452
walk/bicycle,No Vehicle,13,No,6,"['Glass', 'Metal']",92,very frequently,2238
walk/bicycle,No Vehicle,40,Yes,7,['Plastic'],71,very frequently,3357
walk/bicycle,No Vehicle,29,No,3,"['Paper', 'Plastic']",80,rarely,1576
public,No Vehicle,512,No,7,[],129,frequently,2133
public,No Vehicle,1742,Yes,2,"['Paper', 'Metal']",260,rarely,1631
private,petrol,6364,Yes,5,"['Paper', 'Plastic', 'Glass']",295,rarely,3996
public,No Vehicle,317,Yes,2,"['Glass', 'Metal']",217,frequently,2616
private,hybrid,6477,Yes,5,"['Plastic', 'Glass', 'Metal']",193,never,1765
public,No Vehicle,709,No,1,"['Plastic', 'Glass']",198,never,1385
private,hybrid,2188,Sometimes,6,"['Plastic', 'Glass']",221,frequently,2071
walk/bicycle,No Vehicle,28,No,7,['Paper'],172,never,1735
public,No Vehicle,1285,Yes,5,"['Paper', 'Metal']",229,never,895
walk/bicycle,No Vehicle,93,Yes,1,['Glass'],231,rarely,1041
public,No Vehicle,980,Yes,6,['Paper'],297,never,1933
public,No Vehicle,1514,Sometimes,5,"['Paper', 'Plastic', 'Metal']",237,very frequently,2529
public,No Vehicle,1145,No,1,"['Paper', 'Metal']",224,rarely,1174
walk/bicycle,No Vehicle,39,No,1,['Paper'],101,very frequently,3080
private,hybrid,320,Yes,4,"['Paper', 'Glass', 'Metal']",71,very frequently,1797
public,No Vehicle,1852,Sometimes,4,[],178,never,1657
walk/bicycle,No Vehicle,19,Sometimes,3,['Paper'],236,frequently,1747
public,No Vehicle,412,Yes,6,['Paper'],127,very frequently,3386
private,petrol,4413,Yes,3,"['Plastic', 'Glass']",92,never,2554
public,No Vehicle,1407,Sometimes,7,"['Paper', 'Metal']",256,never,2534
public,No Vehicle,316,No,1,"['Plastic', 'Glass', 'Metal']",286,never,830
public,No Vehicle,1844,Sometimes,1,['Metal'],137,very frequently,2676
public,No Vehicle,743,Yes,4,[],250,frequently,2364
walk/bicycle,No Vehicle,67,No,5,"['Paper', 'Metal']",259,frequently,2610
public,No Vehicle,1231,Yes,4,['Metal'],177,very frequently,2393
public,No Vehicle,937,Sometimes,4,"['Paper', 'Plastic', 'Glass', 'Metal']",188,never,2141
walk/bicycle,No Vehicle,25,Yes,5,['Metal'],148,rarely,2186
public,No Vehicle,228,Yes,2,"['Paper', 'Glass']",112,rarely,1339
private,hybrid,6386,No,5,"['Paper', 'Glass', 'Metal']",81,very frequently,4046
private,lpg,62,Yes,6,"['Glass', 'Metal']",73,very frequently,2225
private,petrol,4689,Sometimes,7,['Paper'],292,frequently,4429
private,lpg,5739,No,4,"['Paper', 'Metal']",110,rarely,2819
walk/bicycle,No Vehicle,50,Sometimes,6,"['Paper', 'Plastic', 'Glass']",193,frequently,1724
public,No Vehicle,445,Sometimes,3,['Paper'],92,never,1165
walk/bicycle,No Vehicle,61,Yes,2,"['Paper', 'Glass', 'Metal']",97,very frequently,2377
walk/bicycle,No Vehicle,8,Sometimes,6,"['Paper', 'Metal']",267,frequently,1656
public,No Vehicle,1646,No,7,"['Paper', 'Plastic', 'Glass']",217,frequently,2071
private,diesel,6640,Yes,6,['Glass'],244,very frequently,5031
walk/bicycle,No Vehicle,31,Yes,4,"['Paper', 'Plastic', 'Metal']",149,rarely,1204
public,No Vehicle,529,Sometimes,3,"['Paper', 'Glass']",262,frequently,2311
public,No Vehicle,315,Sometimes,4,"['Glass', 'Metal']",135,rarely,1366
walk/bicycle,No Vehicle,19,No,2,['Paper'],219,never,1433
public,No Vehicle,959,Yes,7,['Metal'],83,frequently,1802
private,electric,9345,No,3,"['Paper', 'Plastic']",80,frequently,2658
walk/bicycle,No Vehicle,92,Sometimes,7,"['Paper', 'Plastic', 'Metal']",83,never,1277
private,hybrid,2129,Yes,2,['Metal'],87,rarely,1777
walk/bicycle,No Vehicle,61,No,5,"['Paper', 'Glass']",161,very frequently,2627
walk/bicycle,No Vehicle,84,No,7,"['Paper', 'Glass']",270,rarely,2268
private,lpg,9940,Sometimes,5,"['Plastic', 'Glass']",277,frequently,5486
public,No Vehicle,1406,Yes,4,[],229,frequently,1972
walk/bicycle,No Vehicle,82,Sometimes,2,"['Paper', 'Plastic', 'Metal']",127,rarely,1239
private,hybrid,5030,Yes,5,"['Paper', 'Plastic', 'Metal']",273,very frequently,3251
private,diesel,668,Sometimes,5,"['Paper', 'Plastic', 'Metal']",170,very frequently,2559
private,electric,3573,Sometimes,2,['Metal'],106,very frequently,2440
private,electric,7189,Sometimes,4,"['Paper', 'Plastic', 'Glass']",51,never,746
private,diesel,7921,Sometimes,6,"['Paper', 'Metal']",134,very frequently,5093
private,diesel,4543,Sometimes,3,['Plastic'],188,never,2647
private,electric,7150,Yes,6,['Metal'],52,rarely,2379
private,lpg,9076,Sometimes,1,[],156,frequently,5065
public,No Vehicle,728,Sometimes,4,"['Paper', 'Plastic', 'Glass', 'Metal']",229,very frequently,2471
public,No Vehicle,1846,No,4,"['Plastic', 'Glass']",262,never,1376
private,diesel,1297,No,6,"['Paper', 'Plastic']",157,very frequently,3970
public,No Vehicle,829,Sometimes,1,['Glass'],241,very frequently,2770
walk/bicycle,No Vehicle,55,No,7,['Glass'],137,never,1359
public,No Vehicle,1883,No,7,['Plastic'],107,very frequently,3139
public,No Vehicle,463,Sometimes,2,['Metal'],70,rarely,1471
public,No Vehicle,1601,No,6,"['Plastic', 'Glass']",119,frequently,1615
public,No Vehicle,30,Sometimes,3,"['Plastic', 'Glass', 'Metal']",96,never,1526
private,diesel,2136,No,7,[],299,rarely,3381
public,No Vehicle,273,Yes,5,[],244,very frequently,3184
walk/bicycle,No Vehicle,81,Sometimes,7,['Metal'],115,very frequently,3512
public,No Vehicle,1295,Sometimes,7,[],205,very frequently,3009
public,No Vehicle,1947,Yes,1,[],266,never,1275
public,No Vehicle,243,Yes,7,[],145,very frequently,3007
walk/bicycle,No Vehicle,0,Sometimes,2,"['Paper', 'Plastic', 'Glass', 'Metal']",131,frequently,1465
walk/bicycle,No Vehicle,76,Yes,3,['Glass'],123,never,1822
public,No Vehicle,922,Sometimes,6,[],171,rarely,1992
walk/bicycle,No Vehicle,30,No,7,"['Paper', 'Metal']",214,very frequently,3294
public,No Vehicle,396,Yes,5,['Plastic'],141,rarely,1303
public,No Vehicle,1894,No,5,['Glass'],103,rarely,1156
private,petrol,9787,No,4,"['Plastic', 'Glass']",98,frequently,4547
private,electric,4211,Yes,3,"['Plastic', 'Glass', 'Metal']",123,frequently,1960
walk/bicycle,No Vehicle,37,No,2,"['Paper', 'Plastic', 'Glass', 'Metal']",240,very frequently,2624
private,electric,4628,No,4,['Metal'],184,never,2020
public,No Vehicle,1249,Sometimes,2,['Glass'],273,frequently,2873
private,diesel,5744,Yes,7,['Paper'],78,frequently,3891
walk/bicycle,No Vehicle,18,No,4,"['Paper', 'Glass', 'Metal']",78,never,1271
public,No Vehicle,1958,Yes,1,"['Plastic', 'Glass']",117,rarely,1603
walk/bicycle,No Vehicle,74,Sometimes,2,"['Plastic', 'Glass']",54,very frequently,1760
walk/bicycle,No Vehicle,36,Yes,6,['Metal'],217,frequently,2881
walk/bicycle,No Vehicle,24,No,4,['Metal'],179,never,1939
walk/bicycle,No Vehicle,77,Sometimes,2,"['Paper', 'Glass']",266,frequently,2118
public,No Vehicle,1402,Yes,5,"['Paper', 'Plastic', 'Glass', 'Metal']",265,frequently,1980
private,hybrid,3051,Sometimes,4,"['Glass', 'Metal']",214,never,1818
public,No Vehicle,201,Sometimes,7,"['Plastic', 'Glass', 'Metal']",117,never,1632
public,No Vehicle,1274,Yes,6,"['Paper', 'Plastic']",207,never,1764
walk/bicycle,No Vehicle,95,No,1,[],248,never,1089
walk/bicycle,No Vehicle,32,No,6,['Plastic'],96,never,1753
public,No Vehicle,481,No,5,"['Paper', 'Glass', 'Metal']",233,frequently,3244
private,lpg,4431,No,2,"['Glass', 'Metal']",183,frequently,3187
private,lpg,8288,Sometimes,2,"['Paper', 'Plastic']",179,frequently,3942
walk/bicycle,No Vehicle,74,Sometimes,7,"['Paper', 'Plastic', 'Metal']",197,very frequently,2502
walk/bicycle,No Vehicle,12,Sometimes,6,"['Plastic', 'Glass', 'Metal']",181,never,1648
public,No Vehicle,689,No,7,"['Paper', 'Glass', 'Metal']",139,never,1617
public,No Vehicle,1915,Yes,7,"['Paper', 'Plastic', 'Metal']",93,never,776
public,No Vehicle,577,Yes,1,"['Paper', 'Glass', 'Metal']",297,never,524
private,diesel,4673,Sometimes,2,['Plastic'],273,frequently,4144
public,No Vehicle,272,Yes,1,"['Plastic', 'Glass', 'Metal']",179,very frequently,2478
private,hybrid,3361,Yes,2,"['Paper', 'Plastic', 'Metal']",287,frequently,2619
walk/bicycle,No Vehicle,15,Yes,5,['Paper'],80,frequently,1951
private,electric,6754,No,5,"['Paper', 'Plastic', 'Glass']",156,rarely,1356
private,petrol,5485,Sometimes,1,"['Paper', 'Plastic', 'Glass']",182,very frequently,3449
walk/bicycle,No Vehicle,58,Yes,2,"['Paper', 'Plastic', 'Metal']",182,very frequently,2336
public,No Vehicle,1160,Yes,2,"['Paper', 'Plastic', 'Glass', 'Metal']",289,frequently,1713
public,No Vehicle,1497,No,4,"['Paper', 'Plastic', 'Metal']",240,rarely,2055
walk/bicycle,No Vehicle,70,Yes,5,"['Paper', 'Plastic', 'Glass']",105,never,1113
private,lpg,2750,Sometimes,3,"['Paper', 'Glass', 'Metal']",295,very frequently,4377
private,diesel,5220,Yes,4,['Metal'],128,rarely,2639
private,hybrid,987,No,5,"['Paper', 'Metal']",197,rarely,1612
private,petrol,1312,No,6,"['Paper', 'Glass', 'Metal']",80,very frequently,3636
walk/bicycle,No Vehicle,11,Yes,4,[],237,frequently,2240
public,No Vehicle,996,Sometimes,6,"['Paper', 'Plastic']",146,rarely,1348
walk/bicycle,No Vehicle,75,Yes,2,"['Plastic', 'Glass', 'Metal']",160,frequently,1431
public,No Vehicle,8,No,2,"['Glass', 'Metal']",54,never,892
public,No Vehicle,1047,Yes,6,['Metal'],255,very frequently,3112
public,No Vehicle,1433,Sometimes,5,"['Paper', 'Plastic', 'Metal']",295,very frequently,2865
private,hybrid,242,No,3,"['Plastic', 'Glass']",56,frequently,1907
private,petrol,9598,Sometimes,2,"['Paper', 'Plastic']",56,frequently,5677
public,No Vehicle,1735,Sometimes,2,"['Paper', 'Metal']",93,never,1272
private,hybrid,867,Sometimes,5,"['Paper', 'Plastic', 'Glass', 'Metal']",298,never,1459
public,No Vehicle,1091,Yes,6,"['Plastic', 'Glass', 'Metal']",216,frequently,3171
private,diesel,9169,Sometimes,2,"['Glass', 'Metal']",68,rarely,3357
private,petrol,5286,Yes,1,['Plastic'],206,very frequently,4313
public,No Vehicle,447,No,1,"['Plastic', 'Glass']",259,rarely,1762
public,No Vehicle,189,Yes,5,"['Glass', 'Metal']",132,rarely,2108
public,No Vehicle,89,Yes,2,"['Paper', 'Plastic', 'Glass']",149,never,874
private,diesel,9025,Sometimes,4,['Metal'],67,frequently,4571
private,petrol,6946,Yes,6,"['Paper', 'Plastic', 'Glass']",87,frequently,3936
private,diesel,4007,Yes,6,"['Paper', 'Plastic', 'Glass']",298,very frequently,4129
walk/bicycle,No Vehicle,35,Sometimes,2,"['Plastic', 'Metal']",110,frequently,1717
private,electric,2763,No,7,['Plastic'],111,frequently,1895
private,lpg,9300,Yes,1,"['Paper', 'Plastic']",53,frequently,5635
walk/bicycle,No Vehicle,67,No,3,"['Plastic', 'Metal']",214,never,1306
private,hybrid,2555,Yes,7,['Glass'],163,never,1790
public,No Vehicle,165,No,2,"['Paper', 'Plastic', 'Glass', 'Metal']",84,frequently,1772
walk/bicycle,No Vehicle,53,Sometimes,4,"['Plastic', 'Glass']",74,never,1305
walk/bicycle,No Vehicle,52,Yes,7,"['Plastic', 'Glass']",91,never,901
private,petrol,8728,No,4,"['Paper', 'Glass', 'Metal']",210,never,4179
private,petrol,9686,Yes,7,['Glass'],53,very frequently,6185
walk/bicycle,No Vehicle,51,No,1,"['Plastic', 'Glass']",85,never,460
walk/bicycle,No Vehicle,4,Sometimes,2,['Paper'],81,never,1165
private,hybrid,6041,Yes,5,"['Paper', 'Plastic', 'Glass', 'Metal']",72,rarely,2186
private,diesel,792,Sometimes,6,"['Plastic', 'Glass']",168,rarely,2701
private,lpg,6179,No,6,"['Paper', 'Plastic', 'Glass', 'Metal']",57,very frequently,5037
private,electric,6458,Sometimes,5,"['Paper', 'Plastic', 'Metal']",66,very frequently,1726
private,electric,3657,No,3,"['Paper', 'Glass', 'Metal']",94,never,796
walk/bicycle,No Vehicle,25,No,6,"['Paper', 'Glass', 'Metal']",51,frequently,1382
private,diesel,5201,Yes,3,"['Plastic', 'Glass', 'Metal']",255,frequently,3161
public,No Vehicle,1110,Yes,5,"['Plastic', 'Glass']",112,never,1206
private,hybrid,1354,Yes,2,['Glass'],162,rarely,2179
walk/bicycle,No Vehicle,94,No,5,"['Paper', 'Metal']",222,never,927
public,No Vehicle,1617,No,3,['Plastic'],84,never,1427
walk/bicycle,No Vehicle,69,Sometimes,3,"['Plastic', 'Metal']",220,rarely,1310
private,petrol,9580,No,4,"['Paper', 'Plastic', 'Glass', 'Metal']",297,never,5229
private,electric,1969,Yes,3,['Paper'],292,very frequently,2851
private,diesel,2877,No,7,"['Plastic', 'Glass', 'Metal']",190,never,2210
private,petrol,9486,No,7,['Plastic'],273,never,5302
private,lpg,6031,No,6,"['Plastic', 'Glass', 'Metal']",139,frequently,3157
walk/bicycle,No Vehicle,84,No,3,[],86,rarely,1948
private,diesel,2772,Sometimes,3,"['Paper', 'Plastic']",241,frequently,2028
public,No Vehicle,1360,No,7,['Plastic'],194,never,1727
public,No Vehicle,784,No,1,"['Glass', 'Metal']",237,very frequently,2175
private,lpg,615,No,1,"['Paper', 'Metal']",153,rarely,762
public,No Vehicle,693,Sometimes,2,"['Plastic', 'Metal']",133,very frequently,2126
public,No Vehicle,291,No,4,"['Paper', 'Plastic', 'Glass']",148,rarely,1680
private,hybrid,943,Yes,3,"['Paper', 'Metal']",83,very frequently,2644
walk/bicycle,No Vehicle,73,No,3,"['Paper', 'Glass', 'Metal']",184,very frequently,1809
public,No Vehicle,70,Yes,4,"['Paper', 'Glass']",186,never,1481
private,hybrid,5196,Yes,6,"['Plastic', 'Glass']",219,never,2520
public,No Vehicle,403,No,6,"['Glass', 'Metal']",109,frequently,2051
walk/bicycle,No Vehicle,7,No,3,"['Plastic', 'Metal']",102,frequently,1632
private,diesel,1078,Sometimes,2,"['Paper', 'Metal']",151,very frequently,2990
public,No Vehicle,1550,Yes,6,"['Plastic', 'Glass', 'Metal']",134,very frequently,2757
public,No Vehicle,1610,No,5,['Paper'],174,very frequently,3378
public,No Vehicle,730,Sometimes,1,"['Paper', 'Plastic', 'Glass']",115,never,942
public,No Vehicle,1779,Sometimes,4,"['Paper', 'Metal']",281,never,1334
walk/bicycle,No Vehicle,51,Sometimes,6,"['Paper', 'Plastic', 'Metal']",164,frequently,2423
private,hybrid,4490,Yes,1,"['Plastic', 'Metal']",252,very frequently,3225
private,diesel,1283,Sometimes,6,"['Paper', 'Plastic', 'Glass']",296,frequently,2675
private,petrol,8521,No,1,"['Paper', 'Glass', 'Metal']",93,rarely,4796
public,No Vehicle,1849,Sometimes,4,"['Paper', 'Plastic']",227,never,2274
walk/bicycle,No Vehicle,58,Yes,5,['Metal'],294,very frequently,3053
private,hybrid,1896,No,6,"['Plastic', 'Glass']",125,never,2345
public,No Vehicle,1932,Sometimes,5,['Glass'],151,very frequently,2922
public,No Vehicle,1527,No,5,[],146,rarely,1789
private,hybrid,4688,Sometimes,1,[],275,very frequently,3366
private,petrol,6843,Yes,2,"['Paper', 'Plastic']",279,very frequently,4929
private,hybrid,215,No,1,"['Paper', 'Plastic']",185,frequently,1989
walk/bicycle,No Vehicle,39,Yes,1,['Paper'],136,rarely,922
public,No Vehicle,772,No,5,"['Paper', 'Plastic', 'Glass', 'Metal']",87,very frequently,2605
walk/bicycle,No Vehicle,40,Sometimes,1,"['Paper', 'Metal']",204,very frequently,2148
private,electric,7618,Yes,3,"['Glass', 'Metal']",260,frequently,2290
walk/bicycle,No Vehicle,72,No,7,"['Glass', 'Metal']",161,never,1857
public,No Vehicle,1951,Sometimes,5,['Paper'],228,rarely,1831
walk/bicycle,No Vehicle,10,Sometimes,1,"['Paper', 'Plastic', 'Glass', 'Metal']",96,frequently,1276
walk/bicycle,No Vehicle,29,Sometimes,7,['Paper'],262,rarely,1236
private,lpg,4791,Yes,6,"['Plastic', 'Glass', 'Metal']",75,never,2403
public,No Vehicle,1515,Sometimes,4,"['Paper', 'Plastic']",146,frequently,1913
walk/bicycle,No Vehicle,56,Sometimes,2,"['Plastic', 'Glass', 'Metal']",146,very frequently,2164
public,No Vehicle,1682,Sometimes,4,"['Paper', 'Plastic', 'Metal']",125,never,2150
walk/bicycle,No Vehicle,70,Yes,7,"['Paper', 'Metal']",118,rarely,1488
private,diesel,8537,No,5,"['Paper', 'Glass']",173,never,3373
private,hybrid,8666,Sometimes,1,"['Paper', 'Metal']",63,very frequently,3584
walk/bicycle,No Vehicle,64,No,7,"['Plastic', 'Glass']",213,rarely,1936
walk/bicycle,No Vehicle,45,Sometimes,7,"['Plastic', 'Glass']",65,rarely,2636
public,No Vehicle,278,Sometimes,5,[],111,frequently,1560
public,No Vehicle,1410,Yes,2,"['Paper', 'Glass']",183,frequently,2080
public,No Vehicle,1203,Sometimes,7,"['Paper', 'Glass', 'Metal']",206,never,1315
public,No Vehicle,769,Sometimes,5,"['Plastic', 'Metal']",220,frequently,2032
private,hybrid,9331,Sometimes,3,['Glass'],179,rarely,3168
private,lpg,7981,Sometimes,5,['Plastic'],180,rarely,3984
public,No Vehicle,564,Yes,5,[],90,frequently,1666
walk/bicycle,No Vehicle,34,Sometimes,3,"['Plastic', 'Metal']",210,never,1005
private,diesel,6585,Yes,6,['Paper'],165,rarely,4342
walk/bicycle,No Vehicle,47,Sometimes,3,"['Paper', 'Plastic', 'Metal']",127,frequently,1985
public,No Vehicle,1335,Yes,5,"['Paper', 'Glass']",187,frequently,1495
public,No Vehicle,1954,Yes,6,"['Paper', 'Glass']",161,never,1623
private,petrol,6179,No,3,"['Paper', 'Glass']",79,never,2578
private,diesel,8098,No,6,"['Paper', 'Plastic']",112,never,3942
walk/bicycle,No Vehicle,27,Yes,5,"['Paper', 'Metal']",179,frequently,1670
private,hybrid,5877,Yes,7,"['Plastic', 'Glass', 'Metal']",143,very frequently,4141
public,No Vehicle,1582,No,1,"['Paper', 'Plastic']",257,never,1222
private,lpg,7686,Yes,4,['Paper'],103,very frequently,4648
walk/bicycle,No Vehicle,62,Sometimes,7,"['Paper', 'Plastic']",81,frequently,1663
public,No Vehicle,764,Sometimes,6,[],117,rarely,1580
walk/bicycle,No Vehicle,63,Yes,6,['Glass'],178,very frequently,3504
public,No Vehicle,1361,No,6,"['Paper', 'Glass']",198,frequently,2588
private,electric,4547,No,4,['Paper'],122,frequently,2871
walk/bicycle,No Vehicle,97,No,4,"['Paper', 'Plastic']",260,very frequently,3571
public,No Vehicle,1346,Yes,7,['Glass'],99,rarely,1267
private,petrol,1669,Sometimes,4,"['Paper', 'Glass', 'Metal']",122,very frequently,2161
walk/bicycle,No Vehicle,18,Yes,7,"['Paper', 'Plastic', 'Glass', 'Metal']",260,frequently,2558
walk/bicycle,No Vehicle,11,Yes,1,"['Paper', 'Glass', 'Metal']",251,never,306
private,diesel,887,Yes,5,['Metal'],68,very frequently,3829
public,No Vehicle,834,Yes,1,"['Plastic', 'Glass']",130,rarely,1610
private,diesel,3106,Sometimes,4,"['Plastic', 'Glass', 'Metal']",92,frequently,2956
private,diesel,2052,Sometimes,3,[],54,very frequently,3907
public,No Vehicle,360,No,3,[],101,very frequently,2425
private,petrol,7023,Sometimes,7,['Paper'],247,rarely,4000
walk/bicycle,No Vehicle,25,Sometimes,2,['Paper'],58,never,1204
private,hybrid,1481,Sometimes,3,"['Paper', 'Plastic', 'Metal']",197,frequently,2637
private,lpg,2484,Yes,1,"['Glass', 'Metal']",83,frequently,1733
public,No Vehicle,1762,Sometimes,4,['Glass'],221,frequently,1857
walk/bicycle,No Vehicle,27,Sometimes,5,['Glass'],212,frequently,2564
walk/bicycle,No Vehicle,16,Sometimes,1,[],110,rarely,1892
walk/bicycle,No Vehicle,26,No,1,"['Plastic', 'Glass']",87,rarely,1881
private,diesel,6020,Sometimes,5,['Plastic'],218,very frequently,6094
public,No Vehicle,1395,Sometimes,2,"['Paper', 'Plastic', 'Metal']",211,frequently,2238
walk/bicycle,No Vehicle,61,No,7,"['Paper', 'Plastic']",266,very frequently,3833
walk/bicycle,No Vehicle,75,Sometimes,4,"['Glass', 'Metal']",229,never,1481
public,No Vehicle,1365,No,3,"['Paper', 'Plastic', 'Glass']",288,very frequently,2469
private,lpg,8299,Sometimes,2,"['Paper', 'Glass']",73,never,3469
public,No Vehicle,1062,No,1,"['Paper', 'Plastic', 'Glass', 'Metal']",196,never,749
walk/bicycle,No Vehicle,45,Sometimes,7,"['Paper', 'Plastic']",153,frequently,1821
public,No Vehicle,316,Yes,3,"['Plastic', 'Glass', 'Metal']",113,rarely,1164
public,No Vehicle,1829,Yes,4,"['Paper', 'Plastic', 'Glass', 'Metal']",177,frequently,1555
walk/bicycle,No Vehicle,12,Sometimes,6,"['Paper', 'Plastic', 'Glass']",282,rarely,2322
walk/bicycle,No Vehicle,38,No,2,"['Paper', 'Glass', 'Metal']",142,very frequently,2378
private,electric,4439,Sometimes,1,"['Paper', 'Plastic', 'Metal']",131,frequently,1926
private,hybrid,7904,Yes,5,['Paper'],199,rarely,2665
public,No Vehicle,1535,Yes,7,['Paper'],171,never,2510
walk/bicycle,No Vehicle,28,No,5,['Paper'],232,frequently,1837
walk/bicycle,No Vehicle,11,Sometimes,4,"['Paper', 'Plastic', 'Glass', 'Metal']",227,rarely,1437
walk/bicycle,No Vehicle,56,Yes,7,"['Plastic', 'Glass', 'Metal']",277,frequently,2563
public,No Vehicle,1844,No,5,"['Paper', 'Plastic', 'Metal']",210,frequently,2345
public,No Vehicle,1131,No,3,[],226,never,1805
public,No Vehicle,145,Sometimes,5,"['Paper', 'Plastic', 'Metal']",158,frequently,1643
public,No Vehicle,672,No,6,"['Glass', 'Metal']",279,frequently,2196
private,electric,1637,Sometimes,7,['Plastic'],298,never,2443
private,electric,6893,No,3,['Plastic'],234,frequently,1699
private,lpg,66,Sometimes,6,"['Plastic', 'Glass', 'Metal']",247,frequently,2145
public,No Vehicle,1734,No,6,"['Paper', 'Plastic']",150,rarely,1632
walk/bicycle,No Vehicle,38,Sometimes,6,"['Plastic', 'Glass', 'Metal']",110,frequently,2035
private,diesel,4733,Yes,1,"['Glass', 'Metal']",221,very frequently,4263
walk/bicycle,No Vehicle,33,Sometimes,6,['Glass'],69,very frequently,2926
public,No Vehicle,2,Sometimes,6,"['Plastic', 'Metal']",129,very frequently,2052
public,No Vehicle,670,Sometimes,5,"['Paper', 'Plastic', 'Glass']",133,never,833
public,No Vehicle,1370,Sometimes,4,"['Paper', 'Plastic', 'Glass']",56,frequently,2014
private,electric,550,Yes,2,"['Paper', 'Plastic', 'Glass']",157,very frequently,2475
walk/bicycle,No Vehicle,75,Sometimes,3,"['Paper', 'Glass']",203,never,1822
public,No Vehicle,31,Yes,6,"['Paper', 'Glass', 'Metal']",268,very frequently,2967
private,lpg,5868,Yes,4,['Plastic'],140,rarely,3098
private,electric,9219,Sometimes,1,['Plastic'],189,never,893
public,No Vehicle,330,No,1,['Plastic'],234,rarely,1456
walk/bicycle,No Vehicle,85,Sometimes,1,['Plastic'],127,very frequently,2028
private,diesel,2267,No,2,['Paper'],168,very frequently,2662
public,No Vehicle,1713,Sometimes,6,['Plastic'],154,never,1190
walk/bicycle,No Vehicle,81,No,5,"['Paper', 'Plastic', 'Metal']",257,very frequently,2197
private,diesel,5165,No,3,['Metal'],107,rarely,2534
private,petrol,7189,No,5,"['Plastic', 'Glass']",65,frequently,5158
walk/bicycle,No Vehicle,88,Sometimes,5,['Paper'],222,never,1518
public,No Vehicle,348,Sometimes,1,"['Paper', 'Plastic', 'Metal']",218,frequently,1376
private,hybrid,8108,Yes,6,"['Paper', 'Plastic', 'Metal']",238,very frequently,4202
private,diesel,5349,No,5,"['Paper', 'Metal']",109,frequently,3693
walk/bicycle,No Vehicle,52,Sometimes,1,[],136,rarely,1611
private,hybrid,8930,Sometimes,7,[],250,very frequently,4814
walk/bicycle,No Vehicle,10,Sometimes,4,"['Paper', 'Metal']",136,never,1151
private,electric,8712,No,4,"['Paper', 'Plastic']",151,very frequently,3392
private,petrol,3422,No,4,"['Paper', 'Plastic', 'Glass', 'Metal']",245,very frequently,4080
public,No Vehicle,1798,Yes,1,"['Paper', 'Plastic', 'Metal']",103,frequently,2158
private,diesel,6028,Yes,5,"['Paper', 'Glass']",228,very frequently,3758
walk/bicycle,No Vehicle,2,Yes,6,"['Plastic', 'Glass']",155,never,1865
public,No Vehicle,427,No,1,"['Plastic', 'Metal']",116,frequently,2325
walk/bicycle,No Vehicle,34,No,2,['Plastic'],85,frequently,1930
walk/bicycle,No Vehicle,65,No,2,[],119,frequently,1910
private,diesel,8609,No,3,"['Glass', 'Metal']",288,frequently,2779
public,No Vehicle,164,Yes,1,['Plastic'],60,frequently,1739
walk/bicycle,No Vehicle,43,Yes,1,"['Paper', 'Plastic', 'Glass']",85,rarely,910
public,No Vehicle,1449,Yes,3,['Plastic'],152,never,1467
public,No Vehicle,1849,Yes,5,['Paper'],278,rarely,2344
public,No Vehicle,1921,Yes,7,"['Paper', 'Metal']",95,rarely,1344
private,hybrid,454,Yes,3,"['Plastic', 'Metal']",88,never,1851
walk/bicycle,No Vehicle,0,Sometimes,1,[],268,very frequently,2700
private,petrol,2752,No,2,"['Paper', 'Metal']",155,never,1694
public,No Vehicle,1065,Yes,7,"['Paper', 'Glass']",244,never,2112
public,No Vehicle,749,Sometimes,6,"['Paper', 'Glass']",68,frequently,2098
walk/bicycle,No Vehicle,58,Sometimes,5,"['Paper', 'Glass', 'Metal']",87,very frequently,2775
private,lpg,1071,Sometimes,1,['Plastic'],130,never,1786
walk/bicycle,No Vehicle,30,Yes,7,['Glass'],191,never,2437
private,electric,7031,Sometimes,2,['Metal'],299,very frequently,2780
private,lpg,4298,No,5,"['Paper', 'Plastic', 'Metal']",65,frequently,3006
private,lpg,7618,Sometimes,2,"['Paper', 'Glass']",245,never,3114
private,lpg,8301,No,6,"['Paper', 'Glass', 'Metal']",279,frequently,3727
public,No Vehicle,1882,No,2,"['Paper', 'Glass', 'Metal']",122,rarely,1302
public,No Vehicle,207,Yes,6,"['Plastic', 'Glass', 'Metal']",248,very frequently,2556
public,No Vehicle,671,No,5,"['Paper', 'Metal']",50,frequently,1956
walk/bicycle,No Vehicle,46,Yes,1,"['Glass', 'Metal']",239,never,734
walk/bicycle,No Vehicle,66,No,3,['Metal'],77,frequently,2413
private,lpg,7523,No,4,"['Plastic', 'Glass', 'Metal']",107,very frequently,4124
walk/bicycle,No Vehicle,51,No,2,['Metal'],243,very frequently,2759
walk/bicycle,No Vehicle,96,Sometimes,3,"['Paper', 'Plastic']",213,frequently,1667
private,diesel,7757,No,4,"['Plastic', 'Metal']",72,frequently,2988
walk/bicycle,No Vehicle,79,Sometimes,7,"['Paper', 'Glass', 'Metal']",152,never,1690
private,diesel,3748,Yes,7,"['Paper', 'Metal']",258,very frequently,3791
private,petrol,3148,No,7,"['Paper', 'Metal']",179,frequently,3630
private,petrol,5151,Sometimes,4,['Metal'],198,rarely,3341
walk/bicycle,No Vehicle,84,Yes,7,"['Plastic', 'Glass', 'Metal']",182,frequently,2903
private,lpg,8585,Yes,7,['Glass'],58,never,3942
public,No Vehicle,1113,No,1,[],296,frequently,2066
public,No Vehicle,1238,Yes,2,"['Paper', 'Metal']",66,very frequently,2527
private,electric,7677,No,5,"['Paper', 'Glass']",73,very frequently,2551
public,No Vehicle,1176,No,5,['Glass'],211,never,1954
walk/bicycle,No Vehicle,22,No,6,"['Plastic', 'Glass']",221,rarely,1451
public,No Vehicle,1797,Sometimes,2,"['Paper', 'Metal']",119,rarely,992
private,hybrid,2456,No,3,"['Paper', 'Plastic', 'Glass']",240,never,1710
private,petrol,3229,Yes,1,"['Paper', 'Plastic']",261,very frequently,4352
private,hybrid,3294,Yes,3,['Plastic'],149,never,2062
private,electric,5409,Yes,5,"['Paper', 'Glass']",178,very frequently,1886
public,No Vehicle,561,Yes,4,['Paper'],190,very frequently,2321
private,diesel,9427,Sometimes,3,['Metal'],199,rarely,3781
private,electric,131,Sometimes,4,"['Glass', 'Metal']",177,frequently,1227
walk/bicycle,No Vehicle,34,No,2,[],70,rarely,1481
walk/bicycle,No Vehicle,93,No,2,['Plastic'],237,never,1325
private,electric,8843,Sometimes,1,"['Paper', 'Plastic', 'Glass', 'Metal']",89,very frequently,1945
private,diesel,556,Sometimes,4,['Glass'],95,very frequently,2812
public,No Vehicle,1733,No,3,"['Paper', 'Plastic', 'Glass']",260,frequently,2213
public,No Vehicle,49,Sometimes,7,"['Plastic', 'Glass', 'Metal']",68,never,1287
walk/bicycle,No Vehicle,60,Yes,6,[],201,very frequently,2603
public,No Vehicle,284,Sometimes,7,"['Paper', 'Metal']",85,very frequently,2394
public,No Vehicle,446,Yes,1,"['Paper', 'Plastic', 'Metal']",78,very frequently,2292
private,hybrid,5956,Yes,4,"['Plastic', 'Metal']",58,never,1707
walk/bicycle,No Vehicle,17,No,6,"['Paper', 'Plastic']",94,very frequently,2757
public,No Vehicle,863,Yes,3,"['Paper', 'Plastic', 'Glass', 'Metal']",102,never,955
public,No Vehicle,596,Sometimes,1,"['Paper', 'Plastic']",236,frequently,1684
private,hybrid,3325,Yes,6,[],111,very frequently,3149
public,No Vehicle,235,Yes,3,['Glass'],170,frequently,1806
public,No Vehicle,1952,No,1,"['Plastic', 'Glass', 'Metal']",195,rarely,782
public,No Vehicle,1963,Yes,4,"['Paper', 'Plastic', 'Glass']",285,frequently,2485
private,lpg,3055,No,6,['Paper'],281,frequently,3412
private,diesel,8077,Yes,2,['Metal'],287,rarely,3509
private,petrol,2077,No,1,"['Paper', 'Plastic', 'Glass', 'Metal']",185,rarely,2626
private,electric,5043,Sometimes,5,['Plastic'],278,frequently,2268
walk/bicycle,No Vehicle,69,Yes,2,"['Paper', 'Plastic', 'Metal']",278,rarely,1642
private,petrol,7179,Sometimes,6,"['Glass', 'Metal']",249,never,3821
private,petrol,7186,No,5,"['Paper', 'Plastic', 'Glass']",60,rarely,3508
public,No Vehicle,127,Yes,4,['Plastic'],276,rarely,2229
walk/bicycle,No Vehicle,79,Sometimes,3,"['Paper', 'Plastic', 'Glass', 'Metal']",285,frequently,2221
public,No Vehicle,1649,Yes,2,['Glass'],158,never,1358
private,lpg,7486,No,5,['Glass'],77,very frequently,4359
private,hybrid,3604,No,1,[],107,rarely,1824
private,diesel,5037,Yes,2,"['Paper', 'Plastic', 'Metal']",172,frequently,2946
private,lpg,4071,Sometimes,5,[],105,rarely,2195
private,hybrid,7430,No,5,[],132,rarely,3284
walk/bicycle,No Vehicle,7,Yes,3,['Plastic'],144,rarely,1246
walk/bicycle,No Vehicle,14,Sometimes,7,"['Paper', 'Plastic', 'Metal']",135,rarely,1780
walk/bicycle,No Vehicle,20,No,1,"['Paper', 'Plastic']",178,frequently,1551
public,No Vehicle,1283,Yes,7,"['Glass', 'Metal']",216,frequently,2809
walk/bicycle,No Vehicle,92,No,2,['Metal'],244,very frequently,2269
private,lpg,4989,No,1,['Metal'],151,rarely,2642
walk/bicycle,No Vehicle,18,Sometimes,6,"['Paper', 'Plastic']",259,never,2009
walk/bicycle,No Vehicle,54,Yes,3,['Plastic'],241,frequently,2168
public,No Vehicle,506,Yes,5,['Plastic'],271,very frequently,3114
walk/bicycle,No Vehicle,52,Sometimes,1,['Paper'],178,never,1736
public,No Vehicle,559,No,2,"['Paper', 'Metal']",151,never,1180
public,No Vehicle,1230,Sometimes,1,"['Plastic', 'Glass', 'Metal']",80,never,1107
public,No Vehicle,737,Yes,5,"['Paper', 'Glass']",281,very frequently,2919
public,No Vehicle,550,Yes,3,"['Paper', 'Plastic', 'Glass', 'Metal']",179,frequently,2539
walk/bicycle,No Vehicle,71,Yes,7,"['Glass', 'Metal']",150,very frequently,3244
private,hybrid,2041,No,2,"['Plastic', 'Glass']",110,never,1804
public,No Vehicle,68,No,3,"['Plastic', 'Metal']",101,never,881
public,No Vehicle,677,No,6,"['Paper', 'Plastic', 'Metal']",87,very frequently,2857
private,diesel,2212,Sometimes,7,[],222,frequently,3319
walk/bicycle,No Vehicle,39,No,6,"['Paper', 'Glass']",118,rarely,926
private,lpg,3368,No,7,"['Paper', 'Plastic', 'Metal']",235,never,2042
public,No Vehicle,1219,Yes,4,['Metal'],173,frequently,1920
private,diesel,3757,No,3,['Glass'],216,frequently,2451
public,No Vehicle,552,Yes,2,"['Glass', 'Metal']",97,very frequently,2196
walk/bicycle,No Vehicle,2,Yes,7,['Paper'],193,very frequently,2929
private,lpg,5134,No,5,"['Paper', 'Plastic', 'Glass']",144,rarely,2714
private,lpg,1230,No,2,"['Glass', 'Metal']",188,very frequently,3088
public,No Vehicle,377,Sometimes,2,['Paper'],270,never,895
private,diesel,1630,No,5,[],167,very frequently,3231
private,electric,3900,No,6,"['Paper', 'Plastic', 'Glass', 'Metal']",181,very frequently,2312
public,No Vehicle,165,Yes,7,['Glass'],99,rarely,1743
public,No Vehicle,1100,Sometimes,4,"['Paper', 'Glass']",143,rarely,1741
walk/bicycle,No Vehicle,37,Sometimes,2,"['Paper', 'Plastic']",88,very frequently,3309
public,No Vehicle,1215,Sometimes,3,"['Paper', 'Plastic', 'Glass']",102,rarely,1177
walk/bicycle,No Vehicle,8,No,7,"['Paper', 'Plastic']",149,frequently,1631
public,No Vehicle,302,No,6,"['Paper', 'Plastic', 'Metal']",76,frequently,2524
public,No Vehicle,1343,Sometimes,7,"['Paper', 'Plastic', 'Glass']",268,frequently,2167
private,lpg,9671,No,3,"['Paper', 'Plastic', 'Metal']",246,very frequently,4922
private,diesel,6465,Yes,2,"['Paper', 'Plastic']",54,rarely,2328
public,No Vehicle,647,Yes,1,"['Paper', 'Plastic', 'Glass', 'Metal']",158,never,940
private,diesel,421,Sometimes,2,"['Paper', 'Plastic', 'Metal']",94,frequently,1146
walk/bicycle,No Vehicle,50,No,1,"['Paper', 'Glass']",173,very frequently,3287
walk/bicycle,No Vehicle,16,Yes,4,['Metal'],124,frequently,1835
private,lpg,4276,Sometimes,6,"['Paper', 'Plastic', 'Glass']",86,very frequently,3197
private,electric,2218,Yes,1,['Glass'],174,frequently,1984
private,hybrid,6994,Sometimes,4,"['Glass', 'Metal']",185,rarely,2079
private,hybrid,6883,Sometimes,3,"['Paper', 'Glass']",296,very frequently,3122
private,hybrid,4737,Yes,7,"['Plastic', 'Glass', 'Metal']",87,frequently,2545
walk/bicycle,No Vehicle,43,Sometimes,2,['Paper'],122,very frequently,2620
private,electric,5027,Yes,6,['Metal'],173,frequently,1799
private,petrol,5330,Yes,7,"['Paper', 'Glass']",135,rarely,2813
private,hybrid,7390,Sometimes,3,"['Paper', 'Plastic', 'Glass']",165,very frequently,3040
public,No Vehicle,1586,Yes,5,"['Paper', 'Plastic', 'Glass']",223,rarely,1327
public,No Vehicle,224,Sometimes,7,"['Glass', 'Metal']",85,very frequently,2752
private,lpg,2929,Yes,6,['Metal'],263,rarely,2211
walk/bicycle,No Vehicle,81,Yes,7,"['Paper', 'Glass', 'Metal']",191,frequently,1589
walk/bicycle,No Vehicle,61,Yes,5,['Paper'],224,very frequently,2905
private,lpg,546,Sometimes,3,[],150,frequently,2594
public,No Vehicle,1560,No,3,"['Plastic', 'Glass']",149,rarely,1515
public,No Vehicle,560,No,6,"['Paper', 'Plastic']",144,never,2281
walk/bicycle,No Vehicle,93,Sometimes,2,"['Plastic', 'Glass', 'Metal']",170,frequently,2003
walk/bicycle,No Vehicle,39,No,6,"['Paper', 'Plastic', 'Glass']",198,frequently,1163
private,diesel,9745,No,1,"['Plastic', 'Metal']",128,very frequently,4556
walk/bicycle,No Vehicle,74,Yes,6,"['Paper', 'Plastic', 'Glass']",81,never,1417
public,No Vehicle,1846,Yes,5,"['Paper', 'Plastic', 'Glass', 'Metal']",93,never,899
public,No Vehicle,706,Sometimes,7,"['Plastic', 'Metal']",295,never,1221
walk/bicycle,No Vehicle,21,No,3,['Paper'],119,very frequently,2186
public,No Vehicle,103,No,3,"['Paper', 'Plastic']",222,frequently,1538
walk/bicycle,No Vehicle,52,Sometimes,7,[],298,never,2502
private,electric,8797,Yes,7,"['Paper', 'Glass', 'Metal']",52,never,1059
walk/bicycle,No Vehicle,47,No,1,"['Glass', 'Metal']",299,never,820
public,No Vehicle,1967,Sometimes,4,"['Paper', 'Metal']",92,rarely,1348
private,lpg,9980,Sometimes,7,[],273,rarely,5663
public,No Vehicle,1232,No,5,"['Glass', 'Metal']",62,rarely,904
walk/bicycle,No Vehicle,51,Yes,5,"['Paper', 'Glass']",231,frequently,3046
private,lpg,3192,Yes,4,['Glass'],146,rarely,2248
walk/bicycle,No Vehicle,24,Sometimes,4,['Glass'],182,very frequently,2436
walk/bicycle,No Vehicle,50,Sometimes,4,['Glass'],181,very frequently,3172
private,petrol,798,Sometimes,3,['Paper'],78,rarely,2401
public,No Vehicle,409,Sometimes,1,"['Paper', 'Glass']",140,rarely,1224
private,electric,2389,Yes,5,"['Paper', 'Plastic', 'Glass']",229,never,1480
private,lpg,9773,Sometimes,2,"['Paper', 'Plastic']",82,frequently,4307
public,No Vehicle,1328,Yes,2,"['Paper', 'Glass']",284,never,1638
public,No Vehicle,1478,Yes,4,"['Plastic', 'Glass', 'Metal']",155,never,1110
public,No Vehicle,1308,No,3,"['Paper', 'Plastic', 'Glass', 'Metal']",245,very frequently,2449
private,diesel,3310,Sometimes,4,"['Paper', 'Plastic']",230,very frequently,3881
walk/bicycle,No Vehicle,75,No,2,"['Glass', 'Metal']",139,never,1576
public,No Vehicle,1774,Yes,1,['Metal'],175,never,980
private,hybrid,2910,No,3,[],95,frequently,2708
walk/bicycle,No Vehicle,98,Yes,1,"['Paper', 'Plastic', 'Glass']",70,rarely,909
walk/bicycle,No Vehicle,13,No,6,"['Plastic', 'Glass', 'Metal']",167,very frequently,3690
public,No Vehicle,1098,No,7,"['Glass', 'Metal']",210,frequently,2416
walk/bicycle,No Vehicle,0,Yes,7,"['Paper', 'Plastic', 'Glass', 'Metal']",294,never,1276
public,No Vehicle,854,Sometimes,4,['Glass'],146,rarely,1499
walk/bicycle,No Vehicle,85,No,3,['Glass'],140,very frequently,3069
walk/bicycle,No Vehicle,89,Sometimes,1,"['Paper', 'Plastic', 'Metal']",239,very frequently,2696
private,hybrid,7715,No,2,['Paper'],258,rarely,3432
walk/bicycle,No Vehicle,59,Sometimes,2,"['Paper', 'Plastic', 'Glass']",108,never,763
walk/bicycle,No Vehicle,51,No,5,"['Paper', 'Plastic', 'Metal']",291,rarely,1531
private,petrol,2553,Yes,3,"['Plastic', 'Glass']",188,rarely,3050
walk/bicycle,No Vehicle,65,No,3,['Plastic'],142,never,1988
public,No Vehicle,274,Sometimes,4,"['Paper', 'Glass', 'Metal']",69,very frequently,1852
walk/bicycle,No Vehicle,50,No,2,"['Paper', 'Glass']",209,very frequently,2296
public,No Vehicle,219,No,7,['Plastic'],58,frequently,1757
private,hybrid,6510,Yes,6,"['Paper', 'Glass', 'Metal']",231,frequently,2744
walk/bicycle,No Vehicle,18,No,2,"['Paper', 'Plastic', 'Metal']",216,rarely,1985
public,No Vehicle,1118,No,4,"['Paper', 'Plastic', 'Metal']",163,never,1275
public,No Vehicle,1095,Sometimes,1,"['Paper', 'Plastic']",147,rarely,1586
walk/bicycle,No Vehicle,23,Yes,4,"['Paper', 'Glass', 'Metal']",217,rarely,1681
walk/bicycle,No Vehicle,83,Sometimes,4,"['Paper', 'Glass']",238,frequently,2230
walk/bicycle,No Vehicle,20,No,7,"['Glass', 'Metal']",251,frequently,3099
private,hybrid,7285,Sometimes,1,"['Plastic', 'Glass']",60,never,1757
public,No Vehicle,405,Yes,4,"['Paper', 'Metal']",175,rarely,1532
private,petrol,6743,No,1,[],266,frequently,4416
walk/bicycle,No Vehicle,8,Sometimes,6,"['Paper', 'Plastic', 'Metal']",114,rarely,1701
walk/bicycle,No Vehicle,41,Sometimes,7,[],132,very frequently,4194
public,No Vehicle,1059,No,3,"['Paper', 'Metal']",106,frequently,1634
walk/bicycle,No Vehicle,49,No,2,['Glass'],108,rarely,1329
walk/bicycle,No Vehicle,26,Sometimes,7,[],145,very frequently,2901
public,No Vehicle,1345,Sometimes,2,[],84,frequently,2536
walk/bicycle,No Vehicle,93,No,4,['Paper'],171,very frequently,3100
walk/bicycle,No Vehicle,0,Yes,3,"['Paper', 'Glass']",68,very frequently,2180
walk/bicycle,No Vehicle,63,No,6,"['Plastic', 'Glass', 'Metal']",275,never,1629
walk/bicycle,No Vehicle,44,Yes,2,"['Glass', 'Metal']",217,never,1493
private,petrol,1025,Yes,1,['Glass'],139,rarely,1543
public,No Vehicle,265,Yes,1,"['Plastic', 'Metal']",141,frequently,1389
walk/bicycle,No Vehicle,59,No,7,"['Paper', 'Plastic']",146,rarely,2118
walk/bicycle,No Vehicle,60,Sometimes,6,"['Paper', 'Glass']",221,frequently,2288
public,No Vehicle,1906,Yes,5,['Metal'],198,frequently,2167
private,electric,6798,Sometimes,5,"['Paper', 'Plastic', 'Glass']",296,frequently,2055
public,No Vehicle,996,No,3,"['Paper', 'Plastic', 'Glass', 'Metal']",110,very frequently,2618
private,diesel,3002,No,1,['Glass'],204,very frequently,3468
walk/bicycle,No Vehicle,34,No,2,['Plastic'],108,never,1515
public,No Vehicle,29,No,4,[],285,frequently,2747
public,No Vehicle,525,No,4,['Metal'],98,never,1261
private,diesel,1298,Yes,6,"['Paper', 'Plastic']",122,never,2690
private,petrol,8881,Yes,7,['Paper'],282,rarely,4323
public,No Vehicle,567,Yes,7,[],78,very frequently,2978
public,No Vehicle,673,No,1,"['Paper', 'Plastic']",74,frequently,1463
walk/bicycle,No Vehicle,9,Sometimes,6,"['Plastic', 'Glass']",176,never,2181
public,No Vehicle,970,No,1,['Plastic'],228,rarely,1951
public,No Vehicle,541,No,6,"['Plastic', 'Glass']",143,very frequently,3080
private,hybrid,49,No,4,"['Glass', 'Metal']",86,very frequently,2363
walk/bicycle,No Vehicle,51,Yes,4,"['Paper', 'Glass', 'Metal']",117,never,1408
walk/bicycle,No Vehicle,80,No,4,['Glass'],165,frequently,1550
private,petrol,8741,Yes,1,"['Paper', 'Plastic', 'Glass']",223,never,4562
public,No Vehicle,1863,Sometimes,7,"['Paper', 'Plastic']",57,very frequently,3415
walk/bicycle,No Vehicle,99,No,3,"['Plastic', 'Glass']",172,very frequently,3114
walk/bicycle,No Vehicle,23,Yes,7,"['Plastic', 'Metal']",292,very frequently,2668
public,No Vehicle,159,Yes,1,"['Paper', 'Plastic', 'Metal']",298,never,1242
public,No Vehicle,287,Yes,4,"['Paper', 'Glass', 'Metal']",134,very frequently,2358
public,No Vehicle,1539,No,6,['Glass'],244,very frequently,3401
private,diesel,9828,No,7,"['Glass', 'Metal']",122,very frequently,4490
private,electric,3457,Yes,1,"['Glass', 'Metal']",153,very frequently,1859
public,No Vehicle,1792,No,2,"['Paper', 'Plastic', 'Glass', 'Metal']",236,rarely,1057
private,petrol,7934,No,3,"['Paper', 'Glass']",202,rarely,4631
public,No Vehicle,1312,Yes,2,['Plastic'],79,never,1065
walk/bicycle,No Vehicle,33,No,1,"['Paper', 'Plastic']",228,rarely,1094
private,diesel,9242,Yes,7,"['Paper', 'Plastic', 'Glass', 'Metal']",212,rarely,3085
walk/bicycle,No Vehicle,75,Sometimes,6,"['Paper', 'Plastic', 'Glass', 'Metal']",239,very frequently,2542
private,diesel,9704,Yes,4,"['Paper', 'Plastic', 'Metal']",166,never,2969
public,No Vehicle,1204,No,1,['Plastic'],161,never,1320
walk/bicycle,No Vehicle,37,Sometimes,5,"['Paper', 'Glass', 'Metal']",225,rarely,2155
private,diesel,7988,No,2,"['Paper', 'Plastic', 'Glass', 'Metal']",253,never,3641
public,No Vehicle,882,No,4,"['Plastic', 'Metal']",295,very frequently,3199
private,lpg,3194,Sometimes,6,"['Paper', 'Plastic']",107,rarely,2796
walk/bicycle,No Vehicle,79,No,3,"['Glass', 'Metal']",256,very frequently,2654
public,No Vehicle,675,Yes,2,"['Plastic', 'Glass', 'Metal']",203,never,1236
walk/bicycle,No Vehicle,85,Sometimes,3,"['Plastic', 'Glass', 'Metal']",84,very frequently,2233
public,No Vehicle,648,Sometimes,5,['Metal'],179,rarely,2708
public,No Vehicle,718,No,7,['Glass'],57,never,1184
public,No Vehicle,393,Yes,5,"['Plastic', 'Glass', 'Metal']",154,never,1099
public,No Vehicle,270,Sometimes,5,['Glass'],276,rarely,1526
public,No Vehicle,1638,Yes,7,[],250,rarely,1870
walk/bicycle,No Vehicle,35,Yes,6,"['Plastic', 'Glass']",184,never,1833
public,No Vehicle,1423,Sometimes,4,"['Paper', 'Metal']",179,very frequently,3516
public,No Vehicle,435,Yes,7,"['Paper', 'Plastic']",66,very frequently,2333
walk/bicycle,No Vehicle,25,Yes,5,['Glass'],50,rarely,2718
public,No Vehicle,1950,No,3,"['Glass', 'Metal']",130,rarely,1916
private,lpg,3654,Sometimes,5,"['Glass', 'Metal']",213,rarely,2637
walk/bicycle,No Vehicle,74,No,3,"['Paper', 'Plastic', 'Metal']",233,rarely,1126
walk/bicycle,No Vehicle,72,Sometimes,1,"['Plastic', 'Metal']",297,rarely,1066
walk/bicycle,No Vehicle,57,No,3,"['Plastic', 'Glass']",79,frequently,1855
private,lpg,370,No,1,"['Plastic', 'Metal']",139,frequently,2258
walk/bicycle,No Vehicle,70,No,2,"['Paper', 'Plastic', 'Metal']",178,never,1385
private,lpg,8001,No,2,"['Paper', 'Glass']",293,never,3201
walk/bicycle,No Vehicle,22,Yes,7,"['Glass', 'Metal']",64,very frequently,2771
public,No Vehicle,520,No,3,"['Plastic', 'Glass']",242,never,1331
private,electric,8876,Yes,7,[],170,frequently,2608
walk/bicycle,No Vehicle,44,Sometimes,4,"['Paper', 'Glass', 'Metal']",155,never,1414
public,No Vehicle,402,Sometimes,7,"['Plastic', 'Glass']",255,frequently,2339
public,No Vehicle,1679,Sometimes,1,"['Paper', 'Glass']",147,very frequently,2783
private,diesel,7440,No,7,"['Plastic', 'Glass']",160,never,4039
private,lpg,678,Yes,7,"['Paper', 'Glass', 'Metal']",85,very frequently,3036
public,No Vehicle,1319,No,7,[],188,rarely,1645
walk/bicycle,No Vehicle,15,Sometimes,4,"['Paper', 'Plastic', 'Glass', 'Metal']",90,frequently,1553
walk/bicycle,No Vehicle,6,Sometimes,6,['Metal'],259,frequently,2789
walk/bicycle,No Vehicle,35,No,1,"['Plastic', 'Glass']",69,never,1023
private,petrol,6683,Yes,1,"['Paper', 'Plastic', 'Glass']",210,very frequently,3624
walk/bicycle,No Vehicle,36,Yes,5,"['Paper', 'Metal']",147,very frequently,2561
private,lpg,4195,Yes,3,['Paper'],79,never,2855
walk/bicycle,No Vehicle,21,Sometimes,4,"['Paper', 'Plastic', 'Glass', 'Metal']",226,very frequently,2267
public,No Vehicle,1798,Yes,3,"['Paper', 'Glass']",255,never,994
private,lpg,4562,Sometimes,7,"['Paper', 'Plastic', 'Glass', 'Metal']",59,frequently,3571
public,No Vehicle,1006,Yes,1,[],178,rarely,1789
walk/bicycle,No Vehicle,77,Sometimes,5,"['Paper', 'Glass']",119,frequently,2170
private,hybrid,4428,No,6,"['Paper', 'Plastic']",282,rarely,2751
public,No Vehicle,1630,No,5,['Plastic'],91,rarely,1470
private,hybrid,9282,No,7,"['Paper', 'Glass', 'Metal']",202,frequently,3199
private,lpg,7025,Yes,2,"['Paper', 'Plastic']",183,never,3443
walk/bicycle,No Vehicle,1,Sometimes,7,"['Plastic', 'Glass', 'Metal']",299,very frequently,3238
private,hybrid,5321,No,4,"['Plastic', 'Glass', 'Metal']",88,rarely,2598
private,electric,7423,Sometimes,2,['Plastic'],89,never,1479
walk/bicycle,No Vehicle,55,Sometimes,3,"['Paper', 'Plastic', 'Glass']",273,rarely,977
public,No Vehicle,87,Sometimes,3,['Paper'],104,frequently,1589
private,electric,4373,No,2,"['Paper', 'Metal']",176,rarely,1184
private,hybrid,7576,Sometimes,7,"['Plastic', 'Metal']",256,never,2514
walk/bicycle,No Vehicle,5,No,7,"['Paper', 'Metal']",122,rarely,2056
walk/bicycle,No Vehicle,76,Sometimes,7,"['Plastic', 'Glass', 'Metal']",211,very frequently,2546
private,diesel,2468,No,7,"['Glass', 'Metal']",260,rarely,2334
private,lpg,8542,No,1,"['Paper', 'Plastic']",187,frequently,4131
walk/bicycle,No Vehicle,53,No,1,"['Paper', 'Plastic', 'Metal']",259,frequently,1857
private,electric,9970,Sometimes,6,"['Paper', 'Glass']",209,rarely,2127
public,No Vehicle,118,Sometimes,2,['Plastic'],126,frequently,1738
private,lpg,6040,Yes,3,['Plastic'],152,never,2779
public,No Vehicle,1202,Yes,4,['Plastic'],168,very frequently,4219
private,lpg,1943,Yes,7,"['Plastic', 'Glass', 'Metal']",142,frequently,2966
walk/bicycle,No Vehicle,95,Sometimes,6,['Metal'],95,never,1417
walk/bicycle,No Vehicle,70,Sometimes,7,"['Plastic', 'Metal']",111,very frequently,3444
walk/bicycle,No Vehicle,63,No,4,"['Paper', 'Plastic', 'Glass']",61,frequently,1641
private,petrol,2132,Yes,5,"['Paper', 'Glass', 'Metal']",183,very frequently,2886
walk/bicycle,No Vehicle,91,Sometimes,7,[],152,never,2537
private,petrol,185,Yes,2,"['Paper', 'Plastic', 'Glass']",117,rarely,572
private,petrol,3674,Yes,4,"['Paper', 'Glass']",163,frequently,4285
private,electric,7643,No,5,"['Plastic', 'Glass']",181,rarely,1837
walk/bicycle,No Vehicle,7,Sometimes,4,"['Paper', 'Plastic', 'Metal']",236,very frequently,3280
private,lpg,3237,Sometimes,3,"['Paper', 'Plastic', 'Glass', 'Metal']",109,very frequently,2721
public,No Vehicle,1254,No,6,"['Paper', 'Plastic', 'Glass', 'Metal']",211,frequently,3095
walk/bicycle,No Vehicle,98,Yes,2,"['Paper', 'Glass']",72,very frequently,2537
private,lpg,8451,Sometimes,7,['Glass'],264,frequently,5247
walk/bicycle,No Vehicle,84,Sometimes,3,"['Plastic', 'Glass']",75,very frequently,2601
public,No Vehicle,1396,No,5,"['Paper', 'Glass']",157,frequently,1895
public,No Vehicle,1703,Yes,2,['Metal'],165,frequently,2189
private,hybrid,1439,Yes,1,"['Paper', 'Plastic']",242,rarely,1089
walk/bicycle,No Vehicle,30,Sometimes,2,"['Glass', 'Metal']",53,never,1109
public,No Vehicle,378,No,3,"['Paper', 'Plastic', 'Glass']",164,never,1328
walk/bicycle,No Vehicle,92,Sometimes,3,"['Paper', 'Plastic']",171,rarely,2298
public,No Vehicle,1007,No,7,['Paper'],205,rarely,1986
walk/bicycle,No Vehicle,63,Sometimes,4,"['Paper', 'Glass', 'Metal']",284,never,1381
walk/bicycle,No Vehicle,60,Sometimes,7,"['Paper', 'Plastic', 'Glass']",233,never,1764
private,lpg,5498,No,7,['Glass'],65,very frequently,4658
private,lpg,8858,Sometimes,6,"['Paper', 'Glass']",67,never,3875
public,No Vehicle,879,Sometimes,3,"['Plastic', 'Glass', 'Metal']",54,never,1536
private,hybrid,8590,Sometimes,5,[],143,never,3191
private,hybrid,911,Sometimes,3,['Paper'],273,very frequently,3129
walk/bicycle,No Vehicle,35,Sometimes,6,"['Paper', 'Plastic']",247,rarely,2294
public,No Vehicle,1096,Sometimes,5,['Paper'],125,very frequently,2273
walk/bicycle,No Vehicle,43,No,2,"['Paper', 'Plastic', 'Glass']",197,frequently,1266
public,No Vehicle,1491,No,3,"['Paper', 'Plastic', 'Glass']",159,frequently,2578
walk/bicycle,No Vehicle,7,Yes,2,"['Plastic', 'Glass']",93,rarely,1513
private,hybrid,5132,Sometimes,7,"['Plastic', 'Metal']",132,never,2445
walk/bicycle,No Vehicle,94,No,2,['Metal'],233,frequently,1771
public,No Vehicle,30,Sometimes,1,"['Plastic', 'Metal']",159,never,1335
walk/bicycle,No Vehicle,56,Yes,7,"['Plastic', 'Metal']",204,rarely,808
private,lpg,9734,Yes,7,"['Plastic', 'Glass']",252,very frequently,5444
private,electric,1092,Yes,6,"['Paper', 'Plastic', 'Glass', 'Metal']",245,rarely,2052
private,petrol,9363,Sometimes,4,"['Plastic', 'Glass', 'Metal']",160,frequently,5425
walk/bicycle,No Vehicle,27,Sometimes,5,"['Paper', 'Glass']",220,never,1100
walk/bicycle,No Vehicle,24,Yes,3,"['Plastic', 'Glass']",187,very frequently,2053
private,electric,4407,Yes,7,['Paper'],176,very frequently,2922
public,No Vehicle,1468,Yes,3,"['Paper', 'Plastic']",292,never,2160
private,diesel,5098,No,5,['Paper'],234,very frequently,4963
private,lpg,4055,Sometimes,1,"['Plastic', 'Glass', 'Metal']",61,rarely,2207
private,petrol,352,Sometimes,5,"['Plastic', 'Metal']",71,rarely,1073
private,electric,4273,Sometimes,6,['Glass'],212,rarely,2177
walk/bicycle,No Vehicle,7,Yes,4,['Glass'],56,frequently,1613
private,lpg,1769,Yes,7,['Paper'],169,frequently,2519
walk/bicycle,No Vehicle,43,No,4,['Paper'],123,rarely,1786
private,lpg,6372,Yes,7,['Glass'],142,rarely,3529
public,No Vehicle,1251,No,6,"['Paper', 'Plastic', 'Glass']",126,never,1311
private,diesel,6063,Yes,7,"['Plastic', 'Metal']",138,rarely,2819
private,hybrid,8744,Sometimes,7,"['Plastic', 'Metal']",138,frequently,3404
private,lpg,1574,Sometimes,5,['Glass'],260,never,1721
public,No Vehicle,1672,No,3,"['Paper', 'Plastic', 'Metal']",156,very frequently,2188
walk/bicycle,No Vehicle,98,Yes,2,[],291,never,1802
private,diesel,7287,No,6,"['Paper', 'Plastic']",165,frequently,3613
walk/bicycle,No Vehicle,29,No,7,"['Paper', 'Plastic', 'Metal']",190,frequently,2186
private,hybrid,508,Yes,6,"['Paper', 'Glass', 'Metal']",56,very frequently,2676
private,electric,1995,Sometimes,3,"['Plastic', 'Glass', 'Metal']",75,rarely,1183
private,lpg,1800,No,3,"['Paper', 'Plastic', 'Glass']",173,very frequently,3579
walk/bicycle,No Vehicle,98,No,7,['Plastic'],85,frequently,1915
walk/bicycle,No Vehicle,22,Yes,4,['Paper'],55,frequently,2370
private,petrol,3913,Sometimes,6,['Paper'],238,very frequently,5238
walk/bicycle,No Vehicle,44,No,1,['Plastic'],184,never,1022
public,No Vehicle,1598,No,1,['Metal'],243,never,1074
private,petrol,5677,No,2,['Metal'],104,frequently,4385
walk/bicycle,No Vehicle,83,No,7,"['Paper', 'Plastic', 'Glass', 'Metal']",267,never,1618
private,electric,667,No,4,"['Paper', 'Glass']",121,never,1499
private,diesel,7330,Yes,5,"['Paper', 'Metal']",286,very frequently,3780
walk/bicycle,No Vehicle,0,No,2,"['Paper', 'Plastic']",184,rarely,1873
walk/bicycle,No Vehicle,66,Yes,7,"['Plastic', 'Glass', 'Metal']",262,frequently,2272
walk/bicycle,No Vehicle,27,Yes,3,"['Paper', 'Glass']",86,never,1599
public,No Vehicle,1981,Sometimes,1,['Paper'],227,frequently,2310
private,diesel,5743,Sometimes,3,"['Paper', 'Plastic', 'Metal']",60,rarely,2817
public,No Vehicle,1338,Sometimes,3,"['Paper', 'Metal']",267,frequently,2091
walk/bicycle,No Vehicle,90,No,2,['Plastic'],139,frequently,2143
public,No Vehicle,1182,No,5,[],181,very frequently,3689
public,No Vehicle,347,Yes,3,['Metal'],279,very frequently,2133
public,No Vehicle,1286,No,4,"['Glass', 'Metal']",122,rarely,1458
private,diesel,2948,Sometimes,4,"['Paper', 'Plastic', 'Glass']",281,never,1903
walk/bicycle,No Vehicle,53,Yes,7,"['Paper', 'Glass', 'Metal']",200,never,1594
private,hybrid,2677,Sometimes,2,"['Plastic', 'Metal']",60,never,1594
public,No Vehicle,626,No,6,"['Paper', 'Glass', 'Metal']",244,frequently,1755
public,No Vehicle,726,Yes,7,"['Glass', 'Metal']",102,very frequently,3399
public,No Vehicle,48,Yes,3,['Paper'],197,frequently,1567
private,hybrid,6711,Sometimes,3,['Paper'],117,rarely,2344
walk/bicycle,No Vehicle,46,Yes,6,"['Paper', 'Plastic', 'Metal']",71,very frequently,2790
walk/bicycle,No Vehicle,88,Yes,5,"['Paper', 'Plastic']",91,frequently,2067
walk/bicycle,No Vehicle,85,No,4,['Paper'],180,rarely,2118
walk/bicycle,No Vehicle,82,No,5,"['Paper', 'Glass', 'Metal']",278,frequently,2791
public,No Vehicle,1972,Sometimes,7,"['Plastic', 'Metal']",262,frequently,2798
public,No Vehicle,1080,Yes,3,[],69,very frequently,2861
private,lpg,9670,Yes,2,"['Paper', 'Metal']",69,very frequently,5411
walk/bicycle,No Vehicle,32,Sometimes,2,['Metal'],120,very frequently,2310
walk/bicycle,No Vehicle,99,Sometimes,1,['Glass'],105,very frequently,2349
walk/bicycle,No Vehicle,85,Yes,5,"['Paper', 'Glass']",284,never,1302
private,hybrid,9996,Yes,1,"['Glass', 'Metal']",243,very frequently,3538
private,electric,6992,Sometimes,1,"['Paper', 'Plastic', 'Glass', 'Metal']",118,rarely,752
walk/bicycle,No Vehicle,72,Yes,2,['Metal'],289,frequently,2160
private,diesel,4202,Yes,2,['Metal'],139,frequently,2799
private,lpg,5546,Sometimes,7,['Metal'],280,never,3804
public,No Vehicle,1277,Yes,4,[],259,frequently,2214
walk/bicycle,No Vehicle,65,No,7,[],206,never,2166
walk/bicycle,No Vehicle,93,No,3,"['Paper', 'Plastic']",51,frequently,1966
public,No Vehicle,263,No,2,"['Plastic', 'Glass', 'Metal']",238,never,1524
private,diesel,8347,No,4,"['Paper', 'Plastic', 'Metal']",174,never,2789
public,No Vehicle,1376,No,3,['Paper'],173,very frequently,2499
walk/bicycle,No Vehicle,0,No,1,"['Paper', 'Glass', 'Metal']",224,never,1687
public,No Vehicle,870,No,4,[],55,never,1450
private,hybrid,8216,Sometimes,7,"['Paper', 'Plastic', 'Glass', 'Metal']",152,rarely,2534
private,petrol,3627,No,6,"['Plastic', 'Glass', 'Metal']",70,very frequently,2930
walk/bicycle,No Vehicle,86,No,6,"['Paper', 'Metal']",142,never,1194
public,No Vehicle,376,No,5,"['Paper', 'Metal']",295,frequently,2354
public,No Vehicle,820,Yes,7,['Paper'],223,very frequently,2852
private,hybrid,4411,No,7,['Metal'],235,rarely,2992
walk/bicycle,No Vehicle,68,Sometimes,1,"['Paper', 'Plastic', 'Metal']",61,frequently,1472
public,No Vehicle,1777,No,3,"['Glass', 'Metal']",276,rarely,1043
public,No Vehicle,1300,Sometimes,3,[],127,very frequently,3671
private,diesel,5513,Yes,3,"['Paper', 'Plastic', 'Glass', 'Metal']",122,never,2774
public,No Vehicle,644,No,1,"['Paper', 'Plastic']",233,rarely,1587
walk/bicycle,No Vehicle,94,Yes,6,[],118,never,2467
private,petrol,6804,Sometimes,6,['Metal'],157,rarely,4231
walk/bicycle,No Vehicle,54,Sometimes,4,['Metal'],110,rarely,1922
walk/bicycle,No Vehicle,49,Sometimes,3,"['Paper', 'Plastic', 'Metal']",296,rarely,1506
walk/bicycle,No Vehicle,53,Sometimes,1,"['Paper', 'Plastic']",123,very frequently,2534
private,hybrid,695,Yes,3,['Plastic'],144,frequently,2005
private,petrol,1652,No,7,"['Paper', 'Metal']",191,never,1537
private,hybrid,8271,No,7,"['Paper', 'Glass', 'Metal']",284,rarely,2943
public,No Vehicle,1961,No,2,"['Paper', 'Glass', 'Metal']",124,never,1414
private,lpg,885,Sometimes,1,['Plastic'],75,very frequently,3147
walk/bicycle,No Vehicle,93,No,5,"['Glass', 'Metal']",236,frequently,1505
private,lpg,5415,No,3,"['Paper', 'Glass', 'Metal']",183,never,2796
public,No Vehicle,390,Sometimes,6,"['Plastic', 'Glass']",133,never,2321
walk/bicycle,No Vehicle,64,No,1,"['Paper', 'Metal']",250,frequently,1396
public,No Vehicle,30,Sometimes,1,"['Paper', 'Plastic', 'Glass', 'Metal']",162,rarely,1284
private,electric,1776,No,2,['Plastic'],115,frequently,2238
public,No Vehicle,815,Sometimes,6,"['Paper', 'Plastic']",80,very frequently,3218
private,petrol,217,Yes,6,['Plastic'],242,frequently,3142
private,diesel,9469,Yes,3,"['Plastic', 'Glass']",144,rarely,5462
walk/bicycle,No Vehicle,77,Sometimes,5,"['Paper', 'Plastic', 'Metal']",188,very frequently,2357
public,No Vehicle,1669,No,7,"['Paper', 'Plastic', 'Glass', 'Metal']",213,very frequently,2465
walk/bicycle,No Vehicle,94,Sometimes,3,['Metal'],251,very frequently,2881
public,No Vehicle,847,Sometimes,5,"['Plastic', 'Glass']",157,frequently,2432
private,electric,6811,Sometimes,1,"['Paper', 'Glass']",65,very frequently,2725
private,hybrid,779,Sometimes,7,"['Plastic', 'Metal']",225,very frequently,3464
walk/bicycle,No Vehicle,85,Sometimes,7,['Glass'],164,very frequently,3475
walk/bicycle,No Vehicle,76,Yes,5,"['Paper', 'Glass']",102,rarely,1279
private,petrol,1992,Yes,4,['Metal'],131,very frequently,3265
walk/bicycle,No Vehicle,15,Sometimes,4,"['Paper', 'Glass']",170,very frequently,2434
walk/bicycle,No Vehicle,35,Sometimes,6,"['Paper', 'Plastic']",133,rarely,2142
walk/bicycle,No Vehicle,1,Yes,1,['Plastic'],189,rarely,1593
walk/bicycle,No Vehicle,60,Sometimes,5,"['Paper', 'Plastic']",66,very frequently,1850
walk/bicycle,No Vehicle,69,Yes,7,"['Plastic', 'Glass', 'Metal']",164,very frequently,2077
private,hybrid,5914,No,5,['Metal'],240,rarely,2837
public,No Vehicle,733,Yes,1,['Paper'],92,frequently,1279
walk/bicycle,No Vehicle,47,No,5,"['Paper', 'Metal']",203,frequently,1586
public,No Vehicle,605,Yes,4,"['Paper', 'Glass']",112,rarely,1609
public,No Vehicle,614,No,4,"['Glass', 'Metal']",118,very frequently,2552
walk/bicycle,No Vehicle,49,Sometimes,5,"['Paper', 'Plastic', 'Metal']",243,frequently,1778
public,No Vehicle,1669,Sometimes,6,"['Paper', 'Plastic']",241,rarely,1991
walk/bicycle,No Vehicle,40,Yes,6,"['Paper', 'Glass', 'Metal']",106,rarely,1687
public,No Vehicle,378,Sometimes,1,"['Paper', 'Plastic', 'Metal']",177,rarely,586
walk/bicycle,No Vehicle,66,No,3,"['Plastic', 'Metal']",146,rarely,1403
walk/bicycle,No Vehicle,48,No,4,"['Paper', 'Glass']",70,rarely,1263
private,petrol,6066,Yes,5,"['Plastic', 'Glass']",171,rarely,3685
private,lpg,5869,Sometimes,3,"['Paper', 'Glass']",169,frequently,3537
public,No Vehicle,586,Sometimes,6,['Metal'],221,frequently,2826
private,lpg,8886,No,3,"['Plastic', 'Glass', 'Metal']",296,very frequently,4545
walk/bicycle,No Vehicle,73,Yes,7,['Paper'],179,frequently,2998
public,No Vehicle,1416,No,4,['Paper'],166,never,1423
private,electric,574,Yes,3,"['Plastic', 'Metal']",72,frequently,1000
walk/bicycle,No Vehicle,23,No,6,"['Paper', 'Glass']",182,never,1968
public,No Vehicle,1256,Sometimes,6,"['Paper', 'Plastic', 'Metal']",107,never,759
walk/bicycle,No Vehicle,24,No,5,"['Glass', 'Metal']",158,frequently,1955
private,electric,6393,Sometimes,6,"['Paper', 'Glass', 'Metal']",244,frequently,1543
walk/bicycle,No Vehicle,91,Sometimes,4,[],299,rarely,1888
walk/bicycle,No Vehicle,65,No,3,"['Paper', 'Plastic', 'Glass']",282,never,1382
walk/bicycle,No Vehicle,57,Yes,3,"['Plastic', 'Glass', 'Metal']",118,never,1476
public,No Vehicle,1077,Yes,2,"['Paper', 'Glass', 'Metal']",240,never,1083
walk/bicycle,No Vehicle,88,No,1,"['Paper', 'Plastic']",217,very frequently,2098
walk/bicycle,No Vehicle,26,Yes,3,"['Paper', 'Glass', 'Metal']",274,very frequently,2375
walk/bicycle,No Vehicle,4,Sometimes,7,[],100,very frequently,3153
private,petrol,599,No,3,['Metal'],107,rarely,1534
public,No Vehicle,1560,No,5,['Metal'],263,rarely,2230
private,diesel,8667,Yes,4,[],188,rarely,2890
walk/bicycle,No Vehicle,44,Yes,5,"['Paper', 'Plastic']",280,frequently,2348
walk/bicycle,No Vehicle,50,No,1,"['Paper', 'Plastic', 'Glass', 'Metal']",59,very frequently,1511
public,No Vehicle,1155,No,1,"['Paper', 'Plastic']",152,very frequently,2937
public,No Vehicle,1927,Sometimes,5,"['Paper', 'Glass', 'Metal']",241,frequently,2464
public,No Vehicle,1225,No,2,"['Plastic', 'Metal']",215,frequently,2183
walk/bicycle,No Vehicle,97,No,6,"['Paper', 'Metal']",88,very frequently,2259
public,No Vehicle,774,Sometimes,5,"['Paper', 'Glass', 'Metal']",90,very frequently,2269
private,diesel,7684,Yes,5,"['Paper', 'Plastic', 'Metal']",170,rarely,3747
walk/bicycle,No Vehicle,30,Yes,7,"['Paper', 'Metal']",113,frequently,2167
walk/bicycle,No Vehicle,27,Yes,3,"['Paper', 'Glass', 'Metal']",200,rarely,1829
private,petrol,5781,Yes,6,"['Glass', 'Metal']",81,frequently,4933
private,electric,7427,No,4,"['Plastic', 'Glass', 'Metal']",174,frequently,2369
private,diesel,3436,No,6,"['Paper', 'Metal']",229,very frequently,4040
public,No Vehicle,1197,Sometimes,3,['Metal'],253,very frequently,2794
private,hybrid,6130,Sometimes,7,"['Plastic', 'Glass', 'Metal']",54,never,2617
public,No Vehicle,952,Sometimes,5,"['Plastic', 'Metal']",135,never,1948
private,electric,5351,Sometimes,2,"['Plastic', 'Glass', 'Metal']",118,frequently,1374
public,No Vehicle,233,No,1,[],202,frequently,1438
public,No Vehicle,1960,Yes,5,"['Plastic', 'Metal']",276,rarely,1877
public,No Vehicle,465,Sometimes,4,"['Glass', 'Metal']",172,frequently,2262
walk/bicycle,No Vehicle,23,Yes,7,"['Paper', 'Plastic', 'Glass', 'Metal']",290,rarely,1250
private,hybrid,8052,Sometimes,7,"['Paper', 'Plastic']",199,very frequently,3589
public,No Vehicle,1934,Yes,4,"['Paper', 'Glass']",240,frequently,2053
walk/bicycle,No Vehicle,61,Yes,3,['Glass'],193,frequently,1630
private,diesel,8304,No,6,"['Glass', 'Metal']",62,frequently,4464
public,No Vehicle,1529,No,2,[],172,frequently,2449
public,No Vehicle,1878,No,7,"['Plastic', 'Metal']",188,frequently,2107
public,No Vehicle,438,Sometimes,4,"['Paper', 'Plastic', 'Metal']",283,rarely,699
private,electric,9872,No,7,"['Paper', 'Glass']",204,rarely,1052
private,diesel,6741,No,4,"['Paper', 'Metal']",254,very frequently,5005
private,petrol,1568,No,6,"['Paper', 'Plastic']",257,never,2450
public,No Vehicle,866,Sometimes,6,"['Plastic', 'Glass', 'Metal']",178,never,1539
private,diesel,4240,No,5,[],150,frequently,3831
walk/bicycle,No Vehicle,24,Sometimes,2,"['Glass', 'Metal']",104,very frequently,2556
public,No Vehicle,1550,Sometimes,5,"['Paper', 'Metal']",92,rarely,2317
private,hybrid,3477,No,5,"['Paper', 'Plastic', 'Glass']",70,never,1681
private,lpg,3514,No,4,"['Paper', 'Glass']",295,never,2542
public,No Vehicle,1601,Yes,4,[],51,frequently,2207
walk/bicycle,No Vehicle,86,Sometimes,6,"['Paper', 'Plastic', 'Metal']",116,rarely,1605
private,hybrid,9258,Sometimes,7,"['Paper', 'Plastic', 'Glass']",242,frequently,4270
public,No Vehicle,1328,No,7,['Glass'],83,rarely,1901
walk/bicycle,No Vehicle,92,Yes,2,['Glass'],240,frequently,1875
walk/bicycle,No Vehicle,30,Yes,3,['Metal'],127,never,1234
private,lpg,2537,Sometimes,3,"['Plastic', 'Metal']",128,never,2029
walk/bicycle,No Vehicle,87,No,2,"['Paper', 'Glass']",71,frequently,1555
walk/bicycle,No Vehicle,20,Sometimes,3,"['Glass', 'Metal']",277,rarely,1794
public,No Vehicle,448,Sometimes,3,[],256,never,1767
public,No Vehicle,668,Yes,5,"['Paper', 'Glass', 'Metal']",136,frequently,1474
walk/bicycle,No Vehicle,16,Yes,4,"['Paper', 'Plastic', 'Metal']",206,very frequently,2109
private,lpg,7878,Yes,3,['Metal'],288,never,3180
private,electric,7510,Yes,1,"['Paper', 'Glass']",281,rarely,1024
private,hybrid,9513,Yes,4,"['Paper', 'Metal']",243,frequently,3953
walk/bicycle,No Vehicle,15,Yes,1,"['Paper', 'Plastic']",77,very frequently,2306
public,No Vehicle,593,Sometimes,7,"['Paper', 'Glass']",162,frequently,2176
public,No Vehicle,146,Yes,7,"['Paper', 'Plastic', 'Glass']",298,never,2114
walk/bicycle,No Vehicle,76,Sometimes,4,"['Plastic', 'Glass', 'Metal']",276,very frequently,2940
private,hybrid,7191,Yes,1,"['Plastic', 'Glass', 'Metal']",86,rarely,2479
walk/bicycle,No Vehicle,74,Sometimes,5,"['Paper', 'Plastic', 'Metal']",76,frequently,2164
private,hybrid,6425,No,4,"['Paper', 'Glass', 'Metal']",94,frequently,3586
private,petrol,4684,Yes,7,"['Paper', 'Glass', 'Metal']",214,frequently,3600
private,lpg,2217,No,5,"['Paper', 'Plastic', 'Metal']",263,rarely,1914
private,diesel,8713,Yes,4,['Glass'],62,never,4887
public,No Vehicle,614,No,7,"['Paper', 'Plastic', 'Glass']",77,never,1110
private,hybrid,2703,Yes,1,['Paper'],101,never,1575
private,lpg,7491,No,2,"['Glass', 'Metal']",168,frequently,3312
private,diesel,5944,Sometimes,2,"['Paper', 'Plastic', 'Glass']",291,rarely,3367
walk/bicycle,No Vehicle,17,Yes,5,"['Plastic', 'Glass']",97,very frequently,1999
private,electric,1824,No,1,"['Paper', 'Plastic', 'Glass']",122,frequently,1651
public,No Vehicle,580,No,3,['Metal'],130,rarely,2325
walk/bicycle,No Vehicle,60,No,3,"['Paper', 'Glass', 'Metal']",100,very frequently,2106
walk/bicycle,No Vehicle,87,No,2,"['Paper', 'Plastic', 'Glass']",172,never,1341
private,petrol,7874,No,3,"['Plastic', 'Glass', 'Metal']",255,rarely,4663
public,No Vehicle,1318,Yes,4,"['Paper', 'Glass', 'Metal']",263,never,877
private,diesel,2851,Sometimes,7,['Metal'],240,frequently,2901
private,lpg,9486,Sometimes,3,[],75,never,3656
walk/bicycle,No Vehicle,96,Yes,6,['Metal'],139,never,1393
walk/bicycle,No Vehicle,25,Yes,3,"['Paper', 'Plastic', 'Glass', 'Metal']",79,rarely,1596
public,No Vehicle,583,Sometimes,7,['Plastic'],167,frequently,2923
private,petrol,5497,Yes,1,['Metal'],181,rarely,3308
walk/bicycle,No Vehicle,10,Sometimes,6,['Metal'],248,rarely,1511
private,electric,9629,Yes,2,['Glass'],86,rarely,1103
private,hybrid,9072,No,6,"['Glass', 'Metal']",201,very frequently,3877
walk/bicycle,No Vehicle,89,Yes,2,"['Glass', 'Metal']",131,frequently,1242
private,diesel,9318,Yes,7,['Plastic'],127,never,4617
public,No Vehicle,963,Yes,7,"['Paper', 'Plastic', 'Glass', 'Metal']",124,rarely,2096
private,electric,1308,Yes,3,"['Paper', 'Glass', 'Metal']",168,rarely,1737
walk/bicycle,No Vehicle,28,Yes,1,"['Paper', 'Glass']",108,frequently,1433
walk/bicycle,No Vehicle,3,No,6,"['Plastic', 'Glass']",150,frequently,2175
public,No Vehicle,1962,Sometimes,7,['Glass'],63,very frequently,2838
private,lpg,1020,Sometimes,7,"['Glass', 'Metal']",235,very frequently,2994
walk/bicycle,No Vehicle,71,Sometimes,4,"['Paper', 'Plastic']",252,never,1384
private,electric,7107,Yes,4,"['Paper', 'Plastic']",223,never,1687
public,No Vehicle,911,Sometimes,2,"['Paper', 'Plastic']",167,frequently,1874
public,No Vehicle,1488,Sometimes,3,"['Paper', 'Plastic']",152,rarely,1444
walk/bicycle,No Vehicle,44,Yes,1,['Glass'],133,rarely,1411
private,hybrid,7375,Sometimes,4,"['Plastic', 'Glass', 'Metal']",167,rarely,2545
public,No Vehicle,842,No,3,"['Paper', 'Glass']",64,rarely,1621
public,No Vehicle,1656,No,6,"['Paper', 'Metal']",216,frequently,1851
public,No Vehicle,1686,Yes,4,"['Glass', 'Metal']",91,never,1383
walk/bicycle,No Vehicle,69,Sometimes,1,"['Paper', 'Plastic']",235,rarely,1633
public,No Vehicle,737,No,3,"['Plastic', 'Glass']",251,very frequently,2694
private,lpg,6260,No,5,[],131,very frequently,4009
private,lpg,3271,Sometimes,6,"['Paper', 'Metal']",173,rarely,2696
private,diesel,8754,No,6,"['Paper', 'Glass']",131,frequently,3959
walk/bicycle,No Vehicle,15,Sometimes,2,[],184,frequently,2404
private,petrol,8731,Yes,3,"['Plastic', 'Metal']",283,never,5346
public,No Vehicle,1572,Yes,2,['Metal'],276,frequently,2059
public,No Vehicle,1004,Sometimes,1,"['Paper', 'Glass', 'Metal']",115,frequently,1373
private,hybrid,9936,Sometimes,1,[],228,very frequently,4914
walk/bicycle,No Vehicle,87,Sometimes,4,"['Paper', 'Plastic', 'Glass', 'Metal']",97,rarely,1526
walk/bicycle,No Vehicle,10,Yes,5,"['Plastic', 'Glass']",60,rarely,1615
walk/bicycle,No Vehicle,8,No,1,[],109,rarely,1107
walk/bicycle,No Vehicle,73,No,7,"['Glass', 'Metal']",254,never,925
public,No Vehicle,643,Sometimes,3,['Plastic'],104,frequently,2548
public,No Vehicle,343,No,6,"['Glass', 'Metal']",83,frequently,1986
walk/bicycle,No Vehicle,60,Sometimes,4,"['Paper', 'Plastic', 'Metal']",162,frequently,1448
walk/bicycle,No Vehicle,16,Yes,3,"['Glass', 'Metal']",181,very frequently,1936
private,lpg,9686,Yes,6,"['Glass', 'Metal']",92,very frequently,6738
private,electric,5674,No,3,['Glass'],125,frequently,1809
public,No Vehicle,1425,No,2,"['Paper', 'Plastic', 'Glass', 'Metal']",150,never,897
public,No Vehicle,316,Sometimes,3,"['Paper', 'Plastic', 'Glass']",73,never,982
private,lpg,3881,Sometimes,4,['Paper'],186,never,2166
private,lpg,1019,Sometimes,1,['Metal'],273,rarely,1921
private,hybrid,2825,Sometimes,6,"['Paper', 'Plastic']",74,frequently,2180
walk/bicycle,No Vehicle,87,Yes,1,"['Paper', 'Plastic', 'Glass']",290,rarely,1468
walk/bicycle,No Vehicle,56,No,7,"['Paper', 'Plastic']",117,rarely,1793
public,No Vehicle,1427,Sometimes,4,"['Plastic', 'Metal']",136,rarely,1277
private,lpg,5380,Yes,5,['Plastic'],289,frequently,4255
public,No Vehicle,880,No,3,"['Paper', 'Metal']",291,frequently,2352
public,No Vehicle,1488,Yes,3,['Paper'],175,frequently,1592
walk/bicycle,No Vehicle,55,Sometimes,7,['Glass'],193,very frequently,3657
walk/bicycle,No Vehicle,37,Yes,2,"['Paper', 'Plastic', 'Glass', 'Metal']",288,very frequently,2693
walk/bicycle,No Vehicle,7,Sometimes,2,['Glass'],248,very frequently,2558
private,lpg,9664,Yes,2,"['Paper', 'Glass', 'Metal']",272,very frequently,4497
walk/bicycle,No Vehicle,50,Yes,1,"['Plastic', 'Metal']",239,never,2241
private,lpg,1363,No,6,"['Glass', 'Metal']",92,rarely,1434
public,No Vehicle,1664,Yes,1,['Paper'],298,rarely,1101
public,No Vehicle,1110,No,4,"['Paper', 'Plastic']",95,rarely,1816
private,lpg,7243,Yes,5,"['Paper', 'Plastic']",176,never,3575
public,No Vehicle,337,No,2,['Metal'],200,frequently,1499
walk/bicycle,No Vehicle,88,Sometimes,5,"['Paper', 'Glass', 'Metal']",65,frequently,1703
private,petrol,8977,Yes,1,"['Paper', 'Glass']",180,very frequently,5667
walk/bicycle,No Vehicle,64,Yes,7,['Metal'],131,rarely,1884
walk/bicycle,No Vehicle,50,No,3,['Plastic'],69,very frequently,3060
walk/bicycle,No Vehicle,95,No,2,"['Glass', 'Metal']",199,very frequently,2009
private,hybrid,4842,Sometimes,7,"['Paper', 'Plastic', 'Metal']",119,very frequently,3299
walk/bicycle,No Vehicle,60,Sometimes,6,"['Paper', 'Metal']",155,frequently,2277
public,No Vehicle,1436,No,2,[],117,very frequently,3295
private,petrol,7300,No,3,['Metal'],59,frequently,4584
walk/bicycle,No Vehicle,18,Sometimes,5,"['Paper', 'Plastic', 'Glass']",146,frequently,2384
public,No Vehicle,1153,Sometimes,1,"['Plastic', 'Glass', 'Metal']",222,never,876
private,diesel,1335,No,3,['Metal'],198,very frequently,4063
walk/bicycle,No Vehicle,65,No,2,['Plastic'],206,never,1164
public,No Vehicle,1783,Sometimes,7,"['Glass', 'Metal']",227,never,2129
walk/bicycle,No Vehicle,31,Yes,6,[],142,very frequently,2193
public,No Vehicle,309,No,7,['Metal'],188,frequently,1801
public,No Vehicle,1894,No,4,[],215,very frequently,3404
private,hybrid,8111,No,6,"['Paper', 'Plastic', 'Glass', 'Metal']",169,rarely,2347
private,hybrid,3825,No,3,"['Plastic', 'Metal']",145,very frequently,2864
public,No Vehicle,1424,Sometimes,3,['Plastic'],235,never,1302
private,hybrid,4685,No,2,"['Paper', 'Plastic', 'Glass', 'Metal']",235,very frequently,3370
public,No Vehicle,446,Sometimes,4,[],198,never,2057
private,hybrid,6808,Yes,7,"['Plastic', 'Metal']",131,very frequently,3549
private,lpg,6469,Yes,3,"['Plastic', 'Glass', 'Metal']",158,frequently,3792
public,No Vehicle,1735,Sometimes,6,"['Paper', 'Glass']",291,very frequently,2897
public,No Vehicle,93,No,7,"['Plastic', 'Metal']",65,never,961
walk/bicycle,No Vehicle,15,No,1,[],73,rarely,1023
private,electric,8848,No,6,[],223,never,2070
walk/bicycle,No Vehicle,11,Sometimes,2,['Paper'],118,never,1059
public,No Vehicle,1690,Yes,4,['Metal'],223,frequently,2220
public,No Vehicle,1724,No,7,"['Plastic', 'Glass']",145,frequently,1897
walk/bicycle,No Vehicle,95,Yes,7,[],237,rarely,2007
private,hybrid,5902,Yes,6,"['Paper', 'Glass']",50,never,2357
walk/bicycle,No Vehicle,3,No,6,"['Paper', 'Plastic', 'Metal']",164,never,990
private,electric,2883,Sometimes,2,"['Plastic', 'Glass']",277,very frequently,2161
walk/bicycle,No Vehicle,12,Yes,7,"['Paper', 'Plastic']",275,rarely,1603
walk/bicycle,No Vehicle,51,Yes,4,"['Paper', 'Plastic', 'Glass', 'Metal']",204,very frequently,2592
walk/bicycle,No Vehicle,30,No,2,"['Glass', 'Metal']",192,rarely,1148
walk/bicycle,No Vehicle,11,Yes,6,"['Paper', 'Plastic', 'Glass', 'Metal']",290,very frequently,3194
private,petrol,2829,No,7,"['Paper', 'Metal']",195,frequently,2573
private,electric,8948,Yes,5,"['Glass', 'Metal']",280,never,1460
public,No Vehicle,137,Sometimes,4,"['Paper', 'Plastic', 'Glass']",291,never,1858
public,No Vehicle,743,Yes,7,['Glass'],177,very frequently,3929
private,diesel,553,Sometimes,3,"['Paper', 'Metal']",188,frequently,1929
private,diesel,180,Sometimes,4,[],126,very frequently,3227
public,No Vehicle,453,Sometimes,5,"['Paper', 'Plastic', 'Glass']",283,rarely,2305
public,No Vehicle,1400,Yes,3,"['Paper', 'Glass']",241,frequently,2743
walk/bicycle,No Vehicle,42,No,6,['Paper'],59,rarely,1442
walk/bicycle,No Vehicle,73,No,6,"['Plastic', 'Glass', 'Metal']",72,rarely,1576
walk/bicycle,No Vehicle,43,Sometimes,4,"['Plastic', 'Metal']",282,very frequently,2469
private,electric,9514,Sometimes,5,"['Paper', 'Plastic']",211,rarely,1616
walk/bicycle,No Vehicle,74,No,1,['Glass'],148,rarely,1714
private,lpg,3147,No,1,"['Paper', 'Plastic', 'Glass', 'Metal']",57,never,1626
walk/bicycle,No Vehicle,6,No,4,"['Plastic', 'Metal']",201,very frequently,2662
walk/bicycle,No Vehicle,85,Yes,2,"['Paper', 'Plastic', 'Glass']",154,never,485
walk/bicycle,No Vehicle,46,No,4,"['Plastic', 'Glass', 'Metal']",265,never,623
walk/bicycle,No Vehicle,37,Yes,4,"['Paper', 'Plastic']",141,frequently,1867
private,hybrid,9408,No,7,[],160,frequently,4787
walk/bicycle,No Vehicle,57,Yes,6,"['Paper', 'Metal']",155,never,1233
walk/bicycle,No Vehicle,22,No,6,"['Plastic', 'Glass', 'Metal']",161,frequently,2293
public,No Vehicle,243,Sometimes,3,"['Paper', 'Plastic', 'Glass', 'Metal']",242,rarely,1206
private,electric,122,Sometimes,3,"['Glass', 'Metal']",186,very frequently,2474
public,No Vehicle,1030,Sometimes,1,"['Plastic', 'Glass']",198,very frequently,1922
walk/bicycle,No Vehicle,20,No,5,['Glass'],279,frequently,2672
private,diesel,3428,Yes,3,"['Plastic', 'Glass', 'Metal']",90,frequently,2679
walk/bicycle,No Vehicle,48,Yes,4,['Glass'],222,never,1908
walk/bicycle,No Vehicle,31,Yes,2,"['Plastic', 'Metal']",297,never,1264
private,diesel,1122,Yes,2,['Plastic'],105,rarely,1302
public,No Vehicle,379,Yes,1,"['Paper', 'Metal']",148,rarely,1353
private,petrol,6645,Sometimes,6,['Paper'],284,very frequently,6160
private,petrol,8241,Sometimes,6,"['Paper', 'Plastic', 'Glass', 'Metal']",248,frequently,4680
walk/bicycle,No Vehicle,33,Yes,3,[],73,never,960
private,petrol,1262,Sometimes,5,"['Paper', 'Metal']",87,frequently,2032
public,No Vehicle,1777,No,5,['Glass'],175,very frequently,2930
public,No Vehicle,1794,No,5,"['Paper', 'Plastic', 'Glass', 'Metal']",150,frequently,2288
public,No Vehicle,420,No,4,"['Plastic', 'Glass']",65,very frequently,2808
walk/bicycle,No Vehicle,96,No,4,"['Paper', 'Plastic', 'Metal']",88,rarely,1673
walk/bicycle,No Vehicle,57,Yes,2,"['Paper', 'Plastic', 'Glass', 'Metal']",127,never,991
private,petrol,3362,Yes,7,"['Plastic', 'Metal']",83,rarely,3301
public,No Vehicle,1451,Sometimes,4,"['Paper', 'Plastic', 'Metal']",112,never,1210
walk/bicycle,No Vehicle,36,Sometimes,2,['Glass'],243,rarely,1917
private,lpg,1955,Sometimes,4,['Glass'],173,very frequently,3268
walk/bicycle,No Vehicle,68,Yes,3,"['Paper', 'Metal']",260,never,1725
walk/bicycle,No Vehicle,92,No,4,"['Paper', 'Plastic']",72,very frequently,1841
walk/bicycle,No Vehicle,55,No,1,['Glass'],255,very frequently,1853
private,lpg,9895,Sometimes,6,['Paper'],75,very frequently,5935
public,No Vehicle,1219,Yes,5,"['Plastic', 'Glass']",243,rarely,2382
private,petrol,2972,No,5,"['Plastic', 'Glass', 'Metal']",244,frequently,2635
private,electric,1246,No,2,['Paper'],138,never,1141
walk/bicycle,No Vehicle,52,No,1,"['Paper', 'Plastic', 'Metal']",232,rarely,1460
walk/bicycle,No Vehicle,34,Sometimes,6,"['Paper', 'Plastic', 'Glass', 'Metal']",131,very frequently,1991
walk/bicycle,No Vehicle,42,No,3,"['Paper', 'Glass', 'Metal']",113,never,783
public,No Vehicle,296,Yes,7,[],177,very frequently,3536
private,hybrid,9832,Yes,5,"['Plastic', 'Glass']",253,very frequently,3738
walk/bicycle,No Vehicle,50,Yes,3,"['Paper', 'Metal']",107,rarely,1650
walk/bicycle,No Vehicle,2,No,6,"['Plastic', 'Glass', 'Metal']",262,very frequently,1959
walk/bicycle,No Vehicle,6,No,7,"['Glass', 'Metal']",206,very frequently,2986
walk/bicycle,No Vehicle,24,No,6,[],212,never,2033
walk/bicycle,No Vehicle,32,Yes,6,['Plastic'],276,frequently,2176
private,lpg,9071,No,4,['Plastic'],178,very frequently,4050
private,lpg,1617,Sometimes,4,"['Plastic', 'Metal']",187,very frequently,2947
walk/bicycle,No Vehicle,54,Sometimes,4,"['Paper', 'Plastic', 'Glass', 'Metal']",58,rarely,1070
private,petrol,9385,Sometimes,2,"['Paper', 'Plastic', 'Glass', 'Metal']",257,very frequently,5449
public,No Vehicle,432,No,4,"['Paper', 'Plastic', 'Glass']",205,never,1159
public,No Vehicle,26,Sometimes,3,"['Paper', 'Glass']",84,frequently,2011
private,petrol,4195,Yes,2,"['Paper', 'Metal']",166,rarely,3422
private,diesel,9346,No,1,"['Paper', 'Metal']",99,very frequently,4401
public,No Vehicle,1364,Sometimes,1,"['Paper', 'Plastic', 'Glass']",108,never,1484
walk/bicycle,No Vehicle,64,Sometimes,5,"['Paper', 'Glass']",130,rarely,1520
walk/bicycle,No Vehicle,74,Yes,2,"['Paper', 'Glass', 'Metal']",171,frequently,2079
public,No Vehicle,448,Yes,3,"['Paper', 'Glass']",100,never,1586
private,diesel,8975,No,3,"['Plastic', 'Glass', 'Metal']",120,very frequently,5477
private,electric,661,Yes,1,"['Plastic', 'Glass']",180,very frequently,2207
private,lpg,2148,No,2,"['Plastic', 'Glass', 'Metal']",190,rarely,2389
walk/bicycle,No Vehicle,95,No,2,"['Plastic', 'Glass']",293,very frequently,2716
private,lpg,7893,Yes,5,['Plastic'],64,frequently,3923
private,hybrid,8691,Yes,1,['Metal'],183,rarely,2421
public,No Vehicle,1159,Sometimes,3,['Paper'],230,very frequently,2334
walk/bicycle,No Vehicle,13,No,4,['Glass'],209,rarely,1866
public,No Vehicle,1798,No,4,"['Paper', 'Glass', 'Metal']",176,frequently,1680
walk/bicycle,No Vehicle,67,No,2,"['Paper', 'Plastic', 'Glass']",180,very frequently,2958
public,No Vehicle,1660,Yes,2,"['Paper', 'Metal']",100,very frequently,2701
public,No Vehicle,654,Yes,2,['Glass'],238,frequently,1877
private,diesel,9722,No,3,"['Paper', 'Glass']",166,very frequently,5186
public,No Vehicle,1263,Yes,1,"['Plastic', 'Glass', 'Metal']",201,rarely,1644
public,No Vehicle,600,No,1,"['Paper', 'Glass']",263,rarely,1152
walk/bicycle,No Vehicle,8,Sometimes,3,"['Paper', 'Metal']",286,rarely,1611
public,No Vehicle,1536,No,7,"['Paper', 'Glass']",214,rarely,2579
walk/bicycle,No Vehicle,50,No,4,"['Plastic', 'Metal']",113,never,590
walk/bicycle,No Vehicle,66,Yes,4,"['Plastic', 'Metal']",73,very frequently,3093
public,No Vehicle,1601,Yes,3,"['Paper', 'Metal']",243,never,1647
private,electric,6022,Yes,6,"['Plastic', 'Glass']",74,never,2002
private,electric,6826,Yes,7,"['Paper', 'Glass']",212,very frequently,3197
private,lpg,9839,Yes,2,"['Glass', 'Metal']",238,never,3931
public,No Vehicle,618,Sometimes,4,"['Plastic', 'Metal']",232,frequently,2166
private,electric,6775,No,3,"['Paper', 'Metal']",132,rarely,1172
private,hybrid,5792,Yes,1,"['Plastic', 'Glass', 'Metal']",275,never,1846
walk/bicycle,No Vehicle,88,No,3,[],166,never,1351
walk/bicycle,No Vehicle,39,Yes,2,"['Paper', 'Plastic', 'Glass']",50,rarely,803
walk/bicycle,No Vehicle,68,No,3,"['Glass', 'Metal']",166,never,1098
public,No Vehicle,1824,No,3,"['Paper', 'Plastic', 'Metal']",253,frequently,1761
private,electric,6775,Sometimes,7,['Glass'],88,rarely,1808
walk/bicycle,No Vehicle,90,Yes,3,['Metal'],173,very frequently,1873
private,electric,1315,Sometimes,5,"['Paper', 'Plastic', 'Glass', 'Metal']",253,rarely,1153
walk/bicycle,No Vehicle,94,No,3,"['Glass', 'Metal']",165,frequently,1637
public,No Vehicle,1931,No,3,"['Paper', 'Plastic', 'Glass', 'Metal']",109,very frequently,2245
public,No Vehicle,465,No,6,['Metal'],157,frequently,1942
public,No Vehicle,766,No,7,[],267,frequently,2836
walk/bicycle,No Vehicle,44,No,2,['Paper'],85,frequently,1928
public,No Vehicle,1740,Sometimes,6,"['Paper', 'Glass', 'Metal']",151,rarely,1788
public,No Vehicle,1168,No,5,"['Paper', 'Plastic', 'Glass']",298,never,1887
walk/bicycle,No Vehicle,62,Yes,5,['Glass'],259,frequently,2983
walk/bicycle,No Vehicle,54,Sometimes,7,['Plastic'],253,never,1522
private,petrol,8921,No,5,"['Paper', 'Plastic', 'Glass', 'Metal']",216,rarely,4184
walk/bicycle,No Vehicle,32,Sometimes,4,"['Paper', 'Plastic', 'Glass', 'Metal']",94,never,737
public,No Vehicle,674,No,2,['Metal'],147,rarely,1256
walk/bicycle,No Vehicle,4,Sometimes,6,[],123,rarely,1756
walk/bicycle,No Vehicle,13,Sometimes,7,['Metal'],124,rarely,1747
private,lpg,3929,Yes,1,"['Paper', 'Glass', 'Metal']",201,rarely,2020
public,No Vehicle,455,Sometimes,6,"['Paper', 'Glass', 'Metal']",98,rarely,1740
public,No Vehicle,795,Yes,1,"['Plastic', 'Glass', 'Metal']",52,rarely,1281
walk/bicycle,No Vehicle,83,Sometimes,4,"['Plastic', 'Glass']",87,frequently,1809
private,electric,7298,Yes,2,['Plastic'],281,rarely,1968
walk/bicycle,No Vehicle,90,Yes,4,"['Paper', 'Plastic']",97,never,1332
walk/bicycle,No Vehicle,93,Yes,4,['Glass'],251,never,1491
walk/bicycle,No Vehicle,43,Yes,5,"['Plastic', 'Metal']",246,rarely,2062
walk/bicycle,No Vehicle,10,No,6,"['Plastic', 'Metal']",107,never,1819
public,No Vehicle,451,Yes,7,"['Plastic', 'Metal']",147,never,1615
walk/bicycle,No Vehicle,92,Yes,1,"['Paper', 'Glass']",175,never,1560
public,No Vehicle,824,No,4,"['Paper', 'Metal']",268,never,1140
private,hybrid,6011,Sometimes,1,"['Glass', 'Metal']",145,never,2152
walk/bicycle,No Vehicle,8,Yes,4,"['Plastic', 'Metal']",171,never,774
private,electric,6580,No,2,['Metal'],237,never,1379
private,electric,3694,Sometimes,4,['Metal'],262,rarely,1511
public,No Vehicle,287,Yes,6,"['Paper', 'Glass']",171,frequently,1910
walk/bicycle,No Vehicle,87,No,3,"['Paper', 'Plastic']",257,never,1517
walk/bicycle,No Vehicle,88,Yes,5,[],164,never,1556
private,hybrid,7368,No,3,"['Glass', 'Metal']",160,rarely,2584
walk/bicycle,No Vehicle,51,Yes,5,[],70,frequently,1857
public,No Vehicle,1185,No,4,"['Glass', 'Metal']",131,very frequently,2592
walk/bicycle,No Vehicle,19,Sometimes,2,"['Paper', 'Glass']",153,never,1354
private,hybrid,5267,Yes,6,['Plastic'],299,never,3376
private,hybrid,5321,No,2,['Paper'],222,very frequently,3386
walk/bicycle,No Vehicle,52,No,1,"['Plastic', 'Metal']",116,never,920
walk/bicycle,No Vehicle,69,Sometimes,3,"['Paper', 'Plastic', 'Glass']",143,rarely,1484
public,No Vehicle,1759,Sometimes,3,"['Plastic', 'Glass']",201,very frequently,2861
walk/bicycle,No Vehicle,81,No,5,"['Paper', 'Glass', 'Metal']",229,frequently,2064
walk/bicycle,No Vehicle,98,No,7,['Paper'],299,rarely,2132
public,No Vehicle,118,No,2,"['Plastic', 'Metal']",191,never,865
public,No Vehicle,192,Sometimes,4,"['Plastic', 'Glass']",194,frequently,2436
public,No Vehicle,1843,Yes,3,['Plastic'],182,frequently,1757
private,electric,1635,Yes,3,['Glass'],109,frequently,2501
public,No Vehicle,1464,Sometimes,3,"['Paper', 'Glass']",158,very frequently,2753
private,hybrid,9658,Yes,2,['Paper'],83,rarely,2218
private,lpg,7843,Sometimes,1,"['Paper', 'Plastic', 'Metal']",233,never,2483
public,No Vehicle,612,No,2,"['Paper', 'Plastic', 'Metal']",246,very frequently,2106
walk/bicycle,No Vehicle,37,Sometimes,5,['Plastic'],89,very frequently,3127
private,diesel,4226,No,7,['Glass'],85,rarely,3045
public,No Vehicle,249,Yes,4,['Plastic'],189,frequently,2023
public,No Vehicle,1107,No,5,['Plastic'],182,never,2366
public,No Vehicle,1704,No,7,['Paper'],218,very frequently,3933
public,No Vehicle,420,Sometimes,5,[],58,never,1172
private,petrol,4472,Yes,4,"['Paper', 'Plastic']",173,rarely,2989
private,electric,101,Sometimes,2,"['Glass', 'Metal']",96,never,1650
public,No Vehicle,996,Yes,6,"['Paper', 'Glass', 'Metal']",272,rarely,2255
public,No Vehicle,32,Yes,3,['Glass'],115,never,1325
private,diesel,746,No,6,['Metal'],179,frequently,3380
private,hybrid,2638,Yes,6,"['Paper', 'Plastic']",190,never,2318
walk/bicycle,No Vehicle,9,No,1,"['Plastic', 'Metal']",246,rarely,1448
public,No Vehicle,1902,No,2,"['Glass', 'Metal']",140,very frequently,3585
private,hybrid,7788,No,6,['Paper'],95,very frequently,4882
public,No Vehicle,1939,No,3,"['Plastic', 'Metal']",233,frequently,1500
private,electric,2512,Sometimes,5,['Metal'],227,frequently,2015
public,No Vehicle,686,Yes,5,[],296,very frequently,4542
walk/bicycle,No Vehicle,41,Sometimes,4,"['Plastic', 'Glass', 'Metal']",283,never,2030
walk/bicycle,No Vehicle,68,Sometimes,5,"['Plastic', 'Metal']",184,frequently,2398
public,No Vehicle,430,Yes,1,"['Paper', 'Plastic']",123,frequently,1678
public,No Vehicle,1016,Sometimes,6,"['Plastic', 'Glass']",225,very frequently,2688
private,lpg,2597,Sometimes,6,"['Paper', 'Glass']",211,never,2259
walk/bicycle,No Vehicle,54,No,7,"['Plastic', 'Metal']",276,very frequently,3281
private,lpg,3729,Sometimes,1,['Plastic'],50,frequently,3560
public,No Vehicle,1067,No,5,"['Paper', 'Plastic', 'Metal']",66,very frequently,2080
walk/bicycle,No Vehicle,24,No,7,"['Plastic', 'Glass', 'Metal']",109,frequently,1555
public,No Vehicle,1499,No,4,"['Paper', 'Glass', 'Metal']",161,very frequently,3555
public,No Vehicle,191,Yes,1,[],207,rarely,1095
walk/bicycle,No Vehicle,46,Yes,3,['Plastic'],107,very frequently,2777
walk/bicycle,No Vehicle,66,Yes,1,['Metal'],255,rarely,1761
public,No Vehicle,1818,Sometimes,7,"['Plastic', 'Metal']",236,never,1737
walk/bicycle,No Vehicle,33,Sometimes,1,['Paper'],268,never,1255
public,No Vehicle,1193,No,6,"['Plastic', 'Glass']",201,rarely,1952
walk/bicycle,No Vehicle,75,No,4,"['Plastic', 'Metal']",264,frequently,2330
public,No Vehicle,1712,Sometimes,1,"['Paper', 'Plastic', 'Glass']",98,frequently,1617
walk/bicycle,No Vehicle,65,No,7,['Metal'],295,very frequently,3033
private,electric,7590,Sometimes,3,['Paper'],190,rarely,2514
private,hybrid,7943,Sometimes,6,[],51,rarely,4014
public,No Vehicle,104,Yes,1,"['Paper', 'Glass', 'Metal']",243,rarely,1095
walk/bicycle,No Vehicle,32,Yes,4,"['Glass', 'Metal']",132,frequently,1974
public,No Vehicle,622,No,2,"['Paper', 'Glass']",109,frequently,1707
private,electric,4700,Yes,2,"['Paper', 'Glass', 'Metal']",282,frequently,1933
walk/bicycle,No Vehicle,71,Yes,3,"['Glass', 'Metal']",125,frequently,2742
private,electric,7398,No,4,['Paper'],156,frequently,2282
private,diesel,8656,Yes,1,"['Plastic', 'Glass']",88,never,3680
walk/bicycle,No Vehicle,14,Sometimes,1,['Plastic'],108,frequently,1342
private,lpg,3826,Sometimes,7,"['Paper', 'Plastic', 'Glass', 'Metal']",111,rarely,2045
public,No Vehicle,825,No,4,['Glass'],253,rarely,1950
public,No Vehicle,417,No,7,[],200,very frequently,2569
walk/bicycle,No Vehicle,27,Yes,7,"['Plastic', 'Glass']",139,never,1582
private,petrol,9767,No,7,['Metal'],260,rarely,5145
walk/bicycle,No Vehicle,44,No,5,"['Paper', 'Glass', 'Metal']",261,never,1082
walk/bicycle,No Vehicle,7,Sometimes,5,"['Paper', 'Plastic']",160,frequently,2637
walk/bicycle,No Vehicle,21,No,5,"['Paper', 'Plastic', 'Metal']",175,very frequently,2937
public,No Vehicle,1615,No,7,"['Glass', 'Metal']",291,never,2095
public,No Vehicle,1078,Sometimes,7,['Paper'],90,very frequently,2056
private,hybrid,8877,Yes,7,"['Paper', 'Metal']",155,very frequently,4231
walk/bicycle,No Vehicle,49,Yes,7,['Metal'],127,never,1634
walk/bicycle,No Vehicle,66,Sometimes,4,"['Plastic', 'Metal']",246,never,1737
private,hybrid,5539,Yes,4,"['Glass', 'Metal']",208,rarely,2686
walk/bicycle,No Vehicle,87,No,7,"['Plastic', 'Glass']",260,frequently,2703
public,No Vehicle,555,Sometimes,1,['Paper'],52,never,1262
private,petrol,8026,Sometimes,7,"['Glass', 'Metal']",133,frequently,6176
private,hybrid,6134,No,1,['Plastic'],221,never,1864
walk/bicycle,No Vehicle,50,Yes,7,"['Paper', 'Plastic', 'Glass', 'Metal']",107,rarely,538
walk/bicycle,No Vehicle,40,Yes,6,['Plastic'],262,rarely,1530
walk/bicycle,No Vehicle,21,No,1,"['Paper', 'Metal']",63,never,691
public,No Vehicle,511,No,5,"['Paper', 'Glass', 'Metal']",126,rarely,1182
public,No Vehicle,344,Yes,5,"['Paper', 'Plastic', 'Glass']",269,rarely,1638
public,No Vehicle,436,Sometimes,2,"['Plastic', 'Glass']",106,never,998
public,No Vehicle,673,Yes,7,"['Paper', 'Glass', 'Metal']",113,very frequently,2726
private,lpg,6571,Yes,7,['Plastic'],261,never,4038
walk/bicycle,No Vehicle,14,Yes,4,"['Paper', 'Metal']",267,never,1396
walk/bicycle,No Vehicle,18,Sometimes,4,"['Plastic', 'Metal']",111,rarely,1575
private,diesel,8457,Sometimes,4,"['Plastic', 'Metal']",127,very frequently,4729
private,lpg,2463,Yes,2,"['Paper', 'Glass', 'Metal']",170,frequently,1780
public,No Vehicle,145,Sometimes,5,"['Paper', 'Plastic', 'Glass', 'Metal']",242,never,1376
public,No Vehicle,1763,Sometimes,4,"['Paper', 'Plastic', 'Glass', 'Metal']",269,rarely,1813
public,No Vehicle,688,No,7,"['Paper', 'Plastic', 'Glass']",206,rarely,2002
private,lpg,1170,No,2,"['Paper', 'Glass', 'Metal']",220,never,1208
private,lpg,5102,No,5,['Metal'],285,frequently,3166
walk/bicycle,No Vehicle,91,Yes,4,['Paper'],142,rarely,1134
walk/bicycle,No Vehicle,39,No,2,"['Paper', 'Plastic']",91,never,974
private,lpg,2222,No,1,['Plastic'],152,frequently,2009
walk/bicycle,No Vehicle,86,Sometimes,7,"['Plastic', 'Glass', 'Metal']",157,never,1418
walk/bicycle,No Vehicle,1,No,5,"['Paper', 'Plastic', 'Glass']",169,never,926
walk/bicycle,No Vehicle,32,Sometimes,1,"['Paper', 'Plastic', 'Glass', 'Metal']",150,never,793
public,No Vehicle,1941,Yes,3,"['Plastic', 'Glass']",156,never,1571
private,hybrid,9623,No,1,"['Glass', 'Metal']",214,rarely,3200
private,lpg,6726,No,5,"['Paper', 'Plastic', 'Metal']",248,never,3362
public,No Vehicle,626,Yes,3,"['Plastic', 'Glass', 'Metal']",283,frequently,2262
public,No Vehicle,1257,Sometimes,4,"['Paper', 'Metal']",108,very frequently,2787
walk/bicycle,No Vehicle,10,No,7,"['Glass', 'Metal']",98,very frequently,3451
private,hybrid,4206,Yes,7,"['Paper', 'Plastic', 'Metal']",293,rarely,2629
walk/bicycle,No Vehicle,1,Sometimes,1,['Glass'],270,never,1302
private,electric,7185,Sometimes,4,"['Plastic', 'Metal']",279,very frequently,3859
private,diesel,3225,Sometimes,5,['Metal'],229,rarely,1878
public,No Vehicle,843,Sometimes,7,"['Paper', 'Metal']",266,never,947
walk/bicycle,No Vehicle,3,Yes,2,"['Paper', 'Plastic', 'Glass']",79,very frequently,2005
public,No Vehicle,8,No,6,['Metal'],293,frequently,3316
private,petrol,4362,Sometimes,5,['Plastic'],288,very frequently,5279
walk/bicycle,No Vehicle,69,Yes,2,"['Paper', 'Glass', 'Metal']",276,frequently,1259
private,petrol,8046,Sometimes,1,"['Plastic', 'Metal']",240,rarely,4552
private,diesel,6852,Yes,3,"['Paper', 'Metal']",97,never,2225
walk/bicycle,No Vehicle,57,Sometimes,6,"['Glass', 'Metal']",202,frequently,2039
private,diesel,7926,Sometimes,5,['Paper'],154,very frequently,5735
private,electric,5391,No,4,"['Paper', 'Plastic']",173,very frequently,2866
walk/bicycle,No Vehicle,19,Yes,7,"['Paper', 'Metal']",81,never,2014
private,diesel,3775,Sometimes,4,"['Paper', 'Glass']",125,very frequently,3617
public,No Vehicle,1532,Sometimes,6,"['Paper', 'Plastic', 'Glass']",158,rarely,1404
walk/bicycle,No Vehicle,5,Yes,6,[],79,frequently,1664
public,No Vehicle,737,Sometimes,3,"['Paper', 'Glass']",293,very frequently,2598
public,No Vehicle,1587,No,1,"['Glass', 'Metal']",56,rarely,1153
private,hybrid,59,Sometimes,3,['Glass'],101,very frequently,2754
public,No Vehicle,1010,Sometimes,7,['Plastic'],52,very frequently,2860
walk/bicycle,No Vehicle,30,No,7,"['Plastic', 'Metal']",97,never,939
private,hybrid,9745,No,2,"['Paper', 'Plastic', 'Glass']",53,never,2760
private,hybrid,3201,No,5,"['Paper', 'Plastic', 'Glass']",246,frequently,2358
private,diesel,3228,Yes,1,['Paper'],87,never,2139
private,petrol,9599,No,4,"['Paper', 'Plastic']",110,never,4974
public,No Vehicle,1326,Yes,5,[],299,rarely,1739
walk/bicycle,No Vehicle,54,Sometimes,4,"['Paper', 'Plastic', 'Glass']",176,never,984
private,lpg,7188,No,4,"['Paper', 'Plastic', 'Glass', 'Metal']",67,very frequently,4546
walk/bicycle,No Vehicle,85,Yes,4,"['Plastic', 'Metal']",120,very frequently,2950
walk/bicycle,No Vehicle,34,Yes,7,"['Plastic', 'Glass']",50,very frequently,2635
public,No Vehicle,1041,Yes,5,"['Paper', 'Plastic']",193,rarely,913
private,diesel,5833,Sometimes,5,"['Paper', 'Glass', 'Metal']",132,rarely,2099
private,electric,112,Yes,4,"['Paper', 'Plastic', 'Metal']",215,very frequently,2268
walk/bicycle,No Vehicle,2,No,3,"['Plastic', 'Glass']",111,rarely,1466
private,lpg,7989,No,5,['Glass'],221,never,4056
walk/bicycle,No Vehicle,12,Sometimes,5,"['Paper', 'Glass']",235,rarely,2424
private,petrol,4553,Sometimes,5,['Metal'],183,rarely,3016
public,No Vehicle,1613,Yes,5,"['Plastic', 'Metal']",173,very frequently,2672
walk/bicycle,No Vehicle,86,Sometimes,2,"['Paper', 'Metal']",53,never,847
public,No Vehicle,1789,Sometimes,2,"['Plastic', 'Glass']",186,never,868
walk/bicycle,No Vehicle,27,Sometimes,2,"['Plastic', 'Metal']",189,never,1382
private,hybrid,9242,No,3,['Paper'],264,never,2680
walk/bicycle,No Vehicle,22,Yes,6,"['Paper', 'Plastic', 'Glass', 'Metal']",166,rarely,1116
walk/bicycle,No Vehicle,10,Sometimes,3,['Paper'],179,rarely,1710
walk/bicycle,No Vehicle,23,Yes,7,['Metal'],108,very frequently,2752
public,No Vehicle,885,Yes,3,['Metal'],169,rarely,1781
public,No Vehicle,87,Sometimes,3,"['Paper', 'Plastic', 'Glass', 'Metal']",92,frequently,1415
private,petrol,2660,Yes,5,"['Plastic', 'Metal']",146,rarely,2265
walk/bicycle,No Vehicle,14,Yes,4,"['Paper', 'Metal']",162,never,1393
private,electric,4416,Yes,2,"['Plastic', 'Glass']",271,very frequently,2947
public,No Vehicle,1364,Sometimes,5,"['Paper', 'Plastic', 'Glass']",117,frequently,2413
public,No Vehicle,1116,Sometimes,2,['Plastic'],188,very frequently,2704
public,No Vehicle,1060,Yes,5,"['Paper', 'Plastic']",296,rarely,1162
private,electric,6246,Yes,3,[],194,frequently,2265
private,petrol,5866,No,5,"['Plastic', 'Glass', 'Metal']",237,frequently,4035
private,electric,7978,No,7,['Plastic'],233,frequently,2306
private,hybrid,4093,Yes,6,"['Paper', 'Plastic', 'Glass']",167,never,1842
walk/bicycle,No Vehicle,24,Sometimes,6,"['Plastic', 'Glass']",61,never,1803
walk/bicycle,No Vehicle,90,No,2,"['Plastic', 'Metal']",54,never,938
walk/bicycle,No Vehicle,43,Yes,5,['Plastic'],120,frequently,2800
public,No Vehicle,323,Sometimes,6,"['Glass', 'Metal']",270,frequently,1472
walk/bicycle,No Vehicle,73,Sometimes,3,['Glass'],162,never,1926
private,lpg,9584,No,4,"['Plastic', 'Glass', 'Metal']",271,frequently,4625
private,electric,5899,Yes,4,"['Paper', 'Glass']",174,never,1567
public,No Vehicle,892,Yes,6,['Glass'],275,rarely,1598
walk/bicycle,No Vehicle,86,Yes,1,"['Paper', 'Glass']",248,never,932
public,No Vehicle,1374,Yes,2,"['Paper', 'Plastic']",230,rarely,1094
private,electric,4312,No,1,['Metal'],97,frequently,1272
private,diesel,6482,No,3,[],179,very frequently,4561
walk/bicycle,No Vehicle,92,No,6,"['Plastic', 'Glass']",72,never,2150
public,No Vehicle,367,Yes,5,[],137,frequently,2310
walk/bicycle,No Vehicle,6,No,3,[],166,never,1782
private,petrol,9598,Sometimes,6,"['Paper', 'Glass', 'Metal']",230,never,4209
private,electric,2580,No,2,"['Plastic', 'Glass', 'Metal']",196,very frequently,2830
walk/bicycle,No Vehicle,59,Sometimes,5,"['Paper', 'Plastic', 'Glass', 'Metal']",196,frequently,2066
private,diesel,3026,No,7,"['Paper', 'Glass']",71,frequently,2404
private,petrol,7023,No,4,['Glass'],286,frequently,4846
walk/bicycle,No Vehicle,93,No,6,"['Plastic', 'Metal']",129,never,1611
walk/bicycle,No Vehicle,74,Yes,4,['Metal'],294,never,1125
private,lpg,4376,No,2,"['Plastic', 'Glass']",105,very frequently,4335
public,No Vehicle,1264,Yes,3,"['Paper', 'Glass', 'Metal']",113,never,866
public,No Vehicle,1580,Yes,3,"['Paper', 'Glass']",192,rarely,1348
walk/bicycle,No Vehicle,64,Sometimes,7,['Paper'],129,rarely,1741
walk/bicycle,No Vehicle,55,No,6,"['Paper', 'Plastic']",128,very frequently,2896
public,No Vehicle,1338,Sometimes,2,['Glass'],141,very frequently,2409
public,No Vehicle,772,Sometimes,2,"['Paper', 'Plastic', 'Glass']",131,never,663
walk/bicycle,No Vehicle,27,Yes,4,"['Glass', 'Metal']",142,frequently,2096
private,petrol,2311,No,2,[],141,very frequently,3683
private,electric,1834,No,5,"['Plastic', 'Metal']",196,frequently,1713
walk/bicycle,No Vehicle,35,Yes,2,"['Paper', 'Plastic', 'Glass']",142,rarely,1529
private,electric,954,No,1,['Metal'],268,very frequently,2387
private,petrol,5093,Yes,4,"['Plastic', 'Glass', 'Metal']",172,never,3913
private,lpg,9062,Yes,4,[],186,rarely,4068
private,electric,9799,Yes,4,"['Plastic', 'Glass']",285,very frequently,3149
private,petrol,7719,Sometimes,3,"['Paper', 'Glass', 'Metal']",168,frequently,3676
public,No Vehicle,488,No,7,"['Plastic', 'Glass']",232,rarely,1745
private,diesel,5122,No,4,['Glass'],74,frequently,3135
private,diesel,8771,No,6,[],168,very frequently,4156
walk/bicycle,No Vehicle,76,Yes,5,"['Plastic', 'Metal']",229,frequently,2033
public,No Vehicle,1937,Sometimes,4,"['Paper', 'Metal']",130,rarely,920
public,No Vehicle,902,Sometimes,6,"['Paper', 'Glass', 'Metal']",132,very frequently,2902
private,diesel,7201,No,5,"['Glass', 'Metal']",109,frequently,4513
private,electric,3280,Sometimes,6,['Paper'],90,never,1350
private,hybrid,1349,Yes,1,"['Paper', 'Metal']",211,frequently,1630
public,No Vehicle,994,Yes,4,['Metal'],51,rarely,1509
public,No Vehicle,1903,Sometimes,7,"['Plastic', 'Glass']",166,very frequently,4068
walk/bicycle,No Vehicle,6,No,6,['Paper'],123,very frequently,2578
private,lpg,626,Sometimes,2,['Glass'],290,very frequently,2448
public,No Vehicle,431,Sometimes,7,['Paper'],296,rarely,2660
walk/bicycle,No Vehicle,60,Yes,4,"['Paper', 'Plastic', 'Metal']",240,frequently,2046
walk/bicycle,No Vehicle,73,No,1,"['Glass', 'Metal']",171,never,1519
private,petrol,7703,No,6,['Metal'],142,frequently,5162
public,No Vehicle,1366,Sometimes,7,"['Paper', 'Plastic', 'Glass', 'Metal']",173,never,782
private,hybrid,9611,Sometimes,4,['Plastic'],206,frequently,4215
public,No Vehicle,839,Yes,6,"['Plastic', 'Glass', 'Metal']",208,very frequently,3865
walk/bicycle,No Vehicle,77,Sometimes,7,"['Paper', 'Glass']",56,frequently,2376
walk/bicycle,No Vehicle,77,Yes,7,"['Paper', 'Plastic', 'Glass', 'Metal']",292,never,1592
walk/bicycle,No Vehicle,77,No,3,['Glass'],98,rarely,1351
walk/bicycle,No Vehicle,69,No,4,"['Paper', 'Glass']",179,very frequently,2722
public,No Vehicle,1484,Yes,6,"['Paper', 'Glass', 'Metal']",253,never,1593
public,No Vehicle,362,Sometimes,1,['Paper'],175,never,1247
walk/bicycle,No Vehicle,30,No,6,['Metal'],98,very frequently,2229
walk/bicycle,No Vehicle,13,No,5,"['Plastic', 'Glass', 'Metal']",216,very frequently,3009
private,electric,1219,Yes,4,"['Paper', 'Plastic', 'Metal']",171,never,783
public,No Vehicle,1802,Yes,1,"['Plastic', 'Glass', 'Metal']",249,frequently,1538
public,No Vehicle,1523,Yes,2,"['Paper', 'Glass']",255,very frequently,2326
public,No Vehicle,609,Sometimes,2,['Glass'],149,frequently,2762
public,No Vehicle,1331,Yes,6,['Metal'],67,rarely,2676
private,petrol,654,Yes,3,"['Paper', 'Plastic', 'Glass']",69,never,1515
walk/bicycle,No Vehicle,45,Sometimes,3,['Plastic'],158,frequently,2232
walk/bicycle,No Vehicle,67,Yes,5,"['Plastic', 'Glass', 'Metal']",275,rarely,2090
private,lpg,8869,No,4,"['Paper', 'Plastic', 'Glass', 'Metal']",286,frequently,4116
walk/bicycle,No Vehicle,0,Sometimes,3,"['Paper', 'Plastic', 'Glass', 'Metal']",103,frequently,1642
public,No Vehicle,670,Sometimes,2,"['Paper', 'Glass']",127,rarely,1536
public,No Vehicle,1262,Yes,3,[],228,frequently,1807
private,petrol,1471,No,2,['Paper'],299,frequently,2065
walk/bicycle,No Vehicle,8,No,2,['Plastic'],241,never,1124
public,No Vehicle,884,No,6,"['Glass', 'Metal']",86,frequently,2227
public,No Vehicle,1060,Sometimes,2,"['Plastic', 'Glass']",102,rarely,1322
public,No Vehicle,1537,No,2,"['Plastic', 'Metal']",84,very frequently,2999
private,lpg,4171,No,7,"['Paper', 'Plastic', 'Metal']",147,very frequently,4893
public,No Vehicle,240,Yes,4,"['Plastic', 'Glass', 'Metal']",97,frequently,2264
private,diesel,8308,No,5,"['Paper', 'Plastic', 'Metal']",98,very frequently,4847
private,diesel,4987,Yes,7,"['Plastic', 'Metal']",203,very frequently,4998
public,No Vehicle,1869,No,5,[],183,never,1358
walk/bicycle,No Vehicle,33,No,7,"['Plastic', 'Glass', 'Metal']",204,rarely,1062
private,lpg,6879,Yes,2,"['Paper', 'Plastic', 'Metal']",181,frequently,2805
private,electric,1815,Sometimes,1,['Paper'],234,very frequently,2181
private,petrol,8898,Yes,7,['Plastic'],241,frequently,5592
walk/bicycle,No Vehicle,14,No,5,[],204,frequently,2453
private,electric,3633,No,5,"['Paper', 'Glass']",100,frequently,2133
public,No Vehicle,1285,Sometimes,4,"['Plastic', 'Metal']",194,frequently,1933
walk/bicycle,No Vehicle,7,Sometimes,1,"['Paper', 'Metal']",189,never,1104
public,No Vehicle,1778,Yes,7,"['Plastic', 'Glass', 'Metal']",162,frequently,2583
public,No Vehicle,1896,No,7,[],206,frequently,2694
walk/bicycle,No Vehicle,19,No,6,"['Plastic', 'Metal']",247,never,1961
private,lpg,5539,No,2,"['Paper', 'Plastic', 'Glass', 'Metal']",225,never,1923
public,No Vehicle,1652,Yes,4,"['Paper', 'Glass', 'Metal']",256,very frequently,2912
walk/bicycle,No Vehicle,37,Sometimes,6,['Paper'],195,very frequently,2808
public,No Vehicle,1703,No,6,[],112,never,1098
walk/bicycle,No Vehicle,46,No,5,"['Paper', 'Glass']",124,frequently,2916
public,No Vehicle,1970,Sometimes,1,"['Paper', 'Plastic', 'Metal']",182,very frequently,2145
public,No Vehicle,12,No,2,"['Plastic', 'Glass', 'Metal']",167,never,1330
walk/bicycle,No Vehicle,74,Sometimes,3,"['Plastic', 'Metal']",180,frequently,1813
walk/bicycle,No Vehicle,19,Yes,3,"['Paper', 'Metal']",202,frequently,2391
public,No Vehicle,1681,Sometimes,3,"['Paper', 'Glass']",254,very frequently,3268
private,hybrid,7640,No,1,"['Plastic', 'Glass', 'Metal']",70,frequently,3528
private,lpg,6653,No,2,[],116,very frequently,4395
public,No Vehicle,1130,No,5,"['Paper', 'Metal']",276,rarely,1880
public,No Vehicle,313,No,3,"['Paper', 'Glass']",224,very frequently,3088
walk/bicycle,No Vehicle,86,Yes,3,"['Plastic', 'Glass', 'Metal']",243,frequently,1730
private,diesel,4730,No,5,"['Paper', 'Glass']",160,rarely,2617
walk/bicycle,No Vehicle,15,No,7,"['Paper', 'Glass']",256,rarely,1817
walk/bicycle,No Vehicle,68,Sometimes,7,"['Paper', 'Glass', 'Metal']",191,very frequently,2199
walk/bicycle,No Vehicle,63,Sometimes,6,['Plastic'],298,never,1429
public,No Vehicle,977,Yes,2,"['Paper', 'Plastic', 'Glass']",116,very frequently,1904
private,diesel,9965,No,1,"['Glass', 'Metal']",214,never,3804
public,No Vehicle,1507,Yes,2,"['Plastic', 'Glass']",272,very frequently,2862
public,No Vehicle,1490,No,1,"['Paper', 'Plastic', 'Glass']",161,frequently,1426
walk/bicycle,No Vehicle,62,Yes,7,['Metal'],186,frequently,2165
public,No Vehicle,1873,No,2,['Paper'],176,rarely,1020
walk/bicycle,No Vehicle,54,Sometimes,3,['Plastic'],204,frequently,1960
private,lpg,4992,No,2,"['Paper', 'Glass']",188,very frequently,5340
private,electric,475,Sometimes,6,"['Paper', 'Plastic', 'Metal']",159,frequently,1746
walk/bicycle,No Vehicle,55,Sometimes,4,"['Paper', 'Plastic']",284,frequently,2056
private,petrol,2336,Sometimes,1,"['Paper', 'Glass', 'Metal']",123,very frequently,3112
walk/bicycle,No Vehicle,45,Yes,1,['Paper'],265,rarely,1102
private,electric,3976,No,2,"['Paper', 'Plastic', 'Metal']",275,never,1188
public,No Vehicle,1884,No,1,"['Paper', 'Glass']",157,rarely,1993
private,petrol,5776,No,4,"['Glass', 'Metal']",76,rarely,3135
walk/bicycle,No Vehicle,25,Yes,7,"['Paper', 'Plastic']",106,frequently,1944
public,No Vehicle,789,Sometimes,7,['Paper'],131,rarely,1248
walk/bicycle,No Vehicle,26,No,2,"['Paper', 'Metal']",111,frequently,1502
walk/bicycle,No Vehicle,71,No,7,"['Plastic', 'Glass']",136,rarely,2190
public,No Vehicle,515,Yes,1,"['Plastic', 'Glass', 'Metal']",283,very frequently,3121
public,No Vehicle,1242,Yes,1,"['Paper', 'Glass', 'Metal']",238,very frequently,2543
public,No Vehicle,1864,Sometimes,6,"['Plastic', 'Glass']",191,never,2443
public,No Vehicle,1835,No,4,"['Paper', 'Glass', 'Metal']",141,frequently,2043
walk/bicycle,No Vehicle,39,Yes,7,"['Paper', 'Glass']",254,frequently,2193
public,No Vehicle,488,Sometimes,7,['Metal'],258,rarely,1804
public,No Vehicle,435,Sometimes,2,"['Plastic', 'Glass', 'Metal']",107,never,1107
private,petrol,2110,Yes,1,"['Plastic', 'Glass']",267,rarely,1861
public,No Vehicle,47,Sometimes,2,"['Paper', 'Plastic', 'Glass', 'Metal']",69,never,1110
walk/bicycle,No Vehicle,14,Yes,7,"['Paper', 'Glass', 'Metal']",261,frequently,2519
public,No Vehicle,1871,No,1,"['Paper', 'Metal']",110,very frequently,2482
public,No Vehicle,72,Yes,3,"['Paper', 'Glass', 'Metal']",115,frequently,1363
private,lpg,8521,No,2,['Glass'],72,rarely,3645
walk/bicycle,No Vehicle,27,No,6,['Metal'],77,never,1678
private,electric,5958,Sometimes,1,['Plastic'],274,very frequently,2738
public,No Vehicle,1726,Yes,5,"['Paper', 'Glass']",60,frequently,1741
walk/bicycle,No Vehicle,17,Sometimes,7,"['Paper', 'Plastic']",166,rarely,898
public,No Vehicle,549,Yes,7,[],274,rarely,2181
public,No Vehicle,1696,Sometimes,7,['Metal'],61,frequently,1963
public,No Vehicle,1479,Yes,5,"['Paper', 'Plastic', 'Metal']",218,never,1893
public,No Vehicle,967,No,3,"['Paper', 'Glass', 'Metal']",209,frequently,1528
private,petrol,8192,Sometimes,4,['Glass'],194,very frequently,6637
private,hybrid,3257,Sometimes,2,"['Plastic', 'Glass']",293,very frequently,2484
walk/bicycle,No Vehicle,77,Sometimes,6,"['Paper', 'Plastic', 'Metal']",204,very frequently,2565
public,No Vehicle,1405,Yes,4,['Metal'],239,frequently,1760
public,No Vehicle,1979,No,6,"['Plastic', 'Metal']",124,never,1860
public,No Vehicle,317,Sometimes,6,"['Plastic', 'Glass', 'Metal']",259,rarely,2170
walk/bicycle,No Vehicle,67,Yes,1,"['Plastic', 'Metal']",228,very frequently,2942
private,diesel,35,Sometimes,3,['Paper'],257,rarely,1562
public,No Vehicle,279,Yes,7,['Glass'],181,never,1746
private,diesel,9366,No,3,"['Paper', 'Glass', 'Metal']",207,very frequently,4734
public,No Vehicle,1648,Yes,3,"['Paper', 'Plastic', 'Glass', 'Metal']",127,never,1903
walk/bicycle,No Vehicle,28,Sometimes,5,"['Paper', 'Plastic']",183,rarely,903
public,No Vehicle,1935,Yes,4,['Plastic'],151,frequently,1829
walk/bicycle,No Vehicle,72,Sometimes,6,"['Paper', 'Plastic']",211,rarely,2041
walk/bicycle,No Vehicle,92,Sometimes,5,"['Paper', 'Plastic', 'Glass', 'Metal']",239,very frequently,2234
walk/bicycle,No Vehicle,13,Yes,7,"['Paper', 'Glass']",99,frequently,2167
walk/bicycle,No Vehicle,72,Sometimes,5,"['Plastic', 'Glass', 'Metal']",236,very frequently,2426
walk/bicycle,No Vehicle,8,Sometimes,2,"['Plastic', 'Metal']",103,frequently,1770
walk/bicycle,No Vehicle,6,No,5,"['Paper', 'Glass']",173,rarely,1580
public,No Vehicle,1279,Sometimes,7,"['Plastic', 'Metal']",64,frequently,1869
walk/bicycle,No Vehicle,98,Sometimes,7,"['Paper', 'Plastic', 'Metal']",261,very frequently,2575
walk/bicycle,No Vehicle,80,No,4,"['Plastic', 'Metal']",114,frequently,1397
private,lpg,599,Yes,5,"['Paper', 'Plastic', 'Glass']",290,never,2145
private,diesel,9004,Sometimes,2,"['Paper', 'Plastic', 'Glass']",186,rarely,4314
public,No Vehicle,192,No,6,['Metal'],96,very frequently,2215
public,No Vehicle,287,Sometimes,5,[],133,frequently,3501
private,diesel,9528,Yes,2,['Metal'],140,never,3933
private,hybrid,1507,Sometimes,5,"['Paper', 'Glass']",125,rarely,2554
private,lpg,9098,Yes,1,['Metal'],247,very frequently,4300
public,No Vehicle,1202,Yes,5,"['Plastic', 'Glass', 'Metal']",142,frequently,2577
private,hybrid,6797,No,5,"['Paper', 'Plastic', 'Glass']",64,very frequently,3422
public,No Vehicle,1864,No,2,"['Glass', 'Metal']",213,very frequently,2220
public,No Vehicle,475,Yes,6,[],253,rarely,1213
private,diesel,7608,Sometimes,7,"['Paper', 'Plastic', 'Glass']",236,never,3904
walk/bicycle,No Vehicle,85,Sometimes,4,"['Paper', 'Metal']",191,never,1097
public,No Vehicle,479,Yes,5,"['Plastic', 'Metal']",144,rarely,1466
private,petrol,5457,Yes,5,"['Paper', 'Plastic', 'Metal']",118,very frequently,3728
walk/bicycle,No Vehicle,77,No,5,['Metal'],284,never,869
public,No Vehicle,1488,Yes,3,[],215,very frequently,2067
private,petrol,6229,Yes,2,"['Paper', 'Metal']",89,rarely,2922
public,No Vehicle,1608,Sometimes,3,"['Glass', 'Metal']",132,very frequently,2452
walk/bicycle,No Vehicle,58,Sometimes,1,['Plastic'],264,frequently,1271
walk/bicycle,No Vehicle,44,Yes,2,"['Paper', 'Plastic', 'Glass']",238,frequently,2342
public,No Vehicle,793,Yes,2,['Plastic'],146,frequently,1954
walk/bicycle,No Vehicle,16,Sometimes,6,['Plastic'],50,very frequently,3676
walk/bicycle,No Vehicle,16,Yes,4,"['Paper', 'Plastic', 'Glass']",154,very frequently,2416
walk/bicycle,No Vehicle,50,Sometimes,5,"['Plastic', 'Glass']",132,very frequently,2553
private,electric,2154,No,1,"['Paper', 'Plastic', 'Glass', 'Metal']",176,never,1451
public,No Vehicle,188,Yes,3,"['Plastic', 'Glass']",250,very frequently,2079
private,lpg,7026,No,6,"['Plastic', 'Glass']",249,never,3318
walk/bicycle,No Vehicle,20,No,5,"['Glass', 'Metal']",174,never,1730
public,No Vehicle,627,No,6,"['Plastic', 'Metal']",204,never,2435
walk/bicycle,No Vehicle,6,Yes,3,"['Paper', 'Plastic']",280,never,1571
private,electric,4676,No,2,[],266,rarely,1259
public,No Vehicle,459,Yes,5,['Paper'],162,very frequently,2550
public,No Vehicle,791,No,6,['Paper'],113,very frequently,2772
walk/bicycle,No Vehicle,78,No,5,"['Paper', 'Plastic', 'Metal']",75,very frequently,2093
walk/bicycle,No Vehicle,18,Sometimes,5,"['Paper', 'Plastic', 'Glass']",103,rarely,937
walk/bicycle,No Vehicle,17,No,6,"['Paper', 'Plastic']",217,never,2496
public,No Vehicle,1991,Sometimes,5,"['Paper', 'Plastic']",97,never,1496
private,hybrid,2511,Yes,3,"['Paper', 'Metal']",219,never,1555
private,petrol,1548,Yes,4,"['Paper', 'Plastic']",274,frequently,2044
private,electric,3514,No,4,"['Plastic', 'Glass']",254,never,2066
private,electric,6505,Yes,6,"['Paper', 'Metal']",218,frequently,2400
private,electric,8610,Sometimes,7,['Glass'],56,rarely,1852
private,petrol,6452,Yes,7,"['Paper', 'Plastic', 'Metal']",204,frequently,4814
public,No Vehicle,989,Sometimes,3,"['Paper', 'Plastic', 'Glass', 'Metal']",104,very frequently,2584
public,No Vehicle,1974,Yes,6,[],93,frequently,2614
private,petrol,9779,Sometimes,4,['Glass'],63,frequently,5409
public,No Vehicle,745,Yes,6,"['Glass', 'Metal']",67,frequently,1971
public,No Vehicle,1568,Sometimes,6,['Glass'],74,never,1423
public,No Vehicle,905,Yes,5,"['Paper', 'Plastic']",136,very frequently,2779
walk/bicycle,No Vehicle,32,No,2,"['Glass', 'Metal']",116,never,1034
public,No Vehicle,963,Sometimes,4,"['Paper', 'Plastic', 'Glass', 'Metal']",181,never,2093
public,No Vehicle,1091,Sometimes,7,"['Plastic', 'Glass']",60,frequently,2574
walk/bicycle,No Vehicle,38,Yes,2,"['Paper', 'Plastic', 'Glass', 'Metal']",117,very frequently,2034
walk/bicycle,No Vehicle,14,Sometimes,3,"['Glass', 'Metal']",135,never,1294
public,No Vehicle,1470,Yes,7,"['Plastic', 'Glass', 'Metal']",256,very frequently,3752
public,No Vehicle,1021,Sometimes,4,"['Paper', 'Plastic', 'Glass']",78,very frequently,3273
public,No Vehicle,1801,Yes,3,"['Glass', 'Metal']",164,never,931
public,No Vehicle,1775,Sometimes,6,['Metal'],248,very frequently,3493
public,No Vehicle,93,Sometimes,2,"['Plastic', 'Glass', 'Metal']",225,frequently,1493
walk/bicycle,No Vehicle,73,No,2,['Plastic'],250,rarely,1133
private,hybrid,2511,Yes,2,['Glass'],220,rarely,2139
walk/bicycle,No Vehicle,4,Sometimes,6,['Glass'],283,frequently,2050
public,No Vehicle,1244,Yes,3,"['Plastic', 'Glass', 'Metal']",185,very frequently,2609
private,electric,8136,Sometimes,6,"['Plastic', 'Glass']",69,very frequently,2404
private,electric,1101,No,4,"['Paper', 'Glass', 'Metal']",180,frequently,1929
private,hybrid,2478,Yes,7,"['Paper', 'Metal']",223,frequently,2803
walk/bicycle,No Vehicle,47,Sometimes,6,"['Glass', 'Metal']",53,frequently,1284
private,hybrid,2162,Sometimes,4,"['Paper', 'Plastic', 'Glass']",67,frequently,1526
private,hybrid,844,No,4,"['Plastic', 'Glass', 'Metal']",162,frequently,2014
walk/bicycle,No Vehicle,77,No,2,"['Glass', 'Metal']",229,frequently,2334
walk/bicycle,No Vehicle,8,No,6,[],259,very frequently,3579
public,No Vehicle,78,No,2,[],277,very frequently,2838
private,diesel,3699,Yes,3,"['Paper', 'Plastic']",161,rarely,2946
walk/bicycle,No Vehicle,29,No,1,"['Plastic', 'Glass']",277,rarely,1627
walk/bicycle,No Vehicle,40,Yes,3,"['Plastic', 'Glass']",272,very frequently,2643
private,electric,4155,No,3,"['Paper', 'Plastic', 'Glass', 'Metal']",68,frequently,2225
walk/bicycle,No Vehicle,88,Sometimes,4,['Plastic'],193,frequently,2196
private,petrol,7424,Sometimes,7,"['Paper', 'Metal']",118,rarely,5476
private,electric,499,No,4,"['Paper', 'Glass', 'Metal']",212,never,1318
walk/bicycle,No Vehicle,63,No,5,"['Plastic', 'Glass']",263,rarely,1602
walk/bicycle,No Vehicle,96,Sometimes,7,"['Plastic', 'Metal']",228,frequently,2202
public,No Vehicle,1711,Yes,1,"['Paper', 'Plastic']",181,very frequently,2574
private,petrol,7793,Sometimes,2,"['Paper', 'Metal']",166,frequently,4158
public,No Vehicle,1733,Sometimes,3,"['Paper', 'Plastic', 'Glass', 'Metal']",171,never,1075
private,petrol,4905,Yes,2,"['Paper', 'Plastic', 'Glass', 'Metal']",288,very frequently,3876
walk/bicycle,No Vehicle,90,Sometimes,6,"['Paper', 'Metal']",60,very frequently,2674
walk/bicycle,No Vehicle,45,No,5,['Glass'],248,rarely,1892
walk/bicycle,No Vehicle,40,Yes,7,['Paper'],221,rarely,1960
walk/bicycle,No Vehicle,19,Yes,4,"['Paper', 'Plastic', 'Glass']",158,rarely,1161
walk/bicycle,No Vehicle,12,Sometimes,4,"['Paper', 'Plastic', 'Glass']",285,rarely,2176
private,petrol,9704,Yes,1,"['Plastic', 'Glass', 'Metal']",294,frequently,4877
private,diesel,3496,Sometimes,7,"['Paper', 'Plastic']",232,rarely,2785
walk/bicycle,No Vehicle,55,No,5,"['Paper', 'Glass', 'Metal']",183,rarely,1731
public,No Vehicle,51,Yes,1,"['Glass', 'Metal']",245,rarely,1641
public,No Vehicle,1306,No,5,"['Paper', 'Plastic']",298,frequently,2695
public,No Vehicle,1422,Yes,3,"['Paper', 'Plastic']",236,never,1381
private,diesel,5379,Sometimes,2,"['Paper', 'Plastic']",281,never,2658
walk/bicycle,No Vehicle,89,Sometimes,2,"['Paper', 'Metal']",194,frequently,1911
private,diesel,672,Sometimes,4,"['Plastic', 'Glass', 'Metal']",174,frequently,2010
walk/bicycle,No Vehicle,86,Sometimes,6,['Paper'],139,frequently,2279
private,petrol,9165,Yes,5,"['Plastic', 'Glass']",51,very frequently,5111
public,No Vehicle,373,Yes,1,['Glass'],227,frequently,1350
walk/bicycle,No Vehicle,67,Sometimes,5,"['Paper', 'Plastic']",282,frequently,2719
walk/bicycle,No Vehicle,56,Sometimes,2,['Metal'],100,very frequently,2461
private,petrol,6257,Yes,5,"['Paper', 'Plastic', 'Glass']",226,frequently,3988
walk/bicycle,No Vehicle,26,Sometimes,3,"['Plastic', 'Metal']",86,very frequently,2372
public,No Vehicle,1589,Yes,6,['Glass'],132,very frequently,3324
private,petrol,7206,Yes,2,"['Paper', 'Plastic', 'Glass', 'Metal']",227,frequently,4900
public,No Vehicle,743,No,7,"['Plastic', 'Glass', 'Metal']",181,very frequently,2358
private,diesel,1346,Yes,7,"['Paper', 'Metal']",165,rarely,2116
private,petrol,5817,Yes,2,"['Paper', 'Glass', 'Metal']",296,very frequently,3628
walk/bicycle,No Vehicle,38,No,2,['Glass'],162,frequently,2301
walk/bicycle,No Vehicle,41,Yes,1,"['Paper', 'Plastic']",227,never,772
walk/bicycle,No Vehicle,17,Sometimes,7,"['Paper', 'Glass']",228,rarely,1742
private,electric,5192,No,7,"['Glass', 'Metal']",88,frequently,2053
walk/bicycle,No Vehicle,3,Yes,2,['Paper'],56,never,1035
public,No Vehicle,1514,No,6,"['Paper', 'Plastic']",238,never,2219
walk/bicycle,No Vehicle,33,No,2,"['Glass', 'Metal']",244,frequently,1914
walk/bicycle,No Vehicle,83,Sometimes,2,['Plastic'],291,very frequently,3803
private,lpg,7957,Sometimes,6,"['Plastic', 'Metal']",238,never,3755
public,No Vehicle,1746,Yes,2,"['Plastic', 'Glass']",279,never,1706
private,petrol,9172,Sometimes,7,"['Plastic', 'Metal']",266,frequently,4675
private,diesel,5287,Yes,6,"['Paper', 'Plastic', 'Glass', 'Metal']",235,frequently,3735
private,hybrid,7042,No,6,"['Paper', 'Glass', 'Metal']",80,rarely,3000
walk/bicycle,No Vehicle,72,Yes,1,"['Paper', 'Metal']",197,very frequently,1998
walk/bicycle,No Vehicle,59,No,2,"['Paper', 'Plastic', 'Glass', 'Metal']",290,very frequently,2388
public,No Vehicle,1574,Yes,2,"['Glass', 'Metal']",118,never,1599
public,No Vehicle,111,Yes,3,"['Paper', 'Plastic', 'Glass', 'Metal']",160,very frequently,1468
public,No Vehicle,852,Yes,3,"['Paper', 'Plastic', 'Glass']",99,rarely,1079
public,No Vehicle,101,Sometimes,4,['Paper'],159,rarely,1923
private,petrol,8518,No,6,['Metal'],299,never,4557
private,electric,5606,Sometimes,7,[],223,frequently,3441
walk/bicycle,No Vehicle,98,Yes,3,['Metal'],123,rarely,908
private,lpg,2949,Yes,1,['Paper'],241,frequently,2699
walk/bicycle,No Vehicle,87,Sometimes,4,['Glass'],121,never,1981
walk/bicycle,No Vehicle,10,Sometimes,6,"['Paper', 'Metal']",136,rarely,1175
walk/bicycle,No Vehicle,77,Sometimes,3,"['Paper', 'Plastic', 'Glass', 'Metal']",184,very frequently,2129
private,diesel,3581,Sometimes,5,['Plastic'],241,rarely,2775
public,No Vehicle,1679,Yes,7,['Paper'],233,very frequently,3918
private,hybrid,8940,Yes,1,"['Plastic', 'Glass']",143,rarely,2260
public,No Vehicle,534,No,5,['Glass'],295,rarely,2028
public,No Vehicle,9,Yes,5,"['Plastic', 'Glass']",285,very frequently,2750
walk/bicycle,No Vehicle,31,Yes,5,"['Glass', 'Metal']",248,frequently,2553
private,diesel,2033,Sometimes,7,"['Plastic', 'Glass', 'Metal']",119,frequently,2384
private,electric,3004,Sometimes,2,"['Glass', 'Metal']",236,frequently,1621
private,lpg,1657,Yes,2,['Plastic'],138,rarely,2073
private,electric,266,Yes,3,['Plastic'],163,frequently,1510
walk/bicycle,No Vehicle,97,Yes,3,"['Paper', 'Plastic', 'Metal']",185,very frequently,2295
public,No Vehicle,343,Sometimes,4,['Paper'],215,very frequently,3143
walk/bicycle,No Vehicle,68,Sometimes,5,"['Plastic', 'Metal']",268,never,1518
public,No Vehicle,1680,No,5,"['Paper', 'Glass']",98,frequently,2136
walk/bicycle,No Vehicle,22,Sometimes,1,"['Paper', 'Plastic', 'Glass', 'Metal']",128,rarely,1411
walk/bicycle,No Vehicle,2,Sometimes,4,"['Paper', 'Glass']",155,frequently,1760
public,No Vehicle,1789,No,2,['Plastic'],281,frequently,1838
public,No Vehicle,652,Sometimes,5,"['Plastic', 'Glass', 'Metal']",206,very frequently,2852
public,No Vehicle,782,Sometimes,7,"['Paper', 'Glass']",99,never,1548
walk/bicycle,No Vehicle,0,Sometimes,5,"['Paper', 'Glass', 'Metal']",52,frequently,1588
walk/bicycle,No Vehicle,56,Sometimes,3,"['Plastic', 'Glass']",162,very frequently,3378
public,No Vehicle,206,No,6,['Paper'],251,frequently,2711
private,diesel,7058,Yes,6,"['Paper', 'Glass', 'Metal']",71,very frequently,5747
public,No Vehicle,1616,Sometimes,3,"['Paper', 'Plastic', 'Glass', 'Metal']",254,very frequently,2534
public,No Vehicle,117,No,2,['Paper'],85,never,1865
public,No Vehicle,293,Sometimes,1,"['Plastic', 'Metal']",161,frequently,1582
private,petrol,8782,No,5,"['Plastic', 'Metal']",104,very frequently,5174
private,petrol,1261,Sometimes,6,"['Plastic', 'Glass']",226,frequently,3753
public,No Vehicle,1591,Yes,2,"['Plastic', 'Metal']",186,rarely,1356
walk/bicycle,No Vehicle,97,Yes,4,[],241,never,2376
private,diesel,6632,Yes,5,[],220,very frequently,5163
private,diesel,8102,Yes,7,['Glass'],73,never,4771
private,lpg,9009,Sometimes,6,['Plastic'],117,frequently,5032
walk/bicycle,No Vehicle,69,Yes,6,[],65,frequently,2373
public,No Vehicle,947,Yes,4,"['Plastic', 'Glass', 'Metal']",119,never,824
private,lpg,9580,No,5,"['Paper', 'Plastic', 'Metal']",273,very frequently,6032
walk/bicycle,No Vehicle,59,Sometimes,6,"['Paper', 'Plastic']",160,frequently,1971
private,hybrid,9439,Yes,1,"['Paper', 'Plastic']",143,never,2865
private,lpg,8910,Sometimes,3,"['Plastic', 'Glass']",281,frequently,5039
walk/bicycle,No Vehicle,22,Sometimes,4,['Paper'],247,never,1662
public,No Vehicle,790,No,5,"['Plastic', 'Glass']",98,rarely,1914
private,electric,9719,No,3,['Paper'],123,rarely,1269
public,No Vehicle,1515,Sometimes,2,['Plastic'],118,very frequently,3066
private,diesel,681,Yes,2,"['Paper', 'Glass', 'Metal']",123,very frequently,2223
walk/bicycle,No Vehicle,56,Sometimes,7,[],118,never,2047
public,No Vehicle,1321,Yes,2,"['Plastic', 'Glass']",114,rarely,1722
walk/bicycle,No Vehicle,58,Sometimes,3,"['Paper', 'Glass']",267,never,1704
private,petrol,9029,No,5,['Paper'],105,rarely,4798
walk/bicycle,No Vehicle,10,Yes,2,"['Paper', 'Plastic', 'Metal']",123,very frequently,2021
private,lpg,3807,No,5,"['Paper', 'Metal']",120,frequently,3161
public,No Vehicle,743,Yes,3,['Paper'],258,never,1151
walk/bicycle,No Vehicle,25,Sometimes,2,"['Paper', 'Glass']",93,frequently,1414
public,No Vehicle,1287,Yes,7,"['Paper', 'Plastic']",85,very frequently,2748
public,No Vehicle,508,Yes,6,['Metal'],65,never,2190
public,No Vehicle,374,Yes,6,"['Paper', 'Plastic', 'Glass', 'Metal']",204,frequently,2345
private,lpg,1779,No,7,"['Plastic', 'Metal']",157,rarely,1860
private,petrol,6007,Sometimes,5,[],236,frequently,3758
public,No Vehicle,747,Sometimes,5,"['Plastic', 'Glass']",289,frequently,2359
walk/bicycle,No Vehicle,69,Sometimes,1,"['Paper', 'Glass']",290,rarely,1146
public,No Vehicle,892,Yes,7,"['Paper', 'Plastic']",161,very frequently,2306
public,No Vehicle,338,No,2,"['Plastic', 'Glass']",152,never,1131
walk/bicycle,No Vehicle,87,Sometimes,4,['Plastic'],286,very frequently,3446
private,lpg,3187,Sometimes,5,"['Glass', 'Metal']",95,never,2601
public,No Vehicle,851,No,1,"['Paper', 'Plastic', 'Metal']",51,frequently,1919
public,No Vehicle,874,Yes,7,"['Paper', 'Plastic']",57,very frequently,2235
public,No Vehicle,760,Yes,5,['Metal'],219,rarely,1749
private,lpg,2242,No,5,['Paper'],185,never,2070
private,petrol,6865,Sometimes,6,"['Plastic', 'Glass']",161,very frequently,5578
walk/bicycle,No Vehicle,73,No,3,[],140,rarely,1937
private,diesel,6226,Sometimes,2,"['Paper', 'Plastic', 'Glass', 'Metal']",249,never,2705
walk/bicycle,No Vehicle,22,Sometimes,4,"['Paper', 'Plastic']",52,never,1544
walk/bicycle,No Vehicle,49,Yes,3,"['Paper', 'Plastic', 'Glass']",120,frequently,2129
walk/bicycle,No Vehicle,97,Yes,7,"['Paper', 'Plastic', 'Metal']",98,never,1107
private,hybrid,6992,Yes,3,"['Plastic', 'Metal']",292,very frequently,4324
public,No Vehicle,30,Yes,2,['Metal'],243,never,917
private,petrol,1716,Sometimes,4,"['Plastic', 'Glass', 'Metal']",225,never,1656
public,No Vehicle,906,Yes,7,['Plastic'],58,frequently,2400
walk/bicycle,No Vehicle,90,Sometimes,6,"['Paper', 'Glass', 'Metal']",72,frequently,2057
private,lpg,135,No,2,['Paper'],90,never,1270
public,No Vehicle,1098,Yes,1,"['Paper', 'Glass', 'Metal']",142,very frequently,2140
walk/bicycle,No Vehicle,47,Yes,6,['Glass'],293,very frequently,3300
public,No Vehicle,1653,Yes,6,"['Glass', 'Metal']",100,frequently,2800
walk/bicycle,No Vehicle,3,Sometimes,6,"['Plastic', 'Metal']",120,never,1444
walk/bicycle,No Vehicle,41,No,6,"['Paper', 'Plastic', 'Glass', 'Metal']",295,never,1265
private,lpg,8519,No,5,['Metal'],200,never,3559
private,hybrid,8807,Sometimes,3,['Paper'],118,never,2943
private,diesel,3491,Sometimes,2,"['Glass', 'Metal']",145,rarely,1998
public,No Vehicle,1756,Yes,1,"['Paper', 'Glass', 'Metal']",126,never,904
public,No Vehicle,834,Yes,5,"['Plastic', 'Glass', 'Metal']",224,very frequently,2729
walk/bicycle,No Vehicle,70,Sometimes,5,"['Paper', 'Glass']",78,rarely,2198
private,hybrid,5011,Sometimes,6,"['Paper', 'Glass', 'Metal']",209,frequently,2791
private,lpg,9484,Sometimes,6,"['Paper', 'Glass', 'Metal']",266,rarely,4935
private,diesel,7391,Sometimes,7,"['Plastic', 'Glass']",115,very frequently,4480
private,petrol,2971,No,6,"['Paper', 'Plastic', 'Metal']",195,very frequently,3844
public,No Vehicle,377,No,3,"['Plastic', 'Metal']",147,frequently,2405
walk/bicycle,No Vehicle,51,Yes,6,"['Paper', 'Plastic', 'Metal']",99,rarely,1899
public,No Vehicle,1999,Yes,7,['Paper'],125,frequently,2575
public,No Vehicle,656,Sometimes,3,"['Paper', 'Glass', 'Metal']",181,very frequently,2450
walk/bicycle,No Vehicle,24,Sometimes,1,"['Plastic', 'Glass']",66,frequently,1570
private,lpg,128,Sometimes,2,"['Paper', 'Glass']",235,frequently,1758
private,electric,2163,No,3,[],255,frequently,1956
public,No Vehicle,1958,Sometimes,4,"['Paper', 'Plastic', 'Glass', 'Metal']",151,rarely,1441
public,No Vehicle,1035,Sometimes,5,"['Paper', 'Metal']",98,rarely,1097
walk/bicycle,No Vehicle,87,No,3,"['Paper', 'Plastic', 'Glass', 'Metal']",254,never,885
walk/bicycle,No Vehicle,80,Sometimes,4,['Paper'],158,very frequently,2411
private,lpg,9522,No,7,[],65,frequently,4946
private,electric,9475,No,4,['Glass'],111,frequently,1997
public,No Vehicle,1877,Yes,5,"['Paper', 'Glass']",197,very frequently,3511
private,hybrid,3969,No,6,['Glass'],256,rarely,1793
private,lpg,3986,Yes,2,"['Paper', 'Plastic']",281,rarely,3007
walk/bicycle,No Vehicle,97,No,2,"['Plastic', 'Metal']",295,frequently,1919
public,No Vehicle,36,Yes,3,['Plastic'],256,never,1101
private,petrol,7900,No,7,"['Paper', 'Plastic']",74,very frequently,5921
private,hybrid,6344,Yes,1,"['Paper', 'Glass', 'Metal']",253,frequently,3068
walk/bicycle,No Vehicle,18,Yes,2,"['Plastic', 'Glass']",267,rarely,1835
public,No Vehicle,1721,Yes,4,"['Paper', 'Plastic', 'Glass']",204,never,1653
public,No Vehicle,1251,Sometimes,4,"['Plastic', 'Metal']",116,never,1164
walk/bicycle,No Vehicle,14,Sometimes,3,['Paper'],214,frequently,2204
public,No Vehicle,312,Yes,1,['Metal'],61,very frequently,2554
private,electric,4159,Yes,1,"['Plastic', 'Glass']",137,never,1640
walk/bicycle,No Vehicle,35,Yes,7,['Glass'],64,never,1666
walk/bicycle,No Vehicle,31,Sometimes,1,"['Paper', 'Plastic', 'Metal']",94,rarely,436
walk/bicycle,No Vehicle,52,Sometimes,4,"['Paper', 'Plastic', 'Glass']",150,never,1120
public,No Vehicle,1020,Sometimes,7,['Metal'],266,very frequently,2898
public,No Vehicle,1098,Yes,7,"['Paper', 'Plastic']",51,very frequently,2466
public,No Vehicle,1921,Yes,2,"['Paper', 'Plastic']",255,very frequently,2893
walk/bicycle,No Vehicle,52,Sometimes,2,['Plastic'],74,very frequently,2153
private,hybrid,908,Yes,4,['Glass'],79,never,1455
private,lpg,2146,No,6,"['Paper', 'Plastic', 'Metal']",256,frequently,2406
private,hybrid,7909,No,6,"['Plastic', 'Glass', 'Metal']",221,frequently,3458
public,No Vehicle,989,Yes,4,"['Glass', 'Metal']",168,rarely,1533
walk/bicycle,No Vehicle,57,Sometimes,3,"['Paper', 'Glass']",82,never,912
walk/bicycle,No Vehicle,50,Yes,3,['Plastic'],64,never,1592
walk/bicycle,No Vehicle,89,Yes,4,"['Paper', 'Plastic']",139,frequently,1402
walk/bicycle,No Vehicle,12,No,5,[],139,very frequently,3481
public,No Vehicle,287,Yes,6,['Glass'],217,rarely,1902
public,No Vehicle,200,Sometimes,4,"['Plastic', 'Metal']",70,very frequently,2384
private,hybrid,4327,Yes,3,"['Paper', 'Glass']",81,rarely,1645
walk/bicycle,No Vehicle,10,Sometimes,3,"['Paper', 'Plastic', 'Metal']",100,never,679
public,No Vehicle,268,No,6,['Metal'],119,very frequently,2535
public,No Vehicle,614,Yes,7,"['Glass', 'Metal']",83,very frequently,2892
private,hybrid,8794,No,1,"['Glass', 'Metal']",239,rarely,2255
private,petrol,3882,Sometimes,4,[],83,rarely,3114
walk/bicycle,No Vehicle,71,Sometimes,6,"['Plastic', 'Metal']",94,very frequently,1940
public,No Vehicle,1197,Sometimes,6,"['Paper', 'Plastic', 'Glass']",141,never,1517
private,lpg,721,No,4,"['Paper', 'Glass']",100,very frequently,2730
public,No Vehicle,1866,Sometimes,7,['Plastic'],229,frequently,2846
public,No Vehicle,438,No,7,"['Plastic', 'Glass', 'Metal']",190,very frequently,2795
walk/bicycle,No Vehicle,92,Yes,4,"['Paper', 'Metal']",59,never,1114
private,lpg,6919,Yes,1,['Metal'],219,never,3053
walk/bicycle,No Vehicle,93,Yes,6,"['Paper', 'Plastic', 'Metal']",68,frequently,2159
public,No Vehicle,1350,Yes,6,"['Plastic', 'Glass', 'Metal']",65,frequently,1816
walk/bicycle,No Vehicle,76,Yes,5,"['Plastic', 'Glass', 'Metal']",83,very frequently,1589
public,No Vehicle,1621,Yes,5,"['Paper', 'Plastic', 'Glass', 'Metal']",93,very frequently,3170
walk/bicycle,No Vehicle,40,Yes,1,"['Paper', 'Plastic', 'Glass', 'Metal']",172,never,874
walk/bicycle,No Vehicle,57,Sometimes,1,"['Glass', 'Metal']",118,very frequently,2826
private,electric,8713,No,7,"['Plastic', 'Glass', 'Metal']",224,rarely,1145
walk/bicycle,No Vehicle,66,Sometimes,5,"['Paper', 'Plastic', 'Glass']",269,rarely,1203
private,lpg,1154,No,3,"['Paper', 'Metal']",280,never,1525
private,electric,3800,Sometimes,6,['Plastic'],260,rarely,2206
public,No Vehicle,53,No,4,"['Plastic', 'Glass', 'Metal']",296,very frequently,2727
private,diesel,8262,Yes,6,[],86,never,3999
public,No Vehicle,426,No,2,"['Paper', 'Plastic', 'Metal']",141,never,819
walk/bicycle,No Vehicle,88,Yes,5,[],156,frequently,2083
public,No Vehicle,1234,Yes,3,"['Paper', 'Glass']",88,rarely,1339
public,No Vehicle,1335,Yes,6,"['Plastic', 'Glass']",51,frequently,1990
private,petrol,5060,Sometimes,1,"['Plastic', 'Glass', 'Metal']",74,frequently,4627
private,petrol,3400,Sometimes,2,"['Plastic', 'Glass']",53,very frequently,3928
public,No Vehicle,648,Sometimes,3,['Metal'],147,frequently,1761
private,petrol,9061,Sometimes,3,"['Glass', 'Metal']",252,rarely,6076
walk/bicycle,No Vehicle,36,No,2,"['Paper', 'Plastic', 'Glass', 'Metal']",122,rarely,996
private,hybrid,9168,No,6,"['Paper', 'Plastic']",201,frequently,3420
public,No Vehicle,1034,Sometimes,3,"['Paper', 'Plastic', 'Glass']",237,never,1354
public,No Vehicle,213,Yes,3,['Plastic'],271,rarely,2064
private,diesel,4603,No,6,"['Paper', 'Plastic']",281,rarely,3181
public,No Vehicle,1740,Sometimes,1,"['Paper', 'Plastic']",187,never,1077
private,petrol,1721,No,6,[],262,never,2682
public,No Vehicle,526,Yes,2,"['Paper', 'Plastic', 'Glass', 'Metal']",179,never,1055
private,petrol,922,Sometimes,4,"['Paper', 'Glass']",160,frequently,2137
private,diesel,9933,Yes,6,"['Paper', 'Glass']",58,very frequently,4206
public,No Vehicle,1540,Yes,6,"['Plastic', 'Glass']",188,never,1972
public,No Vehicle,180,Sometimes,1,"['Glass', 'Metal']",172,frequently,1266
public,No Vehicle,1507,Sometimes,7,['Glass'],207,rarely,1594
walk/bicycle,No Vehicle,81,No,1,['Glass'],234,very frequently,2351
private,petrol,959,No,5,"['Paper', 'Glass', 'Metal']",188,rarely,2474
public,No Vehicle,746,No,3,['Paper'],249,frequently,2322
public,No Vehicle,817,Yes,2,"['Plastic', 'Glass', 'Metal']",259,never,1719
private,diesel,6119,Sometimes,6,"['Paper', 'Plastic', 'Glass', 'Metal']",256,rarely,2537
public,No Vehicle,1849,Yes,3,"['Paper', 'Glass']",297,very frequently,2713
walk/bicycle,No Vehicle,2,Yes,6,['Metal'],266,never,1357
private,petrol,2142,Yes,6,"['Paper', 'Glass']",94,very frequently,3506
private,lpg,4717,Yes,6,['Glass'],220,very frequently,3947
walk/bicycle,No Vehicle,19,Yes,5,['Glass'],229,frequently,1960
walk/bicycle,No Vehicle,49,Sometimes,6,['Metal'],116,very frequently,1917
walk/bicycle,No Vehicle,97,Sometimes,2,"['Paper', 'Plastic', 'Glass']",58,frequently,1098
walk/bicycle,No Vehicle,6,Yes,4,"['Paper', 'Plastic']",229,rarely,1594
private,hybrid,9677,Yes,3,"['Glass', 'Metal']",169,never,3212
public,No Vehicle,158,Yes,3,[],114,frequently,2219
walk/bicycle,No Vehicle,69,Sometimes,5,['Metal'],225,frequently,2915
walk/bicycle,No Vehicle,48,Yes,4,['Glass'],203,frequently,3397
walk/bicycle,No Vehicle,41,Sometimes,6,['Plastic'],138,never,2333
private,hybrid,9861,Sometimes,2,"['Plastic', 'Glass']",188,never,2332
walk/bicycle,No Vehicle,6,Yes,2,"['Paper', 'Plastic', 'Glass']",126,frequently,2573
walk/bicycle,No Vehicle,39,Sometimes,4,"['Plastic', 'Glass', 'Metal']",242,frequently,1991
public,No Vehicle,568,No,7,"['Glass', 'Metal']",141,rarely,1637
walk/bicycle,No Vehicle,45,Sometimes,7,['Glass'],51,very frequently,2660
private,hybrid,8701,Sometimes,4,"['Plastic', 'Glass']",274,rarely,3666
public,No Vehicle,1943,No,7,"['Paper', 'Plastic']",107,rarely,2047
walk/bicycle,No Vehicle,46,Yes,4,"['Plastic', 'Glass']",171,rarely,1466
private,petrol,9658,Sometimes,2,"['Paper', 'Plastic']",125,frequently,6786
public,No Vehicle,154,Yes,3,['Paper'],120,very frequently,2546
public,No Vehicle,500,Yes,3,"['Glass', 'Metal']",236,rarely,1725
walk/bicycle,No Vehicle,41,Sometimes,6,"['Plastic', 'Metal']",213,never,1475
private,lpg,9402,Yes,7,"['Paper', 'Plastic']",105,rarely,3944
walk/bicycle,No Vehicle,90,Yes,4,['Paper'],116,rarely,1596
walk/bicycle,No Vehicle,95,Yes,7,[],215,frequently,3285
walk/bicycle,No Vehicle,15,No,7,"['Paper', 'Plastic', 'Metal']",101,very frequently,2264
private,lpg,7026,Yes,6,"['Paper', 'Metal']",250,frequently,5017
public,No Vehicle,555,Yes,5,['Plastic'],149,frequently,2755
private,hybrid,107,Yes,1,"['Paper', 'Glass', 'Metal']",157,frequently,1712
private,lpg,8187,Sometimes,4,[],273,very frequently,5030
walk/bicycle,No Vehicle,53,No,3,"['Plastic', 'Glass', 'Metal']",184,never,1598
walk/bicycle,No Vehicle,42,No,4,"['Paper', 'Plastic']",124,never,1355
private,petrol,4747,Sometimes,2,"['Paper', 'Plastic', 'Metal']",140,rarely,2865
walk/bicycle,No Vehicle,1,No,4,['Glass'],229,never,1685
walk/bicycle,No Vehicle,5,No,3,['Metal'],197,frequently,1838
walk/bicycle,No Vehicle,96,Sometimes,1,"['Plastic', 'Glass', 'Metal']",145,never,642
public,No Vehicle,571,No,3,"['Plastic', 'Glass']",197,never,1230
private,lpg,9771,No,6,['Paper'],239,very frequently,5639
walk/bicycle,No Vehicle,54,Yes,7,[],112,never,1814
walk/bicycle,No Vehicle,75,Yes,5,"['Paper', 'Plastic', 'Metal']",192,never,1303
private,diesel,7155,Yes,1,"['Paper', 'Plastic', 'Glass', 'Metal']",83,frequently,3021
private,electric,9181,Yes,7,[],108,rarely,1539
private,diesel,2959,Yes,1,['Glass'],238,never,2769
walk/bicycle,No Vehicle,41,Yes,4,"['Plastic', 'Glass']",161,rarely,1476
public,No Vehicle,1164,Sometimes,7,"['Paper', 'Metal']",276,never,1712
public,No Vehicle,1970,Yes,7,"['Plastic', 'Glass', 'Metal']",87,rarely,1536
private,petrol,9425,No,7,['Paper'],119,very frequently,6719
walk/bicycle,No Vehicle,13,No,2,['Glass'],297,frequently,2138
private,hybrid,500,No,3,"['Paper', 'Glass', 'Metal']",108,frequently,1808
private,electric,3302,Sometimes,6,"['Paper', 'Glass']",264,very frequently,3274
public,No Vehicle,1339,Yes,5,"['Plastic', 'Metal']",220,rarely,1526
public,No Vehicle,286,Yes,3,"['Paper', 'Metal']",258,very frequently,2319
walk/bicycle,No Vehicle,22,No,2,['Glass'],55,rarely,2038
walk/bicycle,No Vehicle,6,Yes,1,['Glass'],264,never,1612
private,hybrid,645,Sometimes,4,"['Paper', 'Glass']",145,very frequently,2124
walk/bicycle,No Vehicle,59,Yes,7,"['Plastic', 'Glass']",271,never,1352
private,petrol,9187,Yes,6,[],123,rarely,4973
private,lpg,4022,Sometimes,6,['Plastic'],199,never,2552
walk/bicycle,No Vehicle,31,No,7,[],53,rarely,1728
public,No Vehicle,1098,Sometimes,6,[],73,very frequently,2780
walk/bicycle,No Vehicle,31,Yes,5,['Glass'],166,never,947
public,No Vehicle,1910,Sometimes,7,"['Paper', 'Plastic', 'Glass', 'Metal']",276,very frequently,2927
walk/bicycle,No Vehicle,94,Yes,7,['Plastic'],64,very frequently,2628
walk/bicycle,No Vehicle,46,No,6,['Metal'],246,very frequently,3017
private,lpg,5934,Sometimes,3,"['Plastic', 'Glass', 'Metal']",117,rarely,2898
walk/bicycle,No Vehicle,3,No,6,['Metal'],137,very frequently,2462
public,No Vehicle,1930,Sometimes,5,['Metal'],190,rarely,1875
public,No Vehicle,1159,Yes,4,"['Paper', 'Plastic', 'Glass', 'Metal']",184,rarely,1151
walk/bicycle,No Vehicle,25,Yes,6,[],163,rarely,2305
public,No Vehicle,459,No,5,"['Plastic', 'Glass', 'Metal']",166,rarely,1250
public,No Vehicle,466,Sometimes,3,['Glass'],229,very frequently,2790
walk/bicycle,No Vehicle,28,Yes,4,"['Paper', 'Plastic', 'Glass']",278,very frequently,2792
private,petrol,1060,Sometimes,3,"['Plastic', 'Glass', 'Metal']",243,rarely,1852
private,diesel,9999,No,1,"['Paper', 'Glass', 'Metal']",202,rarely,3396
private,hybrid,8636,Yes,1,"['Plastic', 'Metal']",50,never,1910
private,hybrid,9695,Sometimes,4,['Paper'],221,rarely,3886
public,No Vehicle,1037,Sometimes,7,"['Plastic', 'Glass']",295,frequently,2342
public,No Vehicle,1215,Sometimes,7,"['Plastic', 'Glass']",135,frequently,1660
public,No Vehicle,590,No,7,"['Paper', 'Metal']",233,never,1552
walk/bicycle,No Vehicle,87,No,2,"['Paper', 'Plastic', 'Glass']",173,never,879
public,No Vehicle,972,Yes,6,"['Paper', 'Glass']",159,frequently,2497
private,electric,9208,Yes,7,"['Paper', 'Plastic']",74,very frequently,3294
private,electric,2237,No,3,"['Plastic', 'Metal']",258,never,1341
private,lpg,4550,Sometimes,2,[],214,very frequently,4028
private,petrol,102,Sometimes,2,"['Paper', 'Plastic', 'Metal']",151,frequently,1995
private,electric,4866,No,1,"['Plastic', 'Glass', 'Metal']",112,rarely,1286
public,No Vehicle,883,No,5,"['Plastic', 'Metal']",256,never,1367
walk/bicycle,No Vehicle,85,No,7,['Metal'],133,rarely,1345
private,petrol,9461,Yes,2,"['Paper', 'Plastic', 'Glass', 'Metal']",166,very frequently,6655
private,diesel,614,Yes,2,['Plastic'],295,frequently,3309
public,No Vehicle,813,Sometimes,2,"['Glass', 'Metal']",110,never,631
walk/bicycle,No Vehicle,44,Sometimes,6,"['Plastic', 'Glass']",81,rarely,2290
public,No Vehicle,45,Yes,7,['Paper'],55,frequently,3034
public,No Vehicle,663,Yes,6,"['Paper', 'Metal']",295,frequently,3163
walk/bicycle,No Vehicle,73,Yes,3,"['Paper', 'Plastic', 'Glass', 'Metal']",66,very frequently,1901
private,hybrid,9760,Sometimes,2,"['Paper', 'Plastic', 'Glass', 'Metal']",89,frequently,3074
public,No Vehicle,1422,No,5,"['Paper', 'Plastic', 'Glass', 'Metal']",137,very frequently,3184
private,electric,868,Sometimes,3,['Paper'],268,frequently,2358
public,No Vehicle,1667,No,4,['Plastic'],151,frequently,2821
private,petrol,4965,Sometimes,3,[],65,rarely,2694
private,petrol,4888,No,6,"['Paper', 'Plastic', 'Metal']",148,frequently,3564
private,diesel,8012,Yes,7,"['Glass', 'Metal']",257,rarely,3983
walk/bicycle,No Vehicle,25,Yes,1,"['Plastic', 'Glass']",196,rarely,812
walk/bicycle,No Vehicle,4,Yes,2,"['Paper', 'Plastic', 'Glass', 'Metal']",120,rarely,817
public,No Vehicle,1712,No,1,"['Paper', 'Glass', 'Metal']",245,very frequently,2118
walk/bicycle,No Vehicle,14,Yes,7,['Metal'],286,frequently,2382
private,petrol,4622,Yes,2,['Metal'],158,very frequently,5271
public,No Vehicle,283,No,2,['Metal'],298,very frequently,2523
private,hybrid,2464,Yes,3,['Glass'],149,very frequently,2994
private,diesel,3765,Sometimes,5,"['Paper', 'Plastic', 'Metal']",222,frequently,2801
public,No Vehicle,1561,No,4,['Glass'],138,rarely,2155
walk/bicycle,No Vehicle,63,No,4,"['Plastic', 'Metal']",57,rarely,1700
public,No Vehicle,179,No,2,[],90,very frequently,2424
private,petrol,7354,Sometimes,7,"['Plastic', 'Glass', 'Metal']",91,very frequently,5672
public,No Vehicle,263,Yes,3,"['Paper', 'Glass', 'Metal']",58,very frequently,2775
public,No Vehicle,1379,Sometimes,4,"['Paper', 'Glass']",101,frequently,1625
private,lpg,2795,No,1,"['Paper', 'Glass', 'Metal']",121,rarely,2165
walk/bicycle,No Vehicle,25,Sometimes,3,['Plastic'],213,very frequently,2795
public,No Vehicle,793,No,4,"['Paper', 'Glass', 'Metal']",116,never,838
walk/bicycle,No Vehicle,58,Sometimes,2,"['Paper', 'Plastic']",186,frequently,2526
public,No Vehicle,419,Sometimes,5,['Plastic'],121,very frequently,2727
private,petrol,7164,Sometimes,3,['Plastic'],197,very frequently,5733
private,petrol,3566,Sometimes,2,[],80,rarely,3229
walk/bicycle,No Vehicle,95,No,2,"['Plastic', 'Glass']",84,frequently,1625
private,lpg,5047,No,3,['Plastic'],203,rarely,3011
public,No Vehicle,419,Yes,7,['Metal'],193,rarely,1045
walk/bicycle,No Vehicle,87,Sometimes,7,"['Paper', 'Metal']",199,frequently,2268
public,No Vehicle,862,No,3,"['Glass', 'Metal']",55,very frequently,1971
public,No Vehicle,1311,Yes,3,"['Paper', 'Metal']",177,rarely,1384
walk/bicycle,No Vehicle,51,Yes,6,"['Glass', 'Metal']",52,very frequently,1736
private,diesel,1936,No,1,['Glass'],298,never,2150
private,lpg,7014,Yes,7,"['Paper', 'Plastic', 'Metal']",217,very frequently,3950
public,No Vehicle,645,No,4,['Paper'],274,frequently,2429
public,No Vehicle,1600,Sometimes,1,"['Paper', 'Plastic', 'Metal']",79,very frequently,2482
public,No Vehicle,808,Sometimes,5,"['Paper', 'Plastic', 'Metal']",257,very frequently,3275
public,No Vehicle,488,Sometimes,7,"['Paper', 'Glass', 'Metal']",244,frequently,1656
walk/bicycle,No Vehicle,48,Yes,6,"['Paper', 'Metal']",243,frequently,2488
private,electric,7203,No,5,"['Paper', 'Glass', 'Metal']",288,rarely,1218
private,diesel,4048,Yes,1,"['Paper', 'Plastic', 'Glass', 'Metal']",98,rarely,1775
walk/bicycle,No Vehicle,36,No,2,"['Paper', 'Plastic', 'Glass']",197,rarely,1389
private,hybrid,2672,No,4,['Glass'],76,never,1773
private,petrol,7907,Yes,6,"['Paper', 'Plastic', 'Glass']",79,rarely,5629
public,No Vehicle,595,No,2,['Metal'],129,very frequently,2309
private,diesel,6423,Yes,4,['Paper'],164,very frequently,3814
public,No Vehicle,863,Sometimes,1,['Metal'],281,very frequently,3183
walk/bicycle,No Vehicle,29,Yes,2,"['Plastic', 'Metal']",258,rarely,974
private,petrol,2027,Sometimes,5,"['Paper', 'Plastic']",226,rarely,2117
private,electric,1372,Yes,2,"['Plastic', 'Glass']",139,rarely,1131
public,No Vehicle,1888,No,3,['Metal'],233,rarely,1174
walk/bicycle,No Vehicle,43,Yes,5,[],146,never,1290
private,diesel,829,Sometimes,7,"['Paper', 'Glass', 'Metal']",69,never,1406
walk/bicycle,No Vehicle,60,No,5,['Glass'],272,never,2246
public,No Vehicle,504,Sometimes,5,"['Plastic', 'Glass', 'Metal']",270,frequently,2106
public,No Vehicle,944,Sometimes,3,['Paper'],201,frequently,2109
public,No Vehicle,562,No,7,"['Paper', 'Metal']",190,rarely,1706
walk/bicycle,No Vehicle,47,No,7,"['Plastic', 'Glass', 'Metal']",128,rarely,2255
private,electric,2193,Yes,5,['Metal'],278,very frequently,2750
public,No Vehicle,1170,Sometimes,7,"['Paper', 'Glass']",166,never,1732
walk/bicycle,No Vehicle,32,No,7,"['Glass', 'Metal']",236,rarely,1943
private,lpg,610,No,2,"['Plastic', 'Glass', 'Metal']",82,never,1121
private,hybrid,191,Yes,1,"['Paper', 'Glass', 'Metal']",95,frequently,1471
public,No Vehicle,135,No,5,['Glass'],216,rarely,2031
private,diesel,7355,Yes,7,['Paper'],129,frequently,3602
public,No Vehicle,560,Sometimes,2,['Plastic'],94,frequently,1676
private,hybrid,1929,Yes,4,"['Paper', 'Plastic']",107,frequently,2098
walk/bicycle,No Vehicle,44,No,5,"['Paper', 'Glass']",169,rarely,1948
private,diesel,9423,Yes,6,"['Paper', 'Metal']",205,rarely,4220
walk/bicycle,No Vehicle,60,Yes,5,"['Plastic', 'Glass', 'Metal']",123,frequently,1955
public,No Vehicle,537,Sometimes,3,['Glass'],279,frequently,2128
public,No Vehicle,483,No,1,"['Paper', 'Plastic', 'Glass', 'Metal']",272,very frequently,2699
public,No Vehicle,1802,No,1,"['Paper', 'Plastic', 'Glass']",258,very frequently,2546
private,petrol,6329,Sometimes,3,"['Paper', 'Glass', 'Metal']",141,never,3618
public,No Vehicle,1702,No,3,['Metal'],91,rarely,1576
private,lpg,5812,Yes,4,"['Paper', 'Plastic']",296,rarely,3715
walk/bicycle,No Vehicle,49,Sometimes,1,['Metal'],57,rarely,1457
public,No Vehicle,1050,Sometimes,7,['Plastic'],270,frequently,1657
private,diesel,8233,No,3,"['Paper', 'Plastic', 'Metal']",120,rarely,4294
public,No Vehicle,139,No,1,"['Plastic', 'Glass', 'Metal']",74,never,1138
private,petrol,304,No,7,"['Paper', 'Plastic', 'Glass', 'Metal']",219,very frequently,2157
private,petrol,3884,No,2,"['Glass', 'Metal']",255,rarely,3314
public,No Vehicle,716,Yes,3,"['Paper', 'Glass', 'Metal']",154,never,1663
private,hybrid,7309,No,4,"['Plastic', 'Glass']",141,very frequently,4150
private,electric,5970,Yes,1,"['Paper', 'Plastic', 'Glass', 'Metal']",68,rarely,1061
private,electric,7607,No,1,['Glass'],242,frequently,2072
walk/bicycle,No Vehicle,19,No,7,"['Plastic', 'Glass', 'Metal']",272,rarely,2856
walk/bicycle,No Vehicle,21,Yes,6,['Glass'],285,rarely,1699
private,petrol,741,No,6,"['Paper', 'Glass', 'Metal']",108,frequently,1671
public,No Vehicle,931,No,1,"['Paper', 'Glass', 'Metal']",262,never,825
private,lpg,9426,Sometimes,6,"['Plastic', 'Metal']",100,never,3330
walk/bicycle,No Vehicle,69,Yes,1,"['Plastic', 'Metal']",255,frequently,1276
private,hybrid,7099,Yes,7,"['Paper', 'Plastic', 'Metal']",212,frequently,4072
walk/bicycle,No Vehicle,74,Sometimes,1,"['Paper', 'Plastic', 'Glass']",172,frequently,1245
public,No Vehicle,940,Sometimes,5,"['Plastic', 'Glass']",228,frequently,2866
public,No Vehicle,236,No,3,"['Paper', 'Plastic']",256,very frequently,2136
private,petrol,1544,No,3,"['Paper', 'Glass']",213,frequently,1670
walk/bicycle,No Vehicle,69,Sometimes,3,['Metal'],59,rarely,783
walk/bicycle,No Vehicle,24,No,6,"['Paper', 'Plastic']",243,frequently,1668
public,No Vehicle,733,Yes,7,"['Paper', 'Metal']",202,rarely,1403
walk/bicycle,No Vehicle,86,Yes,3,"['Paper', 'Plastic']",74,never,1106
private,lpg,2850,No,3,"['Plastic', 'Glass', 'Metal']",272,never,1977
private,electric,9199,Yes,5,"['Paper', 'Metal']",157,very frequently,2375
public,No Vehicle,1056,Yes,4,"['Glass', 'Metal']",50,very frequently,2383
public,No Vehicle,948,Yes,5,"['Paper', 'Plastic', 'Metal']",272,frequently,2512
private,electric,3203,Sometimes,6,"['Paper', 'Plastic', 'Metal']",278,frequently,1744
walk/bicycle,No Vehicle,63,Sometimes,4,"['Paper', 'Plastic', 'Metal']",226,very frequently,2045
public,No Vehicle,1580,No,7,['Glass'],62,never,1868
private,petrol,6921,Yes,2,"['Plastic', 'Glass']",100,rarely,3250
walk/bicycle,No Vehicle,68,Sometimes,3,"['Paper', 'Glass', 'Metal']",252,very frequently,1749
public,No Vehicle,159,No,7,"['Plastic', 'Glass']",259,never,1635
private,petrol,4096,No,6,"['Paper', 'Plastic']",189,rarely,2921
public,No Vehicle,1295,No,3,"['Paper', 'Plastic', 'Glass', 'Metal']",54,never,477
public,No Vehicle,709,Yes,6,"['Plastic', 'Glass']",155,rarely,2384
private,electric,6329,No,5,"['Plastic', 'Glass', 'Metal']",100,frequently,2259
public,No Vehicle,1806,No,4,"['Plastic', 'Metal']",147,never,1782
walk/bicycle,No Vehicle,2,Sometimes,6,"['Plastic', 'Glass', 'Metal']",217,never,1788
walk/bicycle,No Vehicle,84,Yes,5,"['Paper', 'Glass', 'Metal']",263,frequently,2078
private,hybrid,1249,Yes,1,"['Paper', 'Plastic', 'Glass']",180,rarely,1629
walk/bicycle,No Vehicle,32,No,6,"['Paper', 'Plastic', 'Metal']",83,very frequently,2191
private,petrol,1420,Sometimes,3,"['Plastic', 'Glass', 'Metal']",111,rarely,2045
private,diesel,2330,Sometimes,4,"['Paper', 'Glass']",174,frequently,2927
walk/bicycle,No Vehicle,57,Sometimes,6,"['Plastic', 'Glass', 'Metal']",112,frequently,2010
walk/bicycle,No Vehicle,75,Sometimes,5,"['Plastic', 'Metal']",277,very frequently,2287
walk/bicycle,No Vehicle,51,No,1,['Metal'],77,never,1070
private,diesel,7973,Sometimes,1,['Metal'],61,never,2915
private,petrol,9303,Sometimes,2,"['Plastic', 'Glass']",225,frequently,6232
private,lpg,2360,No,4,['Glass'],203,frequently,2605
private,diesel,5402,Yes,5,"['Plastic', 'Glass', 'Metal']",268,frequently,3537
walk/bicycle,No Vehicle,38,No,3,['Glass'],66,very frequently,2894
private,hybrid,3694,No,2,"['Paper', 'Glass', 'Metal']",206,very frequently,3252
walk/bicycle,No Vehicle,11,Yes,2,['Paper'],259,very frequently,3729
private,electric,2184,Sometimes,4,"['Paper', 'Plastic']",261,very frequently,3148
walk/bicycle,No Vehicle,48,No,7,"['Plastic', 'Glass', 'Metal']",152,very frequently,3249
public,No Vehicle,465,Yes,7,"['Glass', 'Metal']",137,frequently,1868
private,diesel,4576,No,4,"['Paper', 'Plastic', 'Metal']",293,frequently,2325
private,hybrid,5868,No,7,"['Plastic', 'Metal']",232,frequently,2436
public,No Vehicle,864,Sometimes,2,"['Glass', 'Metal']",274,never,882
public,No Vehicle,382,Sometimes,1,"['Paper', 'Plastic', 'Glass']",65,rarely,858
private,hybrid,9375,Sometimes,4,['Paper'],172,never,3142
public,No Vehicle,364,Yes,7,"['Plastic', 'Metal']",165,very frequently,2898
public,No Vehicle,518,Sometimes,4,"['Paper', 'Plastic', 'Glass', 'Metal']",148,rarely,1610
walk/bicycle,No Vehicle,48,No,6,['Glass'],90,very frequently,2425
private,lpg,9928,Sometimes,6,"['Glass', 'Metal']",296,rarely,4934
walk/bicycle,No Vehicle,13,Sometimes,1,"['Paper', 'Plastic', 'Glass']",214,rarely,1773
private,lpg,3570,Yes,5,"['Paper', 'Glass']",135,frequently,3235
private,hybrid,1748,No,3,"['Plastic', 'Metal']",288,frequently,2451
private,petrol,9336,Yes,5,"['Plastic', 'Metal']",239,rarely,3491
private,hybrid,2710,Sometimes,6,['Glass'],187,very frequently,3767
private,diesel,8964,No,1,['Metal'],228,very frequently,4333
walk/bicycle,No Vehicle,42,Sometimes,6,['Plastic'],142,frequently,2095
private,hybrid,2221,No,7,"['Plastic', 'Glass']",255,rarely,2857
private,lpg,9213,Sometimes,2,[],292,rarely,4277
walk/bicycle,No Vehicle,31,Yes,4,"['Glass', 'Metal']",182,frequently,2517
public,No Vehicle,986,Sometimes,2,"['Paper', 'Plastic', 'Glass', 'Metal']",237,rarely,579
private,lpg,8806,Yes,7,['Glass'],178,rarely,4092
walk/bicycle,No Vehicle,18,No,4,['Paper'],75,never,1573
public,No Vehicle,955,No,2,"['Plastic', 'Glass']",84,very frequently,2761
public,No Vehicle,1377,Yes,1,"['Paper', 'Plastic']",107,never,1227
public,No Vehicle,1069,No,4,"['Paper', 'Plastic', 'Glass', 'Metal']",109,very frequently,2694
private,lpg,337,No,7,['Metal'],81,rarely,1591
walk/bicycle,No Vehicle,67,Sometimes,7,"['Paper', 'Plastic', 'Metal']",197,very frequently,2608
public,No Vehicle,1855,No,1,['Metal'],114,very frequently,2195
walk/bicycle,No Vehicle,29,No,4,"['Plastic', 'Metal']",244,frequently,2070
walk/bicycle,No Vehicle,57,Yes,4,"['Plastic', 'Glass']",119,rarely,2022
public,No Vehicle,1533,No,1,"['Plastic', 'Glass', 'Metal']",297,rarely,1417
walk/bicycle,No Vehicle,95,Yes,6,"['Paper', 'Metal']",289,very frequently,3227
private,hybrid,239,Yes,4,['Paper'],174,frequently,2435
walk/bicycle,No Vehicle,73,No,5,"['Paper', 'Plastic', 'Glass']",172,very frequently,2922
public,No Vehicle,639,Yes,5,"['Paper', 'Glass', 'Metal']",168,very frequently,3144
public,No Vehicle,853,Sometimes,1,"['Plastic', 'Glass']",206,never,1178
walk/bicycle,No Vehicle,35,Sometimes,1,"['Paper', 'Glass', 'Metal']",193,very frequently,2863
walk/bicycle,No Vehicle,20,Sometimes,5,"['Paper', 'Glass']",231,rarely,1557
private,petrol,7749,No,6,"['Paper', 'Plastic', 'Glass', 'Metal']",55,frequently,3758
public,No Vehicle,1558,Sometimes,7,"['Paper', 'Plastic', 'Metal']",291,never,1381
walk/bicycle,No Vehicle,70,No,4,"['Plastic', 'Glass', 'Metal']",111,very frequently,1979
private,hybrid,5847,No,6,"['Paper', 'Plastic', 'Glass']",171,very frequently,2385
walk/bicycle,No Vehicle,4,No,4,[],133,frequently,2165
walk/bicycle,No Vehicle,63,Sometimes,2,['Plastic'],295,rarely,1776
public,No Vehicle,1910,Sometimes,4,"['Plastic', 'Metal']",130,frequently,2461
walk/bicycle,No Vehicle,39,Yes,1,['Paper'],108,never,964
public,No Vehicle,1603,No,3,"['Plastic', 'Glass']",170,frequently,2665
private,electric,9277,Sometimes,2,"['Paper', 'Plastic']",145,very frequently,2352
public,No Vehicle,743,No,2,"['Plastic', 'Glass']",259,never,1050
public,No Vehicle,830,No,4,['Paper'],63,never,1339
public,No Vehicle,102,No,4,"['Paper', 'Plastic', 'Glass', 'Metal']",196,frequently,2517
public,No Vehicle,1339,Yes,7,"['Paper', 'Metal']",259,frequently,3501
private,hybrid,2016,No,2,['Metal'],53,frequently,1394
public,No Vehicle,1350,Sometimes,7,['Glass'],86,frequently,1882
private,electric,6492,Yes,7,"['Glass', 'Metal']",86,rarely,1946
private,hybrid,729,Yes,4,"['Plastic', 'Glass']",156,never,1473
public,No Vehicle,1031,Sometimes,6,"['Paper', 'Glass']",144,frequently,2094
walk/bicycle,No Vehicle,75,Yes,6,[],278,very frequently,3162
private,electric,5607,No,5,"['Glass', 'Metal']",194,never,987
walk/bicycle,No Vehicle,51,Yes,6,['Plastic'],264,very frequently,2318
walk/bicycle,No Vehicle,35,No,4,"['Plastic', 'Glass']",237,rarely,1915
walk/bicycle,No Vehicle,25,No,4,"['Paper', 'Plastic']",138,never,1342
private,diesel,5304,Sometimes,6,"['Plastic', 'Metal']",168,very frequently,3402
public,No Vehicle,1438,Yes,7,"['Paper', 'Glass', 'Metal']",236,rarely,1583
walk/bicycle,No Vehicle,33,No,3,"['Paper', 'Metal']",51,never,863
public,No Vehicle,1327,No,6,"['Paper', 'Plastic', 'Glass', 'Metal']",84,very frequently,2078
private,electric,2746,No,1,['Paper'],182,never,1129
public,No Vehicle,1646,Sometimes,4,[],281,rarely,1863
walk/bicycle,No Vehicle,47,Yes,5,"['Paper', 'Plastic']",153,never,1510
public,No Vehicle,1066,No,1,"['Plastic', 'Glass', 'Metal']",264,never,1572
walk/bicycle,No Vehicle,24,Sometimes,5,['Plastic'],197,very frequently,3040
walk/bicycle,No Vehicle,54,No,2,"['Paper', 'Glass']",162,never,1716
public,No Vehicle,35,Yes,3,['Metal'],148,never,691
walk/bicycle,No Vehicle,2,No,7,"['Paper', 'Metal']",156,frequently,1867
private,electric,8342,Sometimes,5,['Glass'],185,never,2186
walk/bicycle,No Vehicle,76,No,2,"['Plastic', 'Glass']",64,rarely,1365
walk/bicycle,No Vehicle,66,Sometimes,6,"['Plastic', 'Glass']",98,frequently,2221
public,No Vehicle,1730,Sometimes,7,['Plastic'],201,frequently,2469
public,No Vehicle,1789,No,7,"['Paper', 'Plastic', 'Glass']",292,rarely,2196
public,No Vehicle,521,Sometimes,3,['Paper'],260,never,1482
public,No Vehicle,722,No,7,"['Paper', 'Plastic', 'Metal']",192,rarely,1701
private,hybrid,8866,Yes,5,"['Paper', 'Plastic', 'Glass']",106,never,2383
public,No Vehicle,1569,Sometimes,4,"['Glass', 'Metal']",261,rarely,1467
public,No Vehicle,1430,Yes,1,[],122,very frequently,2715
private,lpg,5320,Yes,3,['Paper'],99,rarely,2499
walk/bicycle,No Vehicle,24,Yes,2,"['Paper', 'Plastic']",143,rarely,1100
private,lpg,93,No,4,"['Paper', 'Plastic', 'Glass']",266,very frequently,2773
private,hybrid,2767,No,1,['Glass'],295,rarely,2158
walk/bicycle,No Vehicle,6,Yes,6,"['Paper', 'Plastic', 'Metal']",166,rarely,1681
public,No Vehicle,652,Sometimes,3,"['Paper', 'Plastic']",231,very frequently,2629
public,No Vehicle,973,Yes,3,['Metal'],68,very frequently,2421
private,lpg,7779,Sometimes,5,"['Plastic', 'Glass', 'Metal']",223,frequently,4145
public,No Vehicle,1320,Yes,2,"['Paper', 'Glass', 'Metal']",247,frequently,1269
walk/bicycle,No Vehicle,32,Yes,5,[],66,never,2117
public,No Vehicle,217,Yes,5,"['Paper', 'Plastic', 'Metal']",95,very frequently,2359
public,No Vehicle,1760,No,2,"['Paper', 'Plastic', 'Glass']",147,very frequently,2477
private,petrol,7793,No,2,[],80,very frequently,4383
private,petrol,3818,Sometimes,2,"['Paper', 'Plastic', 'Metal']",161,very frequently,3562
private,lpg,2791,Sometimes,5,"['Paper', 'Plastic', 'Glass']",189,very frequently,2610
private,petrol,3238,Sometimes,3,['Metal'],155,rarely,3872
walk/bicycle,No Vehicle,76,No,2,[],139,very frequently,3406
walk/bicycle,No Vehicle,71,Yes,3,['Glass'],52,frequently,2237
private,petrol,5945,Yes,7,"['Paper', 'Glass']",171,very frequently,6260
walk/bicycle,No Vehicle,64,Yes,6,"['Plastic', 'Metal']",194,very frequently,2639
walk/bicycle,No Vehicle,93,Yes,6,"['Plastic', 'Glass', 'Metal']",200,very frequently,2005
walk/bicycle,No Vehicle,48,Yes,6,"['Plastic', 'Glass']",289,frequently,2199
walk/bicycle,No Vehicle,55,Yes,6,['Glass'],238,frequently,2009
private,electric,9707,No,1,"['Paper', 'Plastic']",283,frequently,1451
walk/bicycle,No Vehicle,15,No,3,"['Paper', 'Plastic', 'Metal']",238,frequently,2024
private,hybrid,1104,Yes,6,['Metal'],94,never,1298
private,lpg,966,Sometimes,1,['Glass'],292,very frequently,2525
walk/bicycle,No Vehicle,1,Sometimes,4,"['Paper', 'Plastic', 'Metal']",94,very frequently,3967
private,lpg,9590,Sometimes,4,['Glass'],75,rarely,3771
public,No Vehicle,1786,Sometimes,5,"['Paper', 'Plastic', 'Glass']",100,frequently,1897
public,No Vehicle,1114,Yes,5,"['Paper', 'Plastic', 'Glass', 'Metal']",247,rarely,1581
walk/bicycle,No Vehicle,20,No,4,"['Paper', 'Plastic', 'Metal']",72,rarely,2040
public,No Vehicle,1942,Yes,4,"['Paper', 'Glass']",199,never,1422
walk/bicycle,No Vehicle,83,Sometimes,6,"['Plastic', 'Metal']",283,never,1665
private,electric,7328,No,3,"['Paper', 'Metal']",213,never,1287
public,No Vehicle,1834,Sometimes,1,['Glass'],190,frequently,2064
private,petrol,526,Yes,6,['Plastic'],165,rarely,1655
public,No Vehicle,1415,Sometimes,6,"['Plastic', 'Glass', 'Metal']",133,never,1629
private,hybrid,4667,Yes,1,"['Plastic', 'Metal']",150,never,2227
private,lpg,6614,No,2,"['Paper', 'Metal']",142,very frequently,3962
walk/bicycle,No Vehicle,98,No,3,"['Plastic', 'Glass', 'Metal']",276,very frequently,3112
public,No Vehicle,1318,Sometimes,7,"['Paper', 'Plastic']",151,rarely,2017
private,diesel,7206,No,1,"['Paper', 'Glass']",181,very frequently,4874
walk/bicycle,No Vehicle,1,Sometimes,4,"['Paper', 'Plastic', 'Metal']",72,very frequently,2101
private,petrol,4521,Sometimes,5,"['Paper', 'Glass', 'Metal']",234,rarely,2651
private,petrol,345,Sometimes,2,"['Paper', 'Glass', 'Metal']",80,very frequently,2699
walk/bicycle,No Vehicle,48,Yes,5,"['Paper', 'Plastic', 'Glass', 'Metal']",87,rarely,1266
public,No Vehicle,399,Sometimes,2,"['Paper', 'Metal']",209,never,1444
public,No Vehicle,966,No,5,"['Paper', 'Glass', 'Metal']",244,never,1658
walk/bicycle,No Vehicle,27,No,1,['Paper'],191,frequently,1740
walk/bicycle,No Vehicle,87,Sometimes,5,"['Paper', 'Plastic']",166,rarely,1165
private,hybrid,1009,Sometimes,7,"['Paper', 'Plastic', 'Metal']",296,rarely,2934
public,No Vehicle,514,Sometimes,2,['Plastic'],214,never,1932
public,No Vehicle,1627,Yes,3,[],50,rarely,1059
public,No Vehicle,1751,Sometimes,6,"['Plastic', 'Metal']",151,never,1522
private,petrol,3234,Sometimes,1,['Glass'],231,very frequently,3698
public,No Vehicle,229,Sometimes,6,['Paper'],158,never,1134
walk/bicycle,No Vehicle,82,Sometimes,1,"['Paper', 'Glass', 'Metal']",297,frequently,1502
private,hybrid,6220,No,6,[],57,frequently,3238
public,No Vehicle,1127,Sometimes,6,"['Paper', 'Plastic', 'Glass', 'Metal']",51,very frequently,2243
public,No Vehicle,1378,Sometimes,3,['Metal'],99,never,1015
private,electric,1874,No,1,"['Paper', 'Plastic']",89,very frequently,2998
public,No Vehicle,1162,Yes,4,"['Paper', 'Plastic', 'Metal']",130,frequently,1493
walk/bicycle,No Vehicle,39,Yes,4,['Glass'],69,frequently,1813
public,No Vehicle,1724,Yes,6,"['Paper', 'Metal']",153,never,1695
walk/bicycle,No Vehicle,33,Yes,1,[],220,never,1657
public,No Vehicle,449,Yes,7,"['Plastic', 'Glass', 'Metal']",166,very frequently,1970
private,hybrid,9068,Yes,7,[],229,never,3261
private,petrol,8434,Sometimes,5,['Plastic'],248,rarely,4738
walk/bicycle,No Vehicle,92,No,1,"['Glass', 'Metal']",141,very frequently,2002
public,No Vehicle,748,Yes,7,"['Paper', 'Plastic', 'Metal']",104,frequently,2450
walk/bicycle,No Vehicle,74,No,7,"['Paper', 'Metal']",53,frequently,2571
private,lpg,596,Yes,4,"['Paper', 'Plastic', 'Metal']",52,rarely,1295
walk/bicycle,No Vehicle,71,Sometimes,2,"['Paper', 'Plastic', 'Metal']",123,very frequently,2277
public,No Vehicle,764,No,6,"['Paper', 'Plastic', 'Metal']",231,never,1148
private,hybrid,6816,Yes,5,[],55,rarely,3081
private,electric,6527,Yes,4,['Glass'],275,very frequently,3574
walk/bicycle,No Vehicle,64,Yes,4,"['Paper', 'Plastic', 'Metal']",118,frequently,1674
public,No Vehicle,551,Sometimes,4,"['Paper', 'Plastic', 'Metal']",201,never,1098
walk/bicycle,No Vehicle,20,No,5,"['Paper', 'Glass']",192,never,1213
public,No Vehicle,841,Yes,1,"['Paper', 'Glass']",126,rarely,1086
public,No Vehicle,1737,Sometimes,1,['Metal'],68,never,905
private,hybrid,3184,Yes,5,"['Plastic', 'Glass']",171,rarely,2018
walk/bicycle,No Vehicle,35,Sometimes,5,"['Paper', 'Metal']",235,rarely,1698
walk/bicycle,No Vehicle,82,Sometimes,2,"['Plastic', 'Glass', 'Metal']",75,never,1024
walk/bicycle,No Vehicle,78,No,2,['Paper'],283,frequently,2488
walk/bicycle,No Vehicle,76,No,1,"['Plastic', 'Metal']",50,frequently,1685
private,hybrid,7113,Sometimes,5,"['Plastic', 'Glass']",85,frequently,2722
private,electric,4685,Sometimes,6,"['Paper', 'Plastic']",266,frequently,2617
private,diesel,1350,No,4,"['Plastic', 'Metal']",75,rarely,2106
walk/bicycle,No Vehicle,30,No,6,"['Paper', 'Metal']",53,rarely,1440
public,No Vehicle,1598,No,4,"['Paper', 'Plastic', 'Metal']",188,frequently,2789
private,petrol,1005,No,1,"['Paper', 'Glass']",189,very frequently,2982
walk/bicycle,No Vehicle,39,Sometimes,7,"['Plastic', 'Glass', 'Metal']",89,never,1925
public,No Vehicle,355,No,7,"['Plastic', 'Glass']",151,rarely,1704
private,petrol,3873,Sometimes,5,"['Paper', 'Glass']",279,frequently,3786
public,No Vehicle,1238,Sometimes,7,['Plastic'],186,never,1072
private,petrol,5832,Yes,1,"['Plastic', 'Glass', 'Metal']",132,frequently,3027
public,No Vehicle,1934,Yes,3,"['Paper', 'Glass', 'Metal']",73,frequently,2639
public,No Vehicle,1329,Sometimes,4,['Plastic'],104,frequently,2196
walk/bicycle,No Vehicle,61,Yes,3,['Paper'],203,rarely,1283
public,No Vehicle,780,Yes,3,"['Plastic', 'Metal']",118,frequently,1476
private,lpg,4539,Sometimes,4,"['Paper', 'Glass']",162,frequently,3042
private,petrol,9868,Sometimes,7,"['Paper', 'Plastic']",223,frequently,6792
private,electric,9665,Yes,1,"['Paper', 'Plastic', 'Glass']",58,frequently,933
walk/bicycle,No Vehicle,66,Yes,1,"['Paper', 'Glass', 'Metal']",94,rarely,1747
private,electric,868,No,6,[],293,frequently,3020
walk/bicycle,No Vehicle,81,No,6,"['Paper', 'Glass', 'Metal']",172,frequently,1877
private,petrol,9544,Yes,6,['Glass'],106,never,5294
walk/bicycle,No Vehicle,66,No,5,"['Paper', 'Plastic', 'Glass']",241,very frequently,3034
public,No Vehicle,458,Yes,6,['Plastic'],251,rarely,2584
walk/bicycle,No Vehicle,27,Sometimes,4,['Glass'],116,frequently,2332
private,hybrid,3820,Yes,3,"['Paper', 'Glass', 'Metal']",235,very frequently,2698
public,No Vehicle,1246,Yes,2,"['Plastic', 'Glass', 'Metal']",129,very frequently,2319
private,petrol,9066,Yes,2,"['Plastic', 'Glass']",132,very frequently,5467
public,No Vehicle,1585,No,2,"['Paper', 'Glass', 'Metal']",86,frequently,2064
public,No Vehicle,1827,Yes,2,['Glass'],97,never,1696
private,electric,2553,No,2,"['Paper', 'Plastic']",71,never,1070
private,electric,3709,Sometimes,3,"['Paper', 'Plastic', 'Glass']",65,never,1668
public,No Vehicle,1205,Yes,5,"['Paper', 'Glass']",178,never,1375
private,diesel,2567,Sometimes,1,"['Paper', 'Metal']",144,rarely,2304
public,No Vehicle,323,Sometimes,2,['Paper'],114,very frequently,2180
walk/bicycle,No Vehicle,90,Yes,5,"['Paper', 'Metal']",121,rarely,690
private,diesel,4488,Sometimes,4,"['Paper', 'Plastic', 'Glass', 'Metal']",184,very frequently,3871
private,petrol,3434,Sometimes,4,"['Paper', 'Metal']",184,never,2041
walk/bicycle,No Vehicle,57,No,6,"['Paper', 'Glass', 'Metal']",74,frequently,1181
walk/bicycle,No Vehicle,92,Sometimes,3,['Paper'],165,rarely,1564
private,lpg,5174,No,3,"['Plastic', 'Glass', 'Metal']",123,frequently,2840
private,electric,9297,No,3,['Metal'],291,very frequently,2924
private,petrol,146,Yes,4,['Plastic'],190,never,1502
walk/bicycle,No Vehicle,78,Sometimes,4,['Plastic'],184,never,1437
public,No Vehicle,235,Yes,5,['Metal'],185,very frequently,2521
walk/bicycle,No Vehicle,2,Sometimes,1,"['Paper', 'Metal']",218,frequently,951
walk/bicycle,No Vehicle,30,Yes,4,"['Paper', 'Plastic', 'Glass', 'Metal']",63,very frequently,2568
public,No Vehicle,8,No,5,['Glass'],53,very frequently,2464
walk/bicycle,No Vehicle,6,Yes,3,['Glass'],126,never,1014
private,diesel,2086,Yes,6,"['Paper', 'Plastic', 'Metal']",299,rarely,2710
private,lpg,7935,Yes,2,['Metal'],270,very frequently,4165
walk/bicycle,No Vehicle,87,Sometimes,7,"['Glass', 'Metal']",73,never,2355
walk/bicycle,No Vehicle,19,Sometimes,4,"['Plastic', 'Glass', 'Metal']",120,frequently,1677
public,No Vehicle,1897,Sometimes,3,"['Plastic', 'Metal']",253,frequently,1901
private,diesel,9845,Yes,4,[],87,rarely,4288
walk/bicycle,No Vehicle,78,Yes,1,[],215,rarely,1461
public,No Vehicle,75,Yes,5,"['Paper', 'Plastic']",134,very frequently,3250
public,No Vehicle,759,Sometimes,6,"['Plastic', 'Glass', 'Metal']",167,very frequently,2877
public,No Vehicle,444,Sometimes,5,"['Paper', 'Plastic', 'Glass', 'Metal']",298,very frequently,1966
public,No Vehicle,1090,Yes,3,"['Paper', 'Plastic', 'Glass', 'Metal']",158,never,1084
public,No Vehicle,401,No,7,"['Paper', 'Plastic', 'Glass']",154,frequently,1857
walk/bicycle,No Vehicle,13,No,4,['Glass'],145,never,1787
private,electric,5202,No,6,"['Paper', 'Plastic', 'Glass']",127,rarely,1516
walk/bicycle,No Vehicle,88,Yes,6,"['Plastic', 'Glass']",192,rarely,1769
private,hybrid,6928,Sometimes,4,"['Paper', 'Plastic']",237,never,2310
private,petrol,1958,No,1,"['Glass', 'Metal']",279,never,1432
public,No Vehicle,487,Yes,5,"['Paper', 'Glass', 'Metal']",167,never,1354
public,No Vehicle,233,Yes,6,"['Paper', 'Plastic', 'Metal']",134,very frequently,2305
private,hybrid,5086,No,4,['Metal'],152,never,2120
private,diesel,31,Sometimes,5,"['Paper', 'Metal']",63,rarely,975
walk/bicycle,No Vehicle,44,Yes,2,['Glass'],290,frequently,1715
walk/bicycle,No Vehicle,3,Yes,7,"['Plastic', 'Metal']",104,rarely,1888
private,electric,5183,Sometimes,2,"['Paper', 'Glass']",65,never,850
public,No Vehicle,90,Yes,5,['Glass'],152,never,1787
private,lpg,596,No,2,['Paper'],111,frequently,2030
private,electric,1921,Sometimes,6,"['Paper', 'Plastic', 'Glass']",248,rarely,1717
private,hybrid,3696,Sometimes,4,['Paper'],257,frequently,2319
walk/bicycle,No Vehicle,19,Yes,3,"['Paper', 'Metal']",239,never,1573
public,No Vehicle,1664,Yes,3,['Glass'],158,frequently,2308
private,lpg,8403,No,4,['Paper'],152,never,4136
walk/bicycle,No Vehicle,72,Sometimes,2,"['Glass', 'Metal']",56,rarely,981
walk/bicycle,No Vehicle,7,Yes,4,"['Plastic', 'Glass', 'Metal']",215,very frequently,2641
private,diesel,9635,No,3,"['Paper', 'Plastic', 'Glass', 'Metal']",90,never,3842
public,No Vehicle,519,No,3,"['Plastic', 'Metal']",296,frequently,2665
walk/bicycle,No Vehicle,13,No,1,"['Plastic', 'Metal']",170,rarely,973
public,No Vehicle,1193,Sometimes,4,"['Paper', 'Glass', 'Metal']",298,very frequently,2806
walk/bicycle,No Vehicle,62,No,7,"['Paper', 'Metal']",54,never,1455
private,hybrid,8855,No,2,"['Plastic', 'Glass']",244,rarely,2081
private,petrol,1834,Sometimes,1,['Paper'],207,never,2059
private,petrol,2853,No,7,"['Glass', 'Metal']",217,never,2910
public,No Vehicle,688,Yes,6,"['Paper', 'Metal']",180,never,1440
public,No Vehicle,430,Sometimes,6,['Plastic'],218,frequently,1966
private,lpg,3030,Sometimes,2,"['Paper', 'Plastic', 'Metal']",136,rarely,1980
public,No Vehicle,1595,Yes,4,['Paper'],276,rarely,1554
walk/bicycle,No Vehicle,8,No,7,['Metal'],220,very frequently,3246
private,hybrid,7753,No,3,['Glass'],175,very frequently,4924
public,No Vehicle,210,Sometimes,2,"['Paper', 'Glass', 'Metal']",119,frequently,1164
public,No Vehicle,914,Sometimes,5,"['Paper', 'Plastic', 'Glass']",66,very frequently,3006
walk/bicycle,No Vehicle,92,Yes,5,"['Paper', 'Glass', 'Metal']",217,very frequently,2372
private,hybrid,1851,No,1,"['Paper', 'Plastic', 'Glass']",66,frequently,1464
private,petrol,1554,Sometimes,3,['Paper'],172,very frequently,3279
private,lpg,4359,No,2,"['Paper', 'Glass', 'Metal']",291,very frequently,3175
private,lpg,723,Sometimes,2,"['Plastic', 'Metal']",52,rarely,1377
private,petrol,2622,Sometimes,2,"['Paper', 'Plastic', 'Metal']",125,never,1770
private,lpg,703,Yes,5,['Metal'],80,very frequently,2836
walk/bicycle,No Vehicle,2,No,7,"['Plastic', 'Glass', 'Metal']",243,frequently,2493
walk/bicycle,No Vehicle,61,Sometimes,2,"['Plastic', 'Metal']",173,rarely,1651
private,lpg,9198,Sometimes,1,"['Paper', 'Glass', 'Metal']",71,never,2854
walk/bicycle,No Vehicle,83,Sometimes,5,"['Glass', 'Metal']",84,rarely,1966
private,lpg,9368,Sometimes,6,"['Paper', 'Plastic', 'Metal']",68,never,3718
public,No Vehicle,987,Yes,3,"['Paper', 'Plastic']",150,rarely,1111
walk/bicycle,No Vehicle,40,Sometimes,3,"['Paper', 'Plastic', 'Glass', 'Metal']",70,rarely,593
walk/bicycle,No Vehicle,98,Yes,5,"['Paper', 'Glass', 'Metal']",269,rarely,1713
private,hybrid,8159,Yes,1,"['Paper', 'Plastic', 'Glass']",214,rarely,2773
private,electric,5384,Yes,5,"['Plastic', 'Metal']",180,very frequently,2566
public,No Vehicle,818,Sometimes,3,"['Paper', 'Plastic', 'Metal']",193,frequently,1387
public,No Vehicle,1242,Yes,7,['Glass'],244,frequently,2034
public,No Vehicle,1545,Yes,3,"['Paper', 'Plastic', 'Glass', 'Metal']",177,frequently,2260
private,electric,9076,No,7,"['Paper', 'Plastic', 'Metal']",140,never,804
private,electric,6432,Sometimes,6,"['Paper', 'Glass']",124,frequently,1612
walk/bicycle,No Vehicle,78,No,7,"['Paper', 'Glass', 'Metal']",74,frequently,1629
public,No Vehicle,634,Sometimes,5,"['Paper', 'Plastic']",93,very frequently,2764
private,lpg,8943,No,3,"['Plastic', 'Glass']",105,frequently,4025
public,No Vehicle,545,Yes,1,"['Glass', 'Metal']",116,very frequently,2054
private,diesel,6487,No,2,['Metal'],59,very frequently,4058
walk/bicycle,No Vehicle,54,Yes,3,[],156,very frequently,3025
walk/bicycle,No Vehicle,48,Sometimes,2,['Metal'],195,frequently,1822
public,No Vehicle,1848,Yes,5,"['Glass', 'Metal']",217,frequently,1997
walk/bicycle,No Vehicle,97,Yes,3,"['Paper', 'Plastic', 'Metal']",114,rarely,1320
walk/bicycle,No Vehicle,19,Sometimes,6,"['Plastic', 'Metal']",191,never,1302
public,No Vehicle,557,No,1,[],184,very frequently,3185
private,electric,6038,Sometimes,6,[],245,very frequently,2629
walk/bicycle,No Vehicle,7,No,5,"['Paper', 'Plastic', 'Glass', 'Metal']",56,very frequently,2717
public,No Vehicle,1500,No,4,['Glass'],257,very frequently,2721
walk/bicycle,No Vehicle,42,No,4,"['Paper', 'Plastic', 'Metal']",224,very frequently,2639
public,No Vehicle,664,Yes,6,[],199,never,1916
public,No Vehicle,1394,No,6,"['Plastic', 'Glass', 'Metal']",161,frequently,2079
public,No Vehicle,174,Sometimes,6,"['Paper', 'Plastic']",137,frequently,2446
walk/bicycle,No Vehicle,48,No,7,"['Paper', 'Metal']",124,very frequently,2491
public,No Vehicle,229,Yes,7,"['Paper', 'Metal']",275,very frequently,2637
private,petrol,4102,Yes,3,['Plastic'],131,never,3661
private,petrol,5779,Yes,3,['Paper'],171,rarely,3023
public,No Vehicle,1190,No,6,"['Paper', 'Metal']",64,never,1204
public,No Vehicle,1025,Sometimes,3,['Paper'],160,never,1792
private,petrol,8517,Sometimes,3,"['Plastic', 'Glass', 'Metal']",238,very frequently,5031
walk/bicycle,No Vehicle,22,Yes,2,"['Plastic', 'Glass', 'Metal']",231,never,1022
public,No Vehicle,65,Yes,6,['Plastic'],277,frequently,2116
private,electric,4099,Sometimes,7,"['Plastic', 'Glass']",260,very frequently,2538
public,No Vehicle,1494,No,7,['Paper'],262,very frequently,2404
public,No Vehicle,390,Sometimes,7,"['Paper', 'Plastic', 'Metal']",119,frequently,2292
private,petrol,9925,Sometimes,1,['Plastic'],240,rarely,5289
public,No Vehicle,115,Sometimes,6,['Paper'],59,frequently,3217
private,electric,577,Yes,7,['Metal'],113,never,1327
private,petrol,8682,No,6,['Glass'],262,frequently,6776
public,No Vehicle,1902,No,6,"['Plastic', 'Metal']",284,never,1742
private,petrol,4246,No,4,"['Paper', 'Metal']",156,frequently,3648
public,No Vehicle,277,Yes,3,"['Paper', 'Plastic', 'Glass', 'Metal']",235,very frequently,2718
walk/bicycle,No Vehicle,53,Yes,5,[],151,rarely,1845
walk/bicycle,No Vehicle,97,Sometimes,1,['Plastic'],223,rarely,1953
walk/bicycle,No Vehicle,95,Sometimes,4,['Plastic'],262,rarely,1486
public,No Vehicle,303,No,3,"['Glass', 'Metal']",186,frequently,1284
walk/bicycle,No Vehicle,64,Yes,3,"['Plastic', 'Glass', 'Metal']",135,frequently,1542
private,diesel,7413,Yes,4,['Plastic'],220,very frequently,4638
public,No Vehicle,1966,Sometimes,6,"['Paper', 'Plastic']",89,frequently,1841
public,No Vehicle,1024,No,2,['Paper'],117,very frequently,2636
walk/bicycle,No Vehicle,71,No,3,"['Plastic', 'Glass']",139,never,926
private,lpg,3777,Sometimes,6,"['Plastic', 'Glass']",183,very frequently,4869
public,No Vehicle,1680,Sometimes,5,"['Paper', 'Glass', 'Metal']",95,never,1290
public,No Vehicle,154,Sometimes,3,['Glass'],104,very frequently,4149
public,No Vehicle,118,Yes,5,['Plastic'],245,frequently,2926
private,petrol,9942,Sometimes,3,"['Paper', 'Plastic', 'Glass', 'Metal']",64,never,5071
public,No Vehicle,172,Sometimes,5,['Glass'],131,rarely,1898
private,hybrid,5272,No,3,[],143,rarely,2192
public,No Vehicle,1571,Yes,5,"['Paper', 'Plastic', 'Metal']",228,frequently,2428
private,lpg,8493,Yes,5,['Metal'],200,never,3957
public,No Vehicle,1598,Yes,4,['Glass'],138,rarely,1710
private,diesel,2880,Yes,6,"['Plastic', 'Glass', 'Metal']",150,never,2282
walk/bicycle,No Vehicle,52,Yes,6,['Plastic'],291,frequently,3344
public,No Vehicle,825,Sometimes,6,[],124,very frequently,3411
private,petrol,1669,Sometimes,7,[],220,very frequently,3675
private,lpg,9100,Yes,4,['Paper'],188,frequently,4262
walk/bicycle,No Vehicle,91,Yes,1,['Metal'],99,rarely,1329
public,No Vehicle,1974,No,3,"['Plastic', 'Metal']",187,rarely,2034
public,No Vehicle,1958,Yes,4,[],136,very frequently,2187
public,No Vehicle,786,No,3,"['Glass', 'Metal']",128,never,1514
public,No Vehicle,1731,Yes,5,"['Plastic', 'Metal']",237,rarely,2405
public,No Vehicle,838,No,1,['Glass'],281,frequently,2148
private,hybrid,6039,Sometimes,1,"['Plastic', 'Glass']",91,frequently,2911
walk/bicycle,No Vehicle,39,Yes,6,"['Paper', 'Plastic', 'Metal']",272,very frequently,2544
private,electric,2230,Yes,5,"['Paper', 'Glass', 'Metal']",136,frequently,1223
private,lpg,6425,Sometimes,2,"['Paper', 'Glass']",251,very frequently,4681
walk/bicycle,No Vehicle,64,Sometimes,2,"['Plastic', 'Metal']",177,frequently,1370
walk/bicycle,No Vehicle,95,Sometimes,4,"['Plastic', 'Metal']",142,very frequently,2437
walk/bicycle,No Vehicle,32,Sometimes,1,['Glass'],132,very frequently,1622
private,lpg,2060,Yes,5,"['Plastic', 'Glass', 'Metal']",261,frequently,2407
public,No Vehicle,1110,Yes,7,"['Paper', 'Metal']",206,very frequently,2361
walk/bicycle,No Vehicle,54,Yes,5,"['Plastic', 'Metal']",279,frequently,2258
public,No Vehicle,439,Sometimes,2,"['Paper', 'Glass']",164,frequently,2636
walk/bicycle,No Vehicle,9,Sometimes,5,['Paper'],81,very frequently,2268
walk/bicycle,No Vehicle,60,No,4,"['Paper', 'Plastic', 'Glass']",257,never,958
public,No Vehicle,1528,No,4,"['Paper', 'Metal']",216,frequently,1774
public,No Vehicle,1950,Yes,2,['Glass'],247,very frequently,3213
private,lpg,500,No,2,"['Paper', 'Plastic', 'Glass']",105,frequently,2290
public,No Vehicle,332,Sometimes,2,"['Glass', 'Metal']",262,frequently,1707
walk/bicycle,No Vehicle,7,No,5,"['Paper', 'Plastic']",82,never,1277
walk/bicycle,No Vehicle,83,Yes,1,"['Plastic', 'Glass']",212,rarely,1306
public,No Vehicle,227,No,6,"['Plastic', 'Metal']",83,frequently,1675
public,No Vehicle,539,Sometimes,1,['Metal'],75,frequently,1877
private,electric,9592,Yes,5,"['Paper', 'Plastic', 'Metal']",276,rarely,1794
public,No Vehicle,464,Sometimes,3,"['Plastic', 'Glass']",149,frequently,1875
walk/bicycle,No Vehicle,26,Yes,2,"['Paper', 'Plastic', 'Glass', 'Metal']",195,rarely,1988
public,No Vehicle,1902,Sometimes,5,"['Paper', 'Metal']",59,very frequently,2352
walk/bicycle,No Vehicle,81,No,1,[],236,rarely,1593
private,hybrid,4923,No,3,"['Plastic', 'Glass']",151,frequently,2529
walk/bicycle,No Vehicle,10,No,6,"['Paper', 'Plastic', 'Glass']",134,never,1395
private,hybrid,8814,Sometimes,4,"['Paper', 'Plastic', 'Glass', 'Metal']",289,frequently,4064
private,lpg,1258,Sometimes,3,"['Plastic', 'Metal']",254,frequently,2198
walk/bicycle,No Vehicle,28,No,1,[],176,rarely,1707
private,lpg,9516,Sometimes,4,['Plastic'],209,very frequently,4730
walk/bicycle,No Vehicle,34,No,5,"['Paper', 'Plastic', 'Glass']",79,never,949
private,lpg,9532,Yes,3,"['Paper', 'Plastic', 'Glass']",220,very frequently,5345
walk/bicycle,No Vehicle,53,Sometimes,5,"['Plastic', 'Glass']",156,never,1570
public,No Vehicle,214,Yes,3,['Paper'],245,frequently,2164
private,hybrid,2977,Yes,5,['Glass'],103,frequently,2814
public,No Vehicle,1990,Yes,2,"['Plastic', 'Glass', 'Metal']",133,frequently,1413
walk/bicycle,No Vehicle,62,Yes,4,['Paper'],291,very frequently,2920
public,No Vehicle,662,No,6,"['Paper', 'Metal']",278,frequently,2629
walk/bicycle,No Vehicle,79,Yes,2,"['Plastic', 'Metal']",197,frequently,1464
private,diesel,2747,Sometimes,6,[],125,very frequently,3961
private,electric,627,Yes,2,"['Paper', 'Glass', 'Metal']",196,very frequently,2342
walk/bicycle,No Vehicle,38,No,7,"['Paper', 'Plastic', 'Metal']",128,frequently,1443
walk/bicycle,No Vehicle,95,Sometimes,1,[],212,rarely,1235
walk/bicycle,No Vehicle,67,Sometimes,5,['Metal'],272,never,1155
private,lpg,3079,Yes,2,"['Glass', 'Metal']",134,very frequently,3202
public,No Vehicle,810,Yes,7,"['Paper', 'Glass']",206,very frequently,3581
walk/bicycle,No Vehicle,93,No,1,['Plastic'],271,very frequently,2483
private,petrol,5707,Yes,7,['Glass'],197,very frequently,5075
public,No Vehicle,36,Sometimes,7,"['Paper', 'Glass', 'Metal']",56,never,1923
walk/bicycle,No Vehicle,15,Yes,1,['Plastic'],132,never,1449
walk/bicycle,No Vehicle,66,Yes,5,['Metal'],286,never,1341
private,lpg,8414,Sometimes,6,['Plastic'],291,never,4603
private,hybrid,1520,Sometimes,4,['Paper'],137,never,2121
private,hybrid,7446,Yes,6,"['Paper', 'Plastic', 'Glass']",217,frequently,2853
walk/bicycle,No Vehicle,63,Sometimes,7,['Metal'],244,very frequently,2839
public,No Vehicle,311,Yes,1,[],191,frequently,2045
private,lpg,4938,No,1,[],70,very frequently,3112
private,lpg,6003,Yes,2,"['Paper', 'Glass']",105,never,3325
private,electric,7934,No,3,['Plastic'],221,never,1939
private,petrol,2084,No,5,"['Paper', 'Metal']",55,never,2531
walk/bicycle,No Vehicle,68,Sometimes,4,['Metal'],210,rarely,1190
private,hybrid,1525,No,5,"['Glass', 'Metal']",107,very frequently,2781
private,diesel,4046,Yes,2,['Metal'],180,rarely,2124
walk/bicycle,No Vehicle,15,Sometimes,7,"['Plastic', 'Metal']",138,frequently,2185
walk/bicycle,No Vehicle,82,Sometimes,3,"['Plastic', 'Metal']",172,rarely,970
public,No Vehicle,1079,No,7,"['Glass', 'Metal']",228,frequently,2480
public,No Vehicle,1086,Yes,7,"['Paper', 'Plastic']",241,frequently,2173
walk/bicycle,No Vehicle,15,No,1,['Metal'],147,frequently,1826
walk/bicycle,No Vehicle,58,Sometimes,5,"['Paper', 'Plastic']",271,never,2004
private,lpg,3655,Yes,2,"['Paper', 'Plastic']",146,never,2254
public,No Vehicle,7,Yes,7,"['Paper', 'Plastic', 'Metal']",220,very frequently,3248
private,hybrid,8315,Sometimes,5,"['Plastic', 'Metal']",268,rarely,3448
walk/bicycle,No Vehicle,12,No,3,"['Plastic', 'Glass', 'Metal']",138,very frequently,2591
walk/bicycle,No Vehicle,40,Yes,2,['Glass'],254,never,1219
walk/bicycle,No Vehicle,21,Sometimes,5,[],53,frequently,3512
private,electric,1118,No,1,"['Glass', 'Metal']",211,never,1104
private,electric,5487,Sometimes,4,['Plastic'],215,never,1579
walk/bicycle,No Vehicle,52,Yes,6,"['Paper', 'Glass', 'Metal']",240,never,831
walk/bicycle,No Vehicle,62,Sometimes,7,"['Paper', 'Glass']",69,frequently,2309
public,No Vehicle,1534,No,6,[],184,never,2165
public,No Vehicle,1651,Yes,5,"['Paper', 'Metal']",238,rarely,1363
private,hybrid,2881,Yes,3,"['Plastic', 'Glass', 'Metal']",63,frequently,2766
private,diesel,1708,Sometimes,4,['Plastic'],167,rarely,1899
private,petrol,6327,No,5,['Plastic'],173,rarely,3301
public,No Vehicle,923,Yes,2,"['Paper', 'Plastic', 'Glass']",133,very frequently,2664
private,diesel,2679,Yes,5,"['Paper', 'Plastic', 'Glass', 'Metal']",109,frequently,1924
public,No Vehicle,1862,No,5,['Glass'],278,never,1550
private,lpg,9661,No,2,['Paper'],139,rarely,4773
private,diesel,2131,No,1,"['Plastic', 'Metal']",193,frequently,2637
public,No Vehicle,1848,Sometimes,5,[],240,rarely,2004
public,No Vehicle,1084,Yes,4,"['Plastic', 'Glass']",264,very frequently,3065
public,No Vehicle,1337,No,5,"['Paper', 'Metal']",224,rarely,1560
private,petrol,3909,Yes,3,"['Plastic', 'Glass']",91,frequently,4015
walk/bicycle,No Vehicle,19,Sometimes,7,"['Glass', 'Metal']",220,very frequently,2807
walk/bicycle,No Vehicle,76,No,1,"['Paper', 'Glass']",161,very frequently,2815
private,hybrid,6305,Yes,3,"['Glass', 'Metal']",63,never,2208
private,hybrid,8163,No,4,"['Paper', 'Plastic', 'Metal']",287,very frequently,3663
public,No Vehicle,951,No,6,"['Plastic', 'Metal']",181,frequently,2503
public,No Vehicle,184,Yes,3,['Paper'],147,rarely,1514
walk/bicycle,No Vehicle,83,No,5,"['Glass', 'Metal']",129,rarely,1638
private,electric,3938,Yes,6,['Glass'],92,rarely,1602
private,petrol,6990,Yes,5,"['Plastic', 'Glass', 'Metal']",294,never,3625
private,electric,3021,Yes,5,['Metal'],285,very frequently,3589
private,lpg,1713,Sometimes,5,"['Paper', 'Glass']",281,never,2052
walk/bicycle,No Vehicle,32,Yes,3,"['Plastic', 'Metal']",215,very frequently,2603
walk/bicycle,No Vehicle,99,Yes,7,"['Paper', 'Plastic', 'Glass']",195,rarely,1872
walk/bicycle,No Vehicle,25,Yes,5,[],51,frequently,1721
walk/bicycle,No Vehicle,79,No,1,"['Plastic', 'Metal']",234,never,1262
public,No Vehicle,79,Yes,5,['Paper'],92,frequently,1944
public,No Vehicle,158,Yes,3,"['Paper', 'Plastic', 'Glass']",205,very frequently,3049
public,No Vehicle,1630,Yes,4,[],169,rarely,1317
private,electric,7961,No,5,"['Plastic', 'Glass']",82,very frequently,2644
public,No Vehicle,1948,No,6,['Glass'],111,rarely,2548
public,No Vehicle,762,Yes,5,['Paper'],299,never,1566
public,No Vehicle,1557,Yes,6,"['Paper', 'Glass', 'Metal']",256,never,1652
walk/bicycle,No Vehicle,79,Sometimes,1,"['Paper', 'Metal']",232,never,1124
walk/bicycle,No Vehicle,46,Yes,2,['Paper'],168,very frequently,1935
public,No Vehicle,895,No,5,['Plastic'],171,very frequently,3478
private,petrol,7196,Sometimes,4,"['Paper', 'Plastic', 'Glass', 'Metal']",139,never,2999
walk/bicycle,No Vehicle,11,Sometimes,6,"['Paper', 'Plastic', 'Glass', 'Metal']",76,very frequently,2848
walk/bicycle,No Vehicle,29,No,6,['Glass'],90,very frequently,3206
private,petrol,9900,Sometimes,6,['Glass'],123,very frequently,4923
walk/bicycle,No Vehicle,46,Sometimes,6,['Glass'],139,frequently,1619
private,lpg,5530,No,6,"['Paper', 'Glass', 'Metal']",249,never,2886
public,No Vehicle,456,Yes,2,"['Plastic', 'Glass']",254,never,1272
walk/bicycle,No Vehicle,90,Sometimes,6,"['Plastic', 'Glass']",91,very frequently,2661
walk/bicycle,No Vehicle,57,Sometimes,3,"['Paper', 'Metal']",209,never,1344
walk/bicycle,No Vehicle,87,No,3,['Metal'],260,rarely,1390
walk/bicycle,No Vehicle,62,Sometimes,7,['Plastic'],80,frequently,2453
public,No Vehicle,1490,Sometimes,3,"['Paper', 'Glass']",275,rarely,1840
private,electric,5613,Sometimes,6,"['Paper', 'Glass']",249,never,2220
walk/bicycle,No Vehicle,15,Sometimes,1,"['Paper', 'Metal']",131,frequently,2075
walk/bicycle,No Vehicle,41,Sometimes,4,"['Paper', 'Plastic', 'Glass', 'Metal']",50,very frequently,1959
walk/bicycle,No Vehicle,39,Sometimes,6,"['Paper', 'Glass']",167,very frequently,2330
private,electric,7894,No,3,"['Paper', 'Plastic', 'Metal']",262,rarely,1637
walk/bicycle,No Vehicle,50,Yes,3,['Glass'],167,very frequently,2582
walk/bicycle,No Vehicle,44,Yes,6,"['Paper', 'Plastic', 'Metal']",257,never,1816
public,No Vehicle,1418,No,4,"['Paper', 'Glass']",207,very frequently,3946
public,No Vehicle,525,No,1,"['Plastic', 'Metal']",122,rarely,1433
walk/bicycle,No Vehicle,37,Sometimes,4,"['Paper', 'Plastic']",273,never,1292
walk/bicycle,No Vehicle,30,Yes,2,"['Paper', 'Plastic', 'Glass']",140,rarely,1155
public,No Vehicle,1059,Sometimes,7,"['Plastic', 'Glass']",289,rarely,1579
private,hybrid,5069,Sometimes,2,['Plastic'],184,very frequently,3348
private,diesel,9714,Yes,3,"['Paper', 'Glass']",260,frequently,4362
private,petrol,4768,Sometimes,1,['Glass'],267,rarely,3556
walk/bicycle,No Vehicle,5,Sometimes,2,[],79,very frequently,2710
private,lpg,9913,Sometimes,7,[],206,rarely,4736
private,diesel,9757,No,3,"['Paper', 'Plastic', 'Metal']",175,frequently,4747
walk/bicycle,No Vehicle,69,Yes,6,"['Plastic', 'Metal']",259,rarely,1384
private,diesel,3294,Sometimes,5,"['Paper', 'Metal']",62,frequently,2213
public,No Vehicle,492,Yes,5,"['Paper', 'Metal']",144,very frequently,2086
private,electric,7379,No,2,"['Plastic', 'Metal']",229,rarely,1538
walk/bicycle,No Vehicle,10,No,6,"['Paper', 'Plastic', 'Glass', 'Metal']",116,never,1062
walk/bicycle,No Vehicle,9,Yes,2,"['Paper', 'Plastic', 'Glass']",172,never,1353
walk/bicycle,No Vehicle,9,Yes,5,"['Plastic', 'Metal']",81,rarely,1162
public,No Vehicle,520,Sometimes,5,"['Paper', 'Plastic', 'Glass', 'Metal']",299,very frequently,2761
walk/bicycle,No Vehicle,88,No,2,"['Paper', 'Plastic', 'Glass']",214,never,1074
public,No Vehicle,650,No,5,[],111,very frequently,2818
walk/bicycle,No Vehicle,56,Sometimes,1,['Plastic'],263,rarely,1283
public,No Vehicle,431,Sometimes,6,"['Paper', 'Plastic', 'Metal']",233,rarely,2465
walk/bicycle,No Vehicle,36,Yes,6,['Plastic'],271,never,1691
public,No Vehicle,639,Yes,7,[],286,never,2090
private,lpg,8026,Sometimes,6,"['Glass', 'Metal']",274,very frequently,5466
private,hybrid,7116,No,1,['Glass'],180,very frequently,2858
public,No Vehicle,1505,Yes,4,"['Paper', 'Glass']",202,frequently,1608
private,electric,9565,Yes,7,"['Paper', 'Plastic', 'Glass', 'Metal']",287,frequently,2318
public,No Vehicle,574,No,6,"['Paper', 'Plastic', 'Glass', 'Metal']",113,very frequently,3192
private,lpg,9592,Yes,3,['Glass'],279,rarely,3592
walk/bicycle,No Vehicle,91,Yes,5,"['Paper', 'Glass']",211,very frequently,2491
walk/bicycle,No Vehicle,95,Yes,5,"['Plastic', 'Metal']",189,never,1627
walk/bicycle,No Vehicle,60,Yes,6,"['Paper', 'Plastic', 'Glass', 'Metal']",239,frequently,1642
public,No Vehicle,1758,Yes,3,['Paper'],155,rarely,1399
public,No Vehicle,1343,Yes,4,"['Paper', 'Plastic']",190,very frequently,2433
walk/bicycle,No Vehicle,27,Sometimes,4,"['Paper', 'Glass']",110,very frequently,2748
walk/bicycle,No Vehicle,77,No,2,"['Paper', 'Plastic', 'Glass', 'Metal']",238,frequently,2032
public,No Vehicle,436,Sometimes,6,"['Plastic', 'Glass']",111,frequently,1899
public,No Vehicle,548,Sometimes,6,"['Paper', 'Glass', 'Metal']",155,frequently,3051
walk/bicycle,No Vehicle,15,Yes,6,"['Paper', 'Plastic', 'Glass']",127,very frequently,2108
private,lpg,7069,Yes,2,['Metal'],153,very frequently,4605
walk/bicycle,No Vehicle,68,No,2,"['Paper', 'Plastic', 'Metal']",56,never,1344
public,No Vehicle,1939,Yes,2,['Plastic'],91,frequently,1942
public,No Vehicle,2000,Yes,1,[],289,rarely,1803
public,No Vehicle,1772,No,7,"['Plastic', 'Glass', 'Metal']",161,never,1457
public,No Vehicle,272,Sometimes,4,['Metal'],156,very frequently,3080
private,lpg,4472,Sometimes,2,"['Glass', 'Metal']",289,rarely,2658
private,petrol,8102,Sometimes,1,"['Paper', 'Plastic', 'Glass', 'Metal']",180,never,4135
public,No Vehicle,363,Sometimes,7,"['Paper', 'Plastic', 'Metal']",187,very frequently,2610
walk/bicycle,No Vehicle,10,Yes,1,"['Plastic', 'Metal']",124,very frequently,3065
private,electric,2921,Yes,1,"['Paper', 'Glass', 'Metal']",226,frequently,1354
private,petrol,692,Sometimes,1,[],142,rarely,2201
public,No Vehicle,1578,Sometimes,5,['Paper'],265,never,1814
private,lpg,8228,Sometimes,1,"['Plastic', 'Glass', 'Metal']",68,rarely,2824
public,No Vehicle,44,Yes,4,"['Plastic', 'Metal']",123,rarely,1884
private,lpg,3682,No,5,"['Paper', 'Plastic', 'Glass']",187,frequently,3900
public,No Vehicle,480,Yes,2,['Paper'],132,rarely,1765
public,No Vehicle,382,Sometimes,6,"['Paper', 'Glass', 'Metal']",292,rarely,1728
private,lpg,8121,Yes,1,[],78,very frequently,5221
walk/bicycle,No Vehicle,99,Sometimes,4,"['Plastic', 'Glass']",93,never,933
walk/bicycle,No Vehicle,20,No,1,['Plastic'],106,frequently,2191
public,No Vehicle,242,Sometimes,3,"['Plastic', 'Glass']",140,very frequently,2711
public,No Vehicle,1554,Yes,6,"['Paper', 'Metal']",135,very frequently,3128
private,lpg,138,No,5,[],263,very frequently,2871
walk/bicycle,No Vehicle,65,Yes,3,['Metal'],138,very frequently,2871
public,No Vehicle,511,Sometimes,5,"['Paper', 'Plastic', 'Glass', 'Metal']",190,frequently,1834
walk/bicycle,No Vehicle,26,Yes,2,"['Paper', 'Plastic', 'Metal']",292,rarely,1208
public,No Vehicle,1040,No,7,"['Paper', 'Glass', 'Metal']",145,never,1580
private,hybrid,5624,Yes,6,[],60,never,2018
private,petrol,556,No,7,"['Glass', 'Metal']",134,rarely,1813
public,No Vehicle,656,No,2,"['Paper', 'Metal']",164,rarely,1620
walk/bicycle,No Vehicle,1,Yes,7,['Glass'],214,very frequently,4071
private,lpg,4476,No,2,"['Plastic', 'Glass', 'Metal']",212,very frequently,3901
public,No Vehicle,1073,Sometimes,1,"['Paper', 'Metal']",118,never,986
walk/bicycle,No Vehicle,13,No,4,"['Paper', 'Plastic', 'Glass', 'Metal']",153,very frequently,2495
public,No Vehicle,784,Sometimes,2,[],290,very frequently,2672
walk/bicycle,No Vehicle,17,Sometimes,3,"['Plastic', 'Metal']",249,rarely,1273
public,No Vehicle,7,No,4,"['Glass', 'Metal']",94,rarely,969
walk/bicycle,No Vehicle,67,Sometimes,1,"['Plastic', 'Glass', 'Metal']",79,never,1223
private,lpg,4406,No,5,"['Plastic', 'Metal']",137,frequently,2547
public,No Vehicle,822,Yes,1,['Paper'],147,never,1646
public,No Vehicle,1332,Sometimes,3,"['Paper', 'Plastic', 'Glass', 'Metal']",54,never,740
public,No Vehicle,1996,Sometimes,2,"['Plastic', 'Metal']",194,very frequently,2404
private,petrol,9883,No,5,['Plastic'],138,very frequently,7531
walk/bicycle,No Vehicle,48,No,6,"['Paper', 'Plastic']",234,never,1591
public,No Vehicle,658,Sometimes,4,"['Paper', 'Metal']",64,never,1294
public,No Vehicle,360,Sometimes,6,['Paper'],162,very frequently,3717
private,lpg,8422,Yes,6,"['Paper', 'Plastic', 'Glass', 'Metal']",198,frequently,3636
walk/bicycle,No Vehicle,44,Sometimes,5,['Paper'],289,rarely,2179
walk/bicycle,No Vehicle,47,Sometimes,6,"['Paper', 'Plastic', 'Metal']",226,frequently,1979
private,diesel,9939,Yes,3,"['Paper', 'Plastic', 'Metal']",210,never,3549
private,hybrid,8279,Yes,4,"['Paper', 'Plastic']",152,never,3117
public,No Vehicle,1572,No,4,"['Paper', 'Glass', 'Metal']",278,rarely,1232
walk/bicycle,No Vehicle,68,Yes,5,"['Plastic', 'Glass', 'Metal']",192,never,1178
walk/bicycle,No Vehicle,69,Yes,5,"['Paper', 'Plastic', 'Glass']",192,never,1309
private,petrol,9868,No,3,"['Plastic', 'Glass']",67,frequently,5634
walk/bicycle,No Vehicle,88,No,6,"['Paper', 'Plastic']",258,rarely,1090
public,No Vehicle,1923,No,3,"['Paper', 'Plastic', 'Metal']",89,frequently,1608
walk/bicycle,No Vehicle,11,Sometimes,2,"['Plastic', 'Metal']",73,rarely,1319
walk/bicycle,No Vehicle,11,No,3,"['Paper', 'Plastic']",79,very frequently,2087
walk/bicycle,No Vehicle,88,Yes,6,['Glass'],243,never,981
private,hybrid,8554,Yes,3,"['Paper', 'Plastic', 'Metal']",127,never,3694
public,No Vehicle,1961,Yes,3,['Paper'],171,rarely,1939
walk/bicycle,No Vehicle,47,Sometimes,5,[],274,never,1735
walk/bicycle,No Vehicle,84,Yes,4,"['Paper', 'Plastic', 'Glass', 'Metal']",70,very frequently,2661
public,No Vehicle,1852,Sometimes,5,"['Paper', 'Plastic', 'Glass', 'Metal']",233,frequently,2019
private,electric,9500,No,5,"['Plastic', 'Glass', 'Metal']",156,frequently,2435
private,diesel,3542,Sometimes,6,"['Paper', 'Metal']",285,very frequently,4117
walk/bicycle,No Vehicle,16,Sometimes,1,"['Plastic', 'Glass']",160,never,905
public,No Vehicle,804,Sometimes,4,"['Paper', 'Metal']",220,rarely,1622
private,diesel,1883,No,3,"['Paper', 'Metal']",210,very frequently,3088
walk/bicycle,No Vehicle,65,No,5,"['Paper', 'Glass']",103,frequently,2982
public,No Vehicle,540,No,1,"['Paper', 'Plastic', 'Glass', 'Metal']",99,frequently,1259
public,No Vehicle,851,Sometimes,3,"['Glass', 'Metal']",215,rarely,1208
walk/bicycle,No Vehicle,36,Yes,2,"['Paper', 'Glass', 'Metal']",192,frequently,1756
public,No Vehicle,568,No,3,"['Plastic', 'Metal']",130,never,1253
public,No Vehicle,792,No,2,"['Paper', 'Glass']",173,rarely,1793
private,lpg,8119,Sometimes,3,"['Paper', 'Plastic']",204,frequently,4570
private,electric,6674,Yes,2,"['Plastic', 'Metal']",200,rarely,1180
public,No Vehicle,689,No,6,"['Paper', 'Glass']",63,very frequently,3318
private,hybrid,375,Sometimes,5,"['Plastic', 'Glass']",138,frequently,1885
public,No Vehicle,1265,Sometimes,6,"['Paper', 'Metal']",50,very frequently,2414
public,No Vehicle,359,Sometimes,7,"['Paper', 'Metal']",114,never,2519
private,petrol,498,No,2,['Metal'],132,rarely,1570
walk/bicycle,No Vehicle,8,Sometimes,3,"['Plastic', 'Glass', 'Metal']",189,frequently,1847
walk/bicycle,No Vehicle,77,Yes,3,"['Paper', 'Glass']",154,rarely,2210
walk/bicycle,No Vehicle,10,Sometimes,1,['Metal'],217,frequently,2090
public,No Vehicle,1868,Sometimes,3,"['Paper', 'Plastic', 'Glass', 'Metal']",105,never,1004
private,lpg,437,Yes,6,"['Paper', 'Metal']",91,never,2005
walk/bicycle,No Vehicle,67,No,7,[],144,very frequently,2696
public,No Vehicle,1584,Yes,7,['Paper'],237,frequently,1834
public,No Vehicle,1423,Sometimes,6,"['Paper', 'Glass', 'Metal']",291,very frequently,2801
walk/bicycle,No Vehicle,17,Sometimes,7,['Glass'],121,very frequently,2849
public,No Vehicle,1947,Sometimes,1,['Paper'],95,never,1079
public,No Vehicle,193,Sometimes,6,"['Paper', 'Plastic']",195,very frequently,3357
walk/bicycle,No Vehicle,24,Sometimes,1,[],216,very frequently,3111
walk/bicycle,No Vehicle,76,Sometimes,6,"['Paper', 'Glass', 'Metal']",161,frequently,902
walk/bicycle,No Vehicle,39,Yes,5,"['Paper', 'Glass']",299,rarely,1292
walk/bicycle,No Vehicle,13,Sometimes,7,"['Paper', 'Metal']",62,never,1729
public,No Vehicle,615,Sometimes,5,"['Paper', 'Metal']",63,frequently,1461
private,diesel,5189,Sometimes,4,"['Plastic', 'Glass', 'Metal']",251,never,2326
public,No Vehicle,1863,Sometimes,3,"['Paper', 'Metal']",285,never,2121
private,lpg,8536,Sometimes,6,"['Paper', 'Plastic', 'Glass', 'Metal']",126,frequently,4038
private,petrol,1270,Yes,3,['Metal'],178,rarely,1789
public,No Vehicle,1267,Yes,4,['Plastic'],286,never,1836
private,lpg,2081,Sometimes,3,"['Paper', 'Glass', 'Metal']",115,rarely,1674
walk/bicycle,No Vehicle,94,No,2,['Glass'],90,very frequently,2217
private,diesel,9616,No,3,"['Plastic', 'Glass', 'Metal']",174,never,4327
walk/bicycle,No Vehicle,29,Yes,1,['Metal'],160,rarely,1123
public,No Vehicle,97,Yes,4,"['Paper', 'Metal']",264,very frequently,1900
public,No Vehicle,1621,Yes,1,"['Paper', 'Plastic']",286,frequently,1881
private,diesel,2845,Yes,4,"['Glass', 'Metal']",252,very frequently,4522
walk/bicycle,No Vehicle,40,Sometimes,4,['Paper'],66,frequently,2909
walk/bicycle,No Vehicle,16,Sometimes,2,"['Paper', 'Plastic']",81,rarely,968
private,diesel,427,Yes,6,"['Paper', 'Plastic', 'Metal']",257,very frequently,1769
private,hybrid,9681,Sometimes,2,"['Plastic', 'Glass']",227,rarely,2834
private,diesel,8152,No,3,"['Paper', 'Metal']",156,never,3687
public,No Vehicle,604,Sometimes,2,"['Plastic', 'Glass']",165,very frequently,3550
walk/bicycle,No Vehicle,4,Sometimes,6,"['Plastic', 'Glass']",88,rarely,1473
private,petrol,933,Sometimes,5,"['Paper', 'Plastic']",177,never,2264
private,diesel,2593,Yes,2,"['Glass', 'Metal']",128,very frequently,3338
public,No Vehicle,1032,No,4,['Plastic'],150,rarely,1883
walk/bicycle,No Vehicle,98,Yes,6,"['Paper', 'Glass', 'Metal']",232,never,1308
walk/bicycle,No Vehicle,53,Yes,2,"['Paper', 'Metal']",73,never,619
walk/bicycle,No Vehicle,70,Yes,6,"['Plastic', 'Glass']",299,rarely,2537
public,No Vehicle,705,Sometimes,3,"['Paper', 'Plastic']",145,rarely,1541
public,No Vehicle,614,No,5,"['Paper', 'Plastic', 'Metal']",68,never,1237
public,No Vehicle,1530,No,6,"['Paper', 'Metal']",50,frequently,1941
walk/bicycle,No Vehicle,75,Sometimes,5,"['Plastic', 'Glass', 'Metal']",293,never,1563
walk/bicycle,No Vehicle,14,No,6,['Glass'],211,frequently,2806
walk/bicycle,No Vehicle,72,Yes,7,['Paper'],113,rarely,1713
walk/bicycle,No Vehicle,4,No,5,"['Plastic', 'Metal']",215,rarely,2159
walk/bicycle,No Vehicle,88,No,1,['Metal'],209,rarely,1352
walk/bicycle,No Vehicle,63,Yes,2,"['Paper', 'Plastic', 'Glass']",157,rarely,1231
public,No Vehicle,680,Sometimes,7,[],52,very frequently,3327
public,No Vehicle,1444,Yes,1,"['Plastic', 'Glass']",118,frequently,1998
public,No Vehicle,1787,Yes,2,"['Paper', 'Plastic', 'Glass']",244,rarely,984
public,No Vehicle,520,No,2,"['Glass', 'Metal']",152,rarely,921
private,petrol,8611,Yes,2,['Paper'],237,frequently,4757
private,lpg,5207,No,1,"['Plastic', 'Glass', 'Metal']",63,frequently,2515
private,hybrid,4080,Sometimes,7,"['Paper', 'Metal']",95,frequently,2171
private,petrol,9566,Sometimes,2,['Plastic'],175,never,5033
walk/bicycle,No Vehicle,87,Yes,5,"['Paper', 'Plastic', 'Glass', 'Metal']",51,very frequently,2170
private,hybrid,6729,No,6,['Paper'],67,rarely,2966
public,No Vehicle,798,Yes,6,"['Paper', 'Glass']",142,very frequently,3074
public,No Vehicle,1475,Sometimes,2,"['Glass', 'Metal']",220,very frequently,2121
public,No Vehicle,1159,No,4,['Metal'],208,frequently,1394
public,No Vehicle,1212,Sometimes,6,"['Paper', 'Plastic', 'Glass']",222,never,1425
public,No Vehicle,595,Sometimes,7,['Metal'],136,frequently,2391
private,electric,4922,Sometimes,2,"['Paper', 'Metal']",273,never,798
private,diesel,3075,Sometimes,6,"['Paper', 'Glass', 'Metal']",239,frequently,3122
private,hybrid,6692,Yes,5,[],154,rarely,2361
walk/bicycle,No Vehicle,80,Yes,1,"['Paper', 'Plastic', 'Glass']",232,rarely,837
public,No Vehicle,400,Sometimes,3,"['Paper', 'Glass']",288,never,1428
private,petrol,1564,No,5,"['Paper', 'Plastic', 'Glass', 'Metal']",71,very frequently,3847
private,electric,1001,Yes,6,['Glass'],234,frequently,2132
private,hybrid,6082,No,1,"['Plastic', 'Metal']",212,rarely,1716
public,No Vehicle,259,No,6,"['Paper', 'Metal']",220,very frequently,2569
walk/bicycle,No Vehicle,81,No,6,"['Plastic', 'Glass', 'Metal']",158,never,1184
walk/bicycle,No Vehicle,29,Yes,1,"['Plastic', 'Metal']",195,frequently,1888
public,No Vehicle,1661,No,5,"['Plastic', 'Glass', 'Metal']",214,very frequently,2379
walk/bicycle,No Vehicle,87,No,7,[],131,rarely,2240
public,No Vehicle,388,Yes,7,[],192,very frequently,3236
walk/bicycle,No Vehicle,0,Sometimes,4,['Metal'],183,rarely,1801
public,No Vehicle,1432,No,6,"['Paper', 'Glass']",284,frequently,2819
walk/bicycle,No Vehicle,61,Sometimes,5,"['Glass', 'Metal']",142,frequently,2206
private,lpg,7849,Yes,4,['Glass'],146,rarely,3022
walk/bicycle,No Vehicle,38,Yes,5,[],61,never,1383
public,No Vehicle,756,No,6,"['Plastic', 'Glass', 'Metal']",108,frequently,2231
walk/bicycle,No Vehicle,7,No,3,"['Plastic', 'Glass']",159,rarely,1783
private,hybrid,2764,No,7,['Plastic'],208,frequently,3139
private,electric,5737,Yes,6,['Paper'],211,frequently,1779
public,No Vehicle,1935,No,4,['Metal'],148,frequently,1678
private,petrol,3876,No,5,"['Glass', 'Metal']",153,very frequently,3984
walk/bicycle,No Vehicle,86,Yes,3,['Paper'],79,very frequently,1886
private,diesel,3307,No,2,"['Plastic', 'Glass']",217,very frequently,4040
walk/bicycle,No Vehicle,88,No,2,"['Paper', 'Glass']",242,never,1643
walk/bicycle,No Vehicle,28,Yes,3,"['Paper', 'Plastic']",241,very frequently,3573
public,No Vehicle,14,Sometimes,6,"['Paper', 'Plastic', 'Glass', 'Metal']",69,never,1401
public,No Vehicle,121,No,6,"['Paper', 'Metal']",136,never,1679
public,No Vehicle,159,Sometimes,6,[],246,very frequently,4128
public,No Vehicle,1826,Yes,1,"['Paper', 'Plastic', 'Glass', 'Metal']",276,rarely,1242
private,diesel,8729,No,6,"['Paper', 'Metal']",98,rarely,4138
walk/bicycle,No Vehicle,2,No,4,"['Glass', 'Metal']",221,never,1613
public,No Vehicle,1309,Yes,6,"['Paper', 'Plastic']",284,very frequently,3543
private,diesel,5204,Yes,1,"['Plastic', 'Metal']",191,frequently,2116
walk/bicycle,No Vehicle,70,Yes,7,"['Paper', 'Glass', 'Metal']",232,never,1964
public,No Vehicle,857,Sometimes,2,['Metal'],151,very frequently,2611
private,lpg,8097,No,7,['Plastic'],72,rarely,3586
private,lpg,7185,No,2,['Plastic'],244,frequently,3244
public,No Vehicle,849,No,6,"['Paper', 'Metal']",201,frequently,1792
private,petrol,7429,Sometimes,4,[],269,very frequently,5521
private,diesel,9460,No,1,"['Paper', 'Plastic', 'Glass']",294,rarely,3575
walk/bicycle,No Vehicle,68,No,2,"['Plastic', 'Glass', 'Metal']",60,rarely,967
walk/bicycle,No Vehicle,21,No,4,['Paper'],201,rarely,2343
public,No Vehicle,1696,Yes,6,"['Paper', 'Plastic', 'Metal']",267,very frequently,2830
private,electric,7954,Sometimes,3,['Plastic'],115,never,1616
walk/bicycle,No Vehicle,69,No,7,['Paper'],73,frequently,3326
walk/bicycle,No Vehicle,43,No,3,"['Paper', 'Plastic', 'Glass']",189,never,1743
public,No Vehicle,866,Sometimes,7,"['Plastic', 'Metal']",232,rarely,1503
private,hybrid,5438,No,6,[],66,very frequently,2881
private,hybrid,4915,No,7,"['Glass', 'Metal']",277,very frequently,4601
walk/bicycle,No Vehicle,81,Yes,3,['Metal'],72,very frequently,2522
walk/bicycle,No Vehicle,73,No,3,"['Plastic', 'Glass', 'Metal']",155,never,826
public,No Vehicle,1412,Yes,4,[],236,very frequently,2843
private,petrol,2910,Sometimes,5,"['Plastic', 'Glass']",193,frequently,2792
public,No Vehicle,1707,Yes,2,"['Paper', 'Plastic', 'Glass']",281,rarely,1643
public,No Vehicle,1239,Yes,1,"['Paper', 'Plastic', 'Glass']",55,never,1064
private,hybrid,5413,Yes,1,"['Paper', 'Glass', 'Metal']",73,rarely,1495
public,No Vehicle,618,No,5,"['Plastic', 'Glass']",208,very frequently,2597
public,No Vehicle,1190,No,5,"['Paper', 'Glass', 'Metal']",176,never,1472
private,lpg,226,Sometimes,3,"['Paper', 'Plastic', 'Glass', 'Metal']",93,rarely,824
public,No Vehicle,1399,Yes,5,[],75,very frequently,3630
public,No Vehicle,1747,Yes,6,"['Paper', 'Glass', 'Metal']",143,rarely,2249
public,No Vehicle,1252,Sometimes,6,"['Paper', 'Plastic']",141,rarely,2052
private,electric,1828,No,2,[],218,frequently,2264
walk/bicycle,No Vehicle,13,No,4,"['Paper', 'Glass', 'Metal']",265,very frequently,2472
private,electric,6124,No,1,"['Glass', 'Metal']",159,frequently,2134
walk/bicycle,No Vehicle,81,No,3,"['Plastic', 'Glass', 'Metal']",296,very frequently,2320
private,hybrid,2771,Sometimes,5,"['Plastic', 'Metal']",78,frequently,2581
public,No Vehicle,1397,Yes,5,"['Paper', 'Plastic', 'Glass']",55,never,1244
walk/bicycle,No Vehicle,14,Yes,4,"['Paper', 'Plastic', 'Glass', 'Metal']",98,frequently,1780
walk/bicycle,No Vehicle,23,Sometimes,5,"['Plastic', 'Glass', 'Metal']",291,rarely,1230
walk/bicycle,No Vehicle,37,Sometimes,2,"['Plastic', 'Glass']",116,rarely,1504
public,No Vehicle,413,Sometimes,1,"['Paper', 'Glass']",106,rarely,1614
private,petrol,3974,Sometimes,3,['Metal'],276,very frequently,3516
private,petrol,2767,Yes,1,['Plastic'],198,never,2453
walk/bicycle,No Vehicle,52,No,5,"['Plastic', 'Metal']",65,very frequently,2714
walk/bicycle,No Vehicle,38,Sometimes,6,"['Plastic', 'Metal']",250,rarely,2559
walk/bicycle,No Vehicle,32,Sometimes,6,"['Glass', 'Metal']",283,never,2140
walk/bicycle,No Vehicle,33,No,3,"['Paper', 'Metal']",94,never,1344
private,diesel,5065,No,4,"['Paper', 'Metal']",172,frequently,3681
walk/bicycle,No Vehicle,75,Yes,7,['Glass'],291,very frequently,2642
public,No Vehicle,1208,No,1,[],199,rarely,1847
public,No Vehicle,1718,No,2,"['Paper', 'Glass']",85,very frequently,2353
public,No Vehicle,245,No,1,"['Paper', 'Metal']",243,never,1115
private,electric,2476,Yes,7,"['Paper', 'Glass', 'Metal']",150,very frequently,2742
private,hybrid,5423,No,5,"['Glass', 'Metal']",255,never,2630
public,No Vehicle,991,No,1,"['Paper', 'Plastic']",129,very frequently,1570
public,No Vehicle,910,Yes,5,['Paper'],202,never,1751
private,petrol,1136,No,7,"['Glass', 'Metal']",53,frequently,3421
private,lpg,2810,Sometimes,5,['Paper'],165,very frequently,3601
private,hybrid,7714,No,5,['Metal'],227,rarely,3855
walk/bicycle,No Vehicle,88,Yes,2,"['Plastic', 'Glass']",103,never,870
private,lpg,6847,Yes,3,"['Paper', 'Metal']",148,very frequently,3522
public,No Vehicle,1826,Sometimes,1,"['Paper', 'Glass', 'Metal']",103,very frequently,2541
walk/bicycle,No Vehicle,28,No,1,"['Plastic', 'Glass', 'Metal']",75,frequently,1781
private,lpg,1830,Sometimes,6,"['Plastic', 'Glass']",180,never,2654
private,hybrid,6269,Yes,5,"['Paper', 'Plastic', 'Metal']",118,frequently,3288
public,No Vehicle,576,No,7,"['Paper', 'Plastic', 'Metal']",248,rarely,2330
walk/bicycle,No Vehicle,35,Sometimes,1,"['Plastic', 'Glass']",101,rarely,1197
public,No Vehicle,1771,No,6,['Metal'],261,never,1167
walk/bicycle,No Vehicle,50,Yes,3,['Plastic'],258,rarely,1617
private,lpg,5694,Sometimes,5,"['Plastic', 'Glass', 'Metal']",229,rarely,2845
walk/bicycle,No Vehicle,5,Yes,5,"['Paper', 'Plastic', 'Glass']",99,never,1588
private,electric,6474,No,5,['Paper'],161,frequently,2057
public,No Vehicle,923,Sometimes,4,[],263,very frequently,2788
public,No Vehicle,426,No,3,"['Paper', 'Plastic', 'Glass']",242,frequently,3224
public,No Vehicle,422,Sometimes,7,"['Paper', 'Metal']",85,rarely,2097
public,No Vehicle,1285,No,4,"['Paper', 'Plastic', 'Glass', 'Metal']",167,rarely,1366
public,No Vehicle,1040,Sometimes,4,['Metal'],268,frequently,1737
public,No Vehicle,918,Yes,5,['Plastic'],186,frequently,3018
private,electric,9814,No,2,"['Plastic', 'Glass', 'Metal']",234,rarely,1393
private,petrol,4570,Sometimes,1,"['Paper', 'Glass']",173,very frequently,3490
public,No Vehicle,159,Yes,5,"['Plastic', 'Glass']",249,rarely,1598
private,hybrid,7315,No,2,[],73,rarely,2518
public,No Vehicle,1559,Yes,2,"['Plastic', 'Metal']",264,frequently,1951
walk/bicycle,No Vehicle,87,No,5,"['Paper', 'Metal']",265,very frequently,2546
private,electric,1958,No,3,"['Paper', 'Plastic', 'Glass']",59,rarely,998
walk/bicycle,No Vehicle,12,Yes,2,"['Plastic', 'Glass']",109,never,764
public,No Vehicle,1791,Yes,5,"['Glass', 'Metal']",86,frequently,2266
walk/bicycle,No Vehicle,72,No,1,"['Paper', 'Plastic']",69,rarely,1085
walk/bicycle,No Vehicle,49,Yes,1,"['Glass', 'Metal']",172,never,592
public,No Vehicle,961,Yes,5,"['Paper', 'Plastic', 'Glass', 'Metal']",189,frequently,1267
public,No Vehicle,147,Yes,5,"['Plastic', 'Glass']",285,rarely,1834
private,lpg,2626,Sometimes,6,"['Paper', 'Plastic']",87,never,1397
private,diesel,1233,Sometimes,6,['Plastic'],283,rarely,1950
private,electric,6597,Sometimes,5,"['Paper', 'Plastic', 'Glass', 'Metal']",283,frequently,2169
private,diesel,1469,No,4,['Metal'],76,never,1429
walk/bicycle,No Vehicle,50,Yes,4,"['Paper', 'Glass']",136,very frequently,2329
private,diesel,4179,Yes,1,"['Glass', 'Metal']",246,never,2449
private,lpg,2591,Yes,7,[],271,never,2798
private,lpg,8561,Sometimes,6,['Plastic'],178,rarely,4359
public,No Vehicle,585,Yes,5,"['Paper', 'Plastic', 'Metal']",260,never,931
walk/bicycle,No Vehicle,1,Yes,6,"['Plastic', 'Glass']",52,frequently,2479
walk/bicycle,No Vehicle,25,Sometimes,6,"['Plastic', 'Glass']",54,frequently,2116
private,petrol,7735,Sometimes,3,"['Paper', 'Glass', 'Metal']",295,never,3882
walk/bicycle,No Vehicle,25,Sometimes,1,"['Paper', 'Plastic']",154,frequently,1495
public,No Vehicle,1621,Yes,1,"['Paper', 'Plastic']",247,never,1585
public,No Vehicle,937,Yes,6,['Plastic'],186,very frequently,3088
walk/bicycle,No Vehicle,33,Sometimes,6,"['Plastic', 'Metal']",136,never,1095
private,petrol,2885,Sometimes,2,"['Paper', 'Glass']",161,rarely,2494
public,No Vehicle,1770,Yes,6,"['Plastic', 'Metal']",262,very frequently,3650
private,lpg,5011,Yes,1,"['Paper', 'Plastic', 'Glass', 'Metal']",181,rarely,2466
private,petrol,7532,Yes,5,"['Plastic', 'Metal']",72,rarely,5052
public,No Vehicle,1533,Yes,7,['Metal'],196,rarely,2274
private,hybrid,8539,Sometimes,6,[],270,very frequently,4042
public,No Vehicle,1891,No,6,"['Paper', 'Plastic', 'Metal']",230,very frequently,2385
private,electric,4896,No,3,"['Plastic', 'Metal']",78,never,1198
private,petrol,3471,No,6,[],223,very frequently,4166
private,electric,9120,Sometimes,6,[],162,very frequently,2593
private,hybrid,7649,Sometimes,4,"['Plastic', 'Glass', 'Metal']",239,rarely,2412
walk/bicycle,No Vehicle,90,No,1,"['Paper', 'Glass', 'Metal']",195,rarely,1234
private,diesel,8961,Sometimes,6,"['Paper', 'Glass', 'Metal']",181,rarely,4130
walk/bicycle,No Vehicle,28,No,3,['Metal'],222,rarely,1564
public,No Vehicle,1160,Yes,6,"['Plastic', 'Metal']",74,never,1507
walk/bicycle,No Vehicle,98,Sometimes,2,"['Plastic', 'Metal']",182,never,1469
walk/bicycle,No Vehicle,12,No,1,['Plastic'],94,never,835
private,electric,8713,Yes,6,['Plastic'],171,very frequently,3336
walk/bicycle,No Vehicle,26,Sometimes,6,"['Paper', 'Plastic', 'Glass', 'Metal']",213,rarely,1547
private,lpg,1417,Yes,5,['Glass'],101,frequently,2724
walk/bicycle,No Vehicle,70,Yes,6,"['Paper', 'Metal']",236,rarely,1695
walk/bicycle,No Vehicle,86,Yes,2,['Metal'],273,never,1938
walk/bicycle,No Vehicle,79,Yes,3,"['Plastic', 'Glass', 'Metal']",151,never,1226
walk/bicycle,No Vehicle,73,Sometimes,6,"['Paper', 'Plastic', 'Glass']",249,frequently,1771
public,No Vehicle,1508,No,2,"['Paper', 'Glass']",189,frequently,2096
walk/bicycle,No Vehicle,42,Yes,7,['Metal'],91,very frequently,2963
private,lpg,7994,Sometimes,5,['Glass'],192,rarely,3538
public,No Vehicle,1439,No,2,"['Plastic', 'Glass', 'Metal']",205,rarely,1144
private,hybrid,133,Yes,7,"['Plastic', 'Glass']",277,never,689
walk/bicycle,No Vehicle,80,No,1,"['Plastic', 'Metal']",239,never,1021
walk/bicycle,No Vehicle,89,Sometimes,3,['Glass'],174,very frequently,2308
private,hybrid,800,Yes,1,['Paper'],70,very frequently,2237
public,No Vehicle,1582,No,2,"['Glass', 'Metal']",294,never,1421
public,No Vehicle,635,Sometimes,6,"['Paper', 'Metal']",285,frequently,3031
walk/bicycle,No Vehicle,36,Sometimes,4,['Plastic'],138,rarely,2158
private,petrol,2225,Sometimes,7,"['Plastic', 'Glass', 'Metal']",106,rarely,2536
private,diesel,1642,Sometimes,1,"['Paper', 'Plastic']",61,never,1793
private,hybrid,8345,Sometimes,2,[],94,frequently,3502
walk/bicycle,No Vehicle,20,Sometimes,7,"['Paper', 'Plastic', 'Glass', 'Metal']",224,never,1868
public,No Vehicle,365,Sometimes,5,"['Plastic', 'Glass', 'Metal']",216,rarely,1141
public,No Vehicle,594,Yes,3,"['Paper', 'Plastic', 'Glass', 'Metal']",70,very frequently,2024
public,No Vehicle,477,Sometimes,6,['Glass'],222,never,1520
private,diesel,2541,No,3,"['Glass', 'Metal']",226,very frequently,2938
private,hybrid,7440,Sometimes,5,"['Plastic', 'Glass']",209,frequently,3060
public,No Vehicle,1948,No,5,"['Paper', 'Glass', 'Metal']",276,never,1210
private,hybrid,4355,Sometimes,6,[],264,very frequently,3272
public,No Vehicle,1586,No,3,['Plastic'],53,frequently,2745
private,diesel,6129,Sometimes,6,"['Plastic', 'Glass']",235,rarely,4046
walk/bicycle,No Vehicle,19,Sometimes,7,"['Plastic', 'Metal']",245,frequently,2670
walk/bicycle,No Vehicle,31,Sometimes,5,['Metal'],66,rarely,1725
walk/bicycle,No Vehicle,84,No,5,"['Plastic', 'Glass', 'Metal']",276,frequently,2548
private,hybrid,3569,No,6,"['Paper', 'Glass']",179,never,2119
private,diesel,5356,Yes,5,[],55,never,1940
public,No Vehicle,155,Sometimes,4,['Glass'],78,never,1273
public,No Vehicle,1885,Sometimes,4,"['Plastic', 'Glass', 'Metal']",59,never,1156
walk/bicycle,No Vehicle,20,No,2,['Metal'],176,never,1734
public,No Vehicle,957,No,7,"['Paper', 'Plastic', 'Metal']",252,frequently,2712
public,No Vehicle,1046,Yes,2,"['Glass', 'Metal']",284,never,1003
private,lpg,5569,Sometimes,6,"['Paper', 'Glass']",97,very frequently,4255
private,diesel,539,Yes,6,"['Paper', 'Metal']",240,frequently,1193
public,No Vehicle,672,Yes,6,['Paper'],162,very frequently,3272
walk/bicycle,No Vehicle,84,No,2,[],67,never,1335
private,diesel,5738,Yes,3,['Paper'],56,very frequently,3164
walk/bicycle,No Vehicle,5,No,4,"['Paper', 'Plastic']",151,frequently,2122
private,petrol,1019,Yes,7,"['Plastic', 'Glass']",225,never,2106
private,petrol,9117,Yes,7,"['Paper', 'Glass', 'Metal']",52,rarely,5258
walk/bicycle,No Vehicle,98,Yes,5,['Metal'],183,very frequently,2263
private,hybrid,5984,Yes,5,['Paper'],109,never,1965
private,lpg,8203,Sometimes,1,"['Paper', 'Plastic', 'Glass']",175,rarely,3317
walk/bicycle,No Vehicle,43,Sometimes,4,"['Paper', 'Metal']",52,very frequently,2372
private,lpg,1375,No,3,"['Paper', 'Plastic', 'Glass']",208,very frequently,3892
private,diesel,1632,Yes,7,"['Glass', 'Metal']",124,never,1256
public,No Vehicle,1509,Sometimes,2,"['Plastic', 'Glass', 'Metal']",192,very frequently,2208
public,No Vehicle,1718,No,5,"['Plastic', 'Glass', 'Metal']",221,rarely,2176
walk/bicycle,No Vehicle,41,Sometimes,3,"['Plastic', 'Metal']",181,frequently,2390
private,electric,2496,Yes,1,"['Plastic', 'Glass', 'Metal']",140,very frequently,2773
private,petrol,846,Yes,6,['Plastic'],299,rarely,2191
public,No Vehicle,1151,Yes,2,"['Plastic', 'Glass']",62,frequently,1888
walk/bicycle,No Vehicle,31,Sometimes,4,['Plastic'],122,rarely,2338
private,diesel,1765,Sometimes,2,['Metal'],284,rarely,2688
public,No Vehicle,911,No,7,['Glass'],51,very frequently,4049
walk/bicycle,No Vehicle,61,Yes,5,"['Paper', 'Plastic', 'Glass']",259,very frequently,2742
private,electric,4256,Yes,1,"['Paper', 'Glass', 'Metal']",65,never,846
private,electric,1382,Sometimes,3,"['Paper', 'Plastic', 'Metal']",144,never,735
public,No Vehicle,1149,No,2,"['Plastic', 'Glass', 'Metal']",95,very frequently,2756
public,No Vehicle,137,Sometimes,5,"['Paper', 'Metal']",280,rarely,1219
public,No Vehicle,1830,Yes,1,"['Plastic', 'Glass', 'Metal']",53,frequently,2093
private,hybrid,2810,Sometimes,6,"['Paper', 'Plastic', 'Glass', 'Metal']",188,never,1850
private,lpg,5162,Sometimes,1,"['Plastic', 'Glass']",240,frequently,3110
public,No Vehicle,658,Yes,1,"['Paper', 'Plastic', 'Glass']",283,never,1197
public,No Vehicle,1121,Sometimes,2,"['Paper', 'Plastic', 'Metal']",223,never,691
walk/bicycle,No Vehicle,74,No,6,"['Paper', 'Metal']",187,very frequently,2308
private,diesel,1273,Yes,2,"['Plastic', 'Glass']",255,rarely,2191
private,lpg,7757,No,5,"['Paper', 'Plastic', 'Glass', 'Metal']",139,never,4186
private,hybrid,9772,No,2,"['Plastic', 'Metal']",154,very frequently,3649
private,electric,8400,Yes,3,"['Paper', 'Plastic']",237,never,1467
public,No Vehicle,652,Yes,1,['Plastic'],135,very frequently,2374
public,No Vehicle,1430,Sometimes,4,['Metal'],94,rarely,1616
private,electric,5955,Yes,1,['Plastic'],225,never,1644
walk/bicycle,No Vehicle,42,Yes,7,"['Glass', 'Metal']",87,rarely,2636
public,No Vehicle,1159,Yes,1,"['Plastic', 'Glass', 'Metal']",54,never,1127
private,diesel,944,Yes,3,"['Paper', 'Plastic', 'Metal']",216,very frequently,2525
private,diesel,8932,No,7,"['Paper', 'Metal']",93,rarely,4440
private,petrol,5507,Sometimes,7,['Plastic'],290,rarely,3598
public,No Vehicle,404,Sometimes,6,"['Paper', 'Plastic', 'Metal']",154,rarely,1141
public,No Vehicle,165,Sometimes,7,['Glass'],258,frequently,2343
walk/bicycle,No Vehicle,8,Sometimes,2,"['Plastic', 'Glass', 'Metal']",196,frequently,1279
walk/bicycle,No Vehicle,89,Sometimes,2,['Plastic'],87,rarely,1279
public,No Vehicle,1891,No,2,['Paper'],207,frequently,2908
public,No Vehicle,1281,No,7,"['Paper', 'Glass', 'Metal']",178,never,1981
walk/bicycle,No Vehicle,29,Yes,6,"['Paper', 'Plastic', 'Metal']",194,very frequently,2242
public,No Vehicle,1190,Yes,7,['Metal'],236,rarely,2434
walk/bicycle,No Vehicle,0,No,6,"['Glass', 'Metal']",269,very frequently,3220
public,No Vehicle,862,No,2,"['Paper', 'Glass']",89,never,1160
private,petrol,2898,Sometimes,3,"['Paper', 'Plastic', 'Glass']",144,never,2432
public,No Vehicle,7,Yes,2,"['Plastic', 'Glass']",233,very frequently,2931
walk/bicycle,No Vehicle,34,Sometimes,3,"['Glass', 'Metal']",208,rarely,1588
public,No Vehicle,568,No,4,"['Plastic', 'Glass', 'Metal']",90,very frequently,2236
private,electric,5480,Yes,1,"['Paper', 'Metal']",99,never,1231
private,electric,7408,No,1,"['Paper', 'Metal']",246,very frequently,1913
private,hybrid,4980,Yes,3,[],158,rarely,2890
public,No Vehicle,1342,Yes,3,"['Paper', 'Plastic', 'Metal']",190,never,1071
public,No Vehicle,1133,No,6,"['Plastic', 'Glass', 'Metal']",133,never,1428
private,petrol,3946,Sometimes,6,"['Plastic', 'Metal']",222,rarely,2278
walk/bicycle,No Vehicle,24,Yes,4,"['Paper', 'Glass']",176,rarely,2610
private,diesel,4382,Sometimes,2,"['Paper', 'Metal']",82,very frequently,3292
private,diesel,6895,Yes,1,"['Paper', 'Plastic', 'Glass']",295,rarely,3566
walk/bicycle,No Vehicle,42,Yes,4,['Plastic'],101,rarely,1330
private,petrol,3711,Sometimes,2,['Plastic'],166,very frequently,2831
private,hybrid,3538,Yes,3,"['Paper', 'Plastic']",193,never,1452
walk/bicycle,No Vehicle,58,No,6,"['Paper', 'Plastic', 'Glass', 'Metal']",193,never,1843
private,lpg,7876,No,6,[],194,rarely,4707
public,No Vehicle,326,Yes,5,"['Glass', 'Metal']",253,very frequently,2604
public,No Vehicle,1706,Sometimes,2,"['Plastic', 'Metal']",128,very frequently,3308
public,No Vehicle,241,No,1,"['Glass', 'Metal']",125,never,1103
walk/bicycle,No Vehicle,94,Sometimes,2,"['Paper', 'Metal']",68,very frequently,2438
private,hybrid,2380,Yes,3,"['Plastic', 'Glass']",57,frequently,1968
private,petrol,4095,Sometimes,2,"['Paper', 'Plastic', 'Glass', 'Metal']",147,very frequently,3497
private,hybrid,5981,Yes,7,[],295,very frequently,4529
private,electric,2130,Yes,3,['Paper'],122,never,993
walk/bicycle,No Vehicle,92,Sometimes,4,['Metal'],251,rarely,1906
walk/bicycle,No Vehicle,68,Yes,4,"['Paper', 'Plastic', 'Glass', 'Metal']",260,rarely,1295
private,lpg,6042,Yes,3,"['Paper', 'Plastic', 'Metal']",212,never,2604
private,electric,3550,No,5,['Metal'],209,very frequently,3389
walk/bicycle,No Vehicle,76,Sometimes,3,['Metal'],84,rarely,1116
private,petrol,3631,Sometimes,4,['Glass'],96,rarely,2474
walk/bicycle,No Vehicle,77,No,4,"['Paper', 'Plastic']",113,rarely,1586
public,No Vehicle,1064,Sometimes,4,"['Paper', 'Glass', 'Metal']",207,rarely,1954
private,diesel,4619,No,6,['Glass'],179,rarely,3509
private,diesel,3228,Yes,1,"['Plastic', 'Glass', 'Metal']",240,frequently,2343
public,No Vehicle,1424,No,2,"['Glass', 'Metal']",76,frequently,2389
public,No Vehicle,630,Yes,2,['Plastic'],268,rarely,1510
private,lpg,6547,Yes,4,['Paper'],144,frequently,5572
private,electric,5334,Sometimes,2,['Plastic'],149,frequently,2127
private,electric,6917,No,7,"['Glass', 'Metal']",85,frequently,2077
public,No Vehicle,651,Yes,1,"['Paper', 'Metal']",280,very frequently,3170
walk/bicycle,No Vehicle,20,No,4,"['Paper', 'Glass']",147,never,1096
public,No Vehicle,1393,No,3,"['Paper', 'Metal']",202,frequently,1650
public,No Vehicle,1062,Sometimes,1,"['Paper', 'Plastic', 'Glass']",223,very frequently,2132
private,hybrid,8370,Yes,5,"['Plastic', 'Metal']",70,frequently,3388
private,hybrid,7898,Sometimes,6,"['Paper', 'Glass']",201,rarely,2829
public,No Vehicle,1010,No,3,"['Paper', 'Glass']",292,never,1989
walk/bicycle,No Vehicle,66,No,3,"['Paper', 'Plastic', 'Metal']",60,frequently,1617
walk/bicycle,No Vehicle,65,Sometimes,2,['Metal'],74,very frequently,2470
public,No Vehicle,881,Yes,6,"['Glass', 'Metal']",59,frequently,2225
private,petrol,6135,Sometimes,1,['Glass'],277,very frequently,5370
public,No Vehicle,1798,No,1,['Glass'],114,frequently,1871
walk/bicycle,No Vehicle,13,No,6,"['Paper', 'Plastic', 'Glass', 'Metal']",185,very frequently,2405
private,hybrid,4296,Sometimes,7,"['Plastic', 'Glass']",196,very frequently,4069
private,hybrid,7436,Sometimes,6,"['Plastic', 'Glass']",207,very frequently,3908
private,petrol,911,Sometimes,5,"['Paper', 'Metal']",67,rarely,1470
private,petrol,4081,No,6,"['Glass', 'Metal']",288,frequently,3231
walk/bicycle,No Vehicle,15,No,1,[],110,never,1323
public,No Vehicle,479,Sometimes,4,"['Plastic', 'Glass', 'Metal']",51,rarely,2321
private,diesel,8099,Sometimes,5,"['Plastic', 'Glass', 'Metal']",73,frequently,4112
public,No Vehicle,1791,Yes,1,"['Paper', 'Plastic', 'Metal']",79,never,1058
public,No Vehicle,1976,No,2,"['Paper', 'Metal']",233,very frequently,2585
walk/bicycle,No Vehicle,34,Sometimes,6,[],291,rarely,1944
private,petrol,7047,Sometimes,5,"['Plastic', 'Metal']",269,never,4122
public,No Vehicle,1717,Yes,6,"['Plastic', 'Glass', 'Metal']",110,very frequently,3314
private,electric,5776,Sometimes,2,"['Paper', 'Plastic', 'Glass', 'Metal']",255,never,967
private,hybrid,7294,Yes,3,"['Paper', 'Metal']",149,very frequently,3164
walk/bicycle,No Vehicle,27,No,6,"['Glass', 'Metal']",293,never,1361
walk/bicycle,No Vehicle,3,Yes,7,"['Paper', 'Plastic', 'Metal']",172,frequently,2241
private,petrol,6841,No,5,"['Plastic', 'Metal']",238,frequently,5371
walk/bicycle,No Vehicle,8,Sometimes,7,['Paper'],120,very frequently,2337
private,petrol,1033,No,2,['Glass'],173,frequently,2271
walk/bicycle,No Vehicle,55,Sometimes,6,"['Paper', 'Plastic', 'Glass', 'Metal']",272,rarely,1436
walk/bicycle,No Vehicle,45,Yes,6,"['Paper', 'Metal']",99,frequently,2977
public,No Vehicle,712,No,6,"['Paper', 'Plastic']",259,very frequently,2977
private,electric,6911,Sometimes,6,"['Paper', 'Glass']",143,never,1502
public,No Vehicle,328,Yes,3,"['Plastic', 'Glass', 'Metal']",277,never,1843
walk/bicycle,No Vehicle,43,Yes,1,['Metal'],214,rarely,1114
public,No Vehicle,1437,Yes,4,"['Plastic', 'Metal']",233,never,1989
walk/bicycle,No Vehicle,36,Sometimes,4,"['Plastic', 'Metal']",214,never,1640
public,No Vehicle,988,Yes,1,"['Plastic', 'Metal']",119,very frequently,2874
walk/bicycle,No Vehicle,90,Yes,3,['Metal'],128,never,615
private,electric,9421,Yes,6,['Plastic'],253,rarely,1492
public,No Vehicle,225,Yes,3,"['Paper', 'Plastic', 'Glass', 'Metal']",284,frequently,1246
private,electric,1342,Yes,5,"['Plastic', 'Glass', 'Metal']",55,frequently,1442
public,No Vehicle,1310,No,4,"['Plastic', 'Metal']",108,very frequently,3590
public,No Vehicle,1852,No,5,"['Paper', 'Plastic']",64,never,1369
private,petrol,2264,No,6,[],187,frequently,3494
public,No Vehicle,1616,Yes,6,"['Glass', 'Metal']",120,never,2030
public,No Vehicle,949,Sometimes,1,"['Paper', 'Plastic', 'Glass', 'Metal']",122,frequently,1452
private,petrol,4098,Yes,4,"['Paper', 'Glass', 'Metal']",173,rarely,3075
private,electric,6476,Yes,7,"['Glass', 'Metal']",93,never,1576
public,No Vehicle,24,Yes,7,"['Paper', 'Plastic']",202,frequently,1774
walk/bicycle,No Vehicle,26,Sometimes,2,"['Glass', 'Metal']",202,never,489
private,diesel,6698,Yes,3,"['Plastic', 'Glass']",76,very frequently,4543
walk/bicycle,No Vehicle,98,No,5,"['Paper', 'Metal']",54,frequently,2636
walk/bicycle,No Vehicle,76,No,3,"['Glass', 'Metal']",155,rarely,1433
walk/bicycle,No Vehicle,69,Sometimes,1,"['Glass', 'Metal']",249,rarely,864
walk/bicycle,No Vehicle,90,Yes,6,"['Paper', 'Metal']",111,never,1029
walk/bicycle,No Vehicle,31,Sometimes,3,"['Paper', 'Glass']",144,never,608
walk/bicycle,No Vehicle,13,Sometimes,4,"['Paper', 'Metal']",209,frequently,2016
public,No Vehicle,325,Yes,2,[],220,never,1421
private,electric,5831,Yes,4,"['Paper', 'Plastic', 'Glass']",191,frequently,2364
walk/bicycle,No Vehicle,95,No,6,['Paper'],266,rarely,2259
walk/bicycle,No Vehicle,85,No,5,"['Paper', 'Glass']",273,very frequently,2794
walk/bicycle,No Vehicle,30,Sometimes,6,['Metal'],162,never,1570
walk/bicycle,No Vehicle,5,No,5,"['Plastic', 'Metal']",166,never,1236
private,electric,5177,No,6,"['Plastic', 'Glass', 'Metal']",173,very frequently,2404
private,diesel,1625,No,6,"['Paper', 'Plastic', 'Glass', 'Metal']",86,never,1130
walk/bicycle,No Vehicle,24,No,6,"['Plastic', 'Metal']",163,never,1310
private,lpg,899,Yes,1,"['Plastic', 'Glass']",132,rarely,1025
walk/bicycle,No Vehicle,57,No,2,[],214,frequently,2910
public,No Vehicle,809,No,4,[],133,frequently,2315
public,No Vehicle,1927,Sometimes,3,"['Paper', 'Plastic', 'Metal']",270,never,1672
private,diesel,4601,No,2,"['Paper', 'Glass']",134,rarely,1908
walk/bicycle,No Vehicle,96,Yes,7,"['Plastic', 'Glass']",130,frequently,1767
private,hybrid,9467,Sometimes,5,['Metal'],146,very frequently,3519
public,No Vehicle,41,No,5,"['Glass', 'Metal']",202,frequently,2276
public,No Vehicle,111,No,6,['Paper'],254,very frequently,2273
public,No Vehicle,1974,Yes,1,['Metal'],245,frequently,1685
walk/bicycle,No Vehicle,53,No,1,['Plastic'],250,very frequently,2647
public,No Vehicle,100,Sometimes,4,"['Paper', 'Plastic', 'Glass', 'Metal']",52,very frequently,2232
private,petrol,8441,Sometimes,4,"['Paper', 'Plastic', 'Glass']",262,rarely,4334
private,lpg,2425,No,5,"['Paper', 'Plastic', 'Glass', 'Metal']",128,very frequently,2540
private,lpg,5755,No,4,['Glass'],176,rarely,3934
public,No Vehicle,691,Sometimes,4,"['Paper', 'Plastic']",279,frequently,1976
public,No Vehicle,1019,Yes,4,"['Paper', 'Plastic', 'Glass', 'Metal']",178,very frequently,2853
walk/bicycle,No Vehicle,65,Sometimes,2,"['Glass', 'Metal']",115,frequently,1819
walk/bicycle,No Vehicle,81,No,3,"['Paper', 'Plastic', 'Glass', 'Metal']",249,rarely,1009
public,No Vehicle,1821,Yes,3,"['Plastic', 'Glass', 'Metal']",237,rarely,1690
private,hybrid,7530,Yes,4,"['Plastic', 'Glass']",263,frequently,2867
private,diesel,8594,No,1,"['Glass', 'Metal']",188,very frequently,4502
public,No Vehicle,727,Sometimes,4,"['Plastic', 'Glass']",139,rarely,1791
private,electric,3,Yes,2,"['Plastic', 'Glass', 'Metal']",159,frequently,1456
private,petrol,5550,No,3,"['Paper', 'Glass']",128,very frequently,4178
private,lpg,7564,No,3,"['Paper', 'Glass']",290,rarely,4163
walk/bicycle,No Vehicle,9,Yes,4,['Glass'],161,rarely,1917
private,lpg,7812,Sometimes,7,['Paper'],108,rarely,3077
walk/bicycle,No Vehicle,65,Yes,1,['Paper'],199,frequently,1514
walk/bicycle,No Vehicle,91,Yes,7,"['Plastic', 'Glass', 'Metal']",260,rarely,2420
public,No Vehicle,1051,Sometimes,6,"['Paper', 'Plastic']",244,never,1263
private,hybrid,8445,Sometimes,5,"['Paper', 'Plastic', 'Glass', 'Metal']",154,very frequently,4542
walk/bicycle,No Vehicle,62,No,6,"['Glass', 'Metal']",106,never,1826
walk/bicycle,No Vehicle,98,No,6,['Plastic'],225,rarely,2699
public,No Vehicle,1431,No,2,"['Paper', 'Plastic', 'Glass']",254,never,1169
public,No Vehicle,495,No,1,"['Plastic', 'Glass', 'Metal']",107,never,1056
public,No Vehicle,1555,Sometimes,5,"['Glass', 'Metal']",290,frequently,1954
walk/bicycle,No Vehicle,35,No,4,"['Paper', 'Plastic', 'Glass', 'Metal']",193,frequently,2558
private,electric,4581,Sometimes,1,['Paper'],164,rarely,1085
private,petrol,4910,No,4,['Metal'],274,never,3732
private,lpg,5439,Sometimes,7,['Plastic'],123,very frequently,4386
public,No Vehicle,1212,No,4,"['Paper', 'Plastic', 'Glass', 'Metal']",62,frequently,2006
private,electric,3136,No,1,"['Plastic', 'Metal']",210,never,1454
walk/bicycle,No Vehicle,25,No,6,['Metal'],213,never,2098
private,diesel,1763,No,2,"['Paper', 'Metal']",263,never,2359
private,electric,2883,Sometimes,7,"['Paper', 'Glass', 'Metal']",142,very frequently,2629
public,No Vehicle,1659,Sometimes,5,['Paper'],167,frequently,1670
private,electric,1051,Sometimes,3,"['Paper', 'Plastic', 'Glass', 'Metal']",192,very frequently,2069
public,No Vehicle,1861,Sometimes,2,"['Paper', 'Plastic']",151,rarely,1308
walk/bicycle,No Vehicle,6,Sometimes,6,"['Paper', 'Plastic']",96,very frequently,2225
walk/bicycle,No Vehicle,32,Yes,2,['Glass'],89,frequently,1540
private,electric,4281,Sometimes,1,['Plastic'],77,very frequently,2625
walk/bicycle,No Vehicle,72,Yes,4,"['Paper', 'Plastic', 'Metal']",94,very frequently,2313
public,No Vehicle,1377,No,1,"['Plastic', 'Glass']",236,never,1552
public,No Vehicle,1930,Sometimes,6,"['Paper', 'Plastic', 'Metal']",112,frequently,2323
private,diesel,7701,No,7,"['Paper', 'Plastic', 'Glass', 'Metal']",295,very frequently,5250
public,No Vehicle,1103,Sometimes,7,"['Plastic', 'Metal']",64,frequently,2138
public,No Vehicle,1856,Sometimes,5,"['Paper', 'Plastic', 'Metal']",89,frequently,2534
public,No Vehicle,1544,Sometimes,3,"['Paper', 'Glass']",209,very frequently,2502
public,No Vehicle,1470,No,4,"['Paper', 'Plastic', 'Glass']",84,frequently,2143
public,No Vehicle,242,Sometimes,1,"['Paper', 'Plastic', 'Glass', 'Metal']",56,frequently,1880
private,electric,7905,No,4,"['Plastic', 'Glass']",209,very frequently,3058
walk/bicycle,No Vehicle,75,Yes,4,"['Paper', 'Plastic']",176,frequently,1536
private,hybrid,4313,No,6,"['Glass', 'Metal']",285,frequently,2716
private,diesel,7992,No,7,"['Glass', 'Metal']",94,very frequently,5662
walk/bicycle,No Vehicle,31,Yes,1,['Metal'],84,frequently,2176
private,diesel,189,Yes,3,"['Paper', 'Plastic']",248,never,1890
private,hybrid,4070,No,4,"['Glass', 'Metal']",156,frequently,2475
walk/bicycle,No Vehicle,67,Sometimes,5,"['Paper', 'Plastic', 'Glass', 'Metal']",162,frequently,1646
private,electric,7322,Yes,1,[],190,very frequently,2551
public,No Vehicle,1595,Sometimes,1,['Paper'],242,very frequently,3344
public,No Vehicle,1597,No,5,"['Paper', 'Metal']",272,very frequently,3037
walk/bicycle,No Vehicle,24,Yes,4,[],116,rarely,1331
public,No Vehicle,1875,No,7,"['Plastic', 'Glass', 'Metal']",74,rarely,1173
walk/bicycle,No Vehicle,74,Yes,7,['Plastic'],258,frequently,2395
public,No Vehicle,1462,Yes,1,"['Paper', 'Glass']",218,rarely,1457
walk/bicycle,No Vehicle,22,No,4,"['Plastic', 'Glass', 'Metal']",229,frequently,2383
private,diesel,6384,No,5,['Metal'],67,very frequently,3990
private,petrol,5479,Sometimes,1,[],247,rarely,3463
public,No Vehicle,458,No,5,"['Plastic', 'Glass']",289,very frequently,2517
walk/bicycle,No Vehicle,56,Sometimes,6,"['Paper', 'Plastic', 'Glass', 'Metal']",216,frequently,2516
walk/bicycle,No Vehicle,45,Yes,4,[],278,frequently,1753
public,No Vehicle,1990,No,3,['Paper'],128,rarely,1275
private,hybrid,2584,Yes,6,['Metal'],169,frequently,2743
private,hybrid,6667,Yes,1,"['Plastic', 'Metal']",71,frequently,2905
private,lpg,976,No,3,"['Plastic', 'Glass']",51,never,1639
walk/bicycle,No Vehicle,49,Yes,1,"['Paper', 'Plastic', 'Glass', 'Metal']",262,frequently,1385
public,No Vehicle,664,Yes,2,"['Plastic', 'Metal']",64,very frequently,1985
walk/bicycle,No Vehicle,15,No,5,"['Paper', 'Plastic', 'Metal']",286,never,1250
private,hybrid,2254,Sometimes,2,"['Glass', 'Metal']",187,frequently,2393
private,petrol,957,Sometimes,1,"['Paper', 'Plastic', 'Glass', 'Metal']",152,never,974
public,No Vehicle,1894,Yes,6,"['Paper', 'Plastic']",128,never,1330
public,No Vehicle,370,No,1,"['Plastic', 'Metal']",114,very frequently,3106
walk/bicycle,No Vehicle,12,Sometimes,4,"['Paper', 'Glass']",162,frequently,2020
private,hybrid,4157,Sometimes,3,"['Paper', 'Plastic', 'Glass']",178,never,1915
walk/bicycle,No Vehicle,96,Yes,2,['Glass'],277,very frequently,2336
public,No Vehicle,1221,Sometimes,6,"['Plastic', 'Metal']",146,frequently,1800
private,lpg,5716,Sometimes,6,"['Paper', 'Plastic', 'Glass', 'Metal']",128,rarely,2767
walk/bicycle,No Vehicle,13,No,7,"['Paper', 'Plastic', 'Metal']",213,frequently,2336
private,petrol,3263,Yes,6,['Plastic'],273,rarely,4087
public,No Vehicle,658,Sometimes,5,"['Plastic', 'Glass', 'Metal']",143,rarely,1117
private,diesel,8046,No,6,"['Glass', 'Metal']",259,very frequently,5583
private,lpg,2733,No,1,"['Paper', 'Glass']",50,never,1266
private,lpg,6767,Yes,2,"['Paper', 'Glass', 'Metal']",222,frequently,3529
private,hybrid,2727,Sometimes,2,"['Plastic', 'Metal']",292,very frequently,4340
private,electric,9805,Yes,2,"['Plastic', 'Glass']",199,never,725
public,No Vehicle,304,Yes,3,"['Paper', 'Plastic', 'Glass']",254,frequently,2499
private,petrol,3150,Yes,2,['Glass'],194,very frequently,3730
public,No Vehicle,902,Sometimes,3,[],109,frequently,1896
private,hybrid,1546,Yes,3,"['Plastic', 'Metal']",225,very frequently,2941
private,diesel,1996,Sometimes,6,"['Paper', 'Glass']",121,very frequently,3128
public,No Vehicle,1541,Sometimes,7,"['Glass', 'Metal']",67,frequently,2439
private,petrol,8291,Sometimes,5,"['Paper', 'Glass']",186,very frequently,6037
private,electric,5932,Sometimes,7,"['Paper', 'Plastic', 'Glass']",145,never,1309
public,No Vehicle,1015,Yes,1,[],132,rarely,933
public,No Vehicle,1713,Yes,3,"['Glass', 'Metal']",236,rarely,1489
walk/bicycle,No Vehicle,64,Yes,5,"['Paper', 'Glass', 'Metal']",197,frequently,2023
public,No Vehicle,1893,Yes,4,"['Paper', 'Plastic', 'Glass']",292,frequently,1485
walk/bicycle,No Vehicle,16,No,7,"['Paper', 'Plastic', 'Glass', 'Metal']",292,frequently,1451
public,No Vehicle,1727,Yes,6,"['Paper', 'Metal']",86,rarely,1896
private,lpg,5606,Sometimes,3,"['Paper', 'Metal']",230,rarely,2353
walk/bicycle,No Vehicle,71,No,5,"['Plastic', 'Glass', 'Metal']",56,never,1349
walk/bicycle,No Vehicle,33,Sometimes,6,"['Glass', 'Metal']",229,never,1576
private,diesel,3000,Sometimes,7,"['Paper', 'Glass']",80,never,2252
public,No Vehicle,698,Sometimes,2,['Plastic'],148,never,1009
walk/bicycle,No Vehicle,82,Sometimes,4,"['Paper', 'Plastic', 'Glass', 'Metal']",236,rarely,971
walk/bicycle,No Vehicle,37,Sometimes,5,['Metal'],216,very frequently,2141
private,hybrid,680,No,7,"['Paper', 'Plastic', 'Glass']",296,never,2146
public,No Vehicle,1380,Yes,5,"['Plastic', 'Glass', 'Metal']",288,very frequently,3878
walk/bicycle,No Vehicle,36,Yes,4,['Plastic'],252,frequently,2463
private,diesel,3996,No,3,['Metal'],188,very frequently,3022
private,lpg,3604,Sometimes,1,"['Paper', 'Plastic', 'Glass']",274,rarely,2825
public,No Vehicle,774,No,4,"['Paper', 'Plastic', 'Glass', 'Metal']",272,frequently,2341
public,No Vehicle,1591,Sometimes,6,"['Paper', 'Glass', 'Metal']",70,very frequently,2545
private,hybrid,2525,Yes,5,"['Plastic', 'Glass', 'Metal']",180,very frequently,2883
private,hybrid,5887,Sometimes,4,"['Paper', 'Plastic', 'Metal']",82,frequently,2282
walk/bicycle,No Vehicle,58,Sometimes,6,"['Paper', 'Metal']",240,never,1411
private,electric,3586,No,5,[],236,rarely,1279
walk/bicycle,No Vehicle,47,Sometimes,2,"['Glass', 'Metal']",190,frequently,1803
public,No Vehicle,1708,Yes,6,"['Paper', 'Plastic', 'Glass', 'Metal']",142,very frequently,3173
public,No Vehicle,838,Yes,5,"['Paper', 'Glass']",179,frequently,1864
public,No Vehicle,1045,Sometimes,1,"['Glass', 'Metal']",132,frequently,1310
walk/bicycle,No Vehicle,67,Yes,7,['Glass'],113,frequently,2211
walk/bicycle,No Vehicle,1,No,2,"['Paper', 'Plastic']",296,frequently,1863
public,No Vehicle,403,No,6,['Metal'],219,rarely,1703
public,No Vehicle,1888,Sometimes,4,"['Paper', 'Plastic', 'Glass']",98,never,1714
public,No Vehicle,1920,No,6,['Metal'],235,rarely,1817
public,No Vehicle,661,Yes,5,"['Paper', 'Plastic', 'Metal']",146,never,1057
public,No Vehicle,1856,Yes,6,"['Paper', 'Plastic', 'Metal']",102,frequently,1757
public,No Vehicle,875,No,7,['Glass'],125,very frequently,2192
walk/bicycle,No Vehicle,63,Yes,5,"['Paper', 'Plastic', 'Metal']",82,frequently,2148
private,hybrid,7092,Yes,4,"['Plastic', 'Glass', 'Metal']",132,never,2319
public,No Vehicle,579,Yes,3,[],142,rarely,1231
public,No Vehicle,1886,Yes,1,"['Paper', 'Glass']",50,frequently,1962
public,No Vehicle,248,Sometimes,1,['Metal'],85,frequently,1478
public,No Vehicle,1946,Sometimes,1,['Paper'],222,very frequently,2542
public,No Vehicle,1024,No,2,"['Plastic', 'Glass', 'Metal']",191,never,1059
public,No Vehicle,1590,Yes,2,['Glass'],247,rarely,1216
public,No Vehicle,870,Sometimes,3,"['Paper', 'Plastic', 'Glass']",111,never,1314
public,No Vehicle,1118,Sometimes,5,['Paper'],225,rarely,2028
public,No Vehicle,60,Sometimes,5,"['Plastic', 'Glass']",161,very frequently,2462
private,diesel,2956,Sometimes,2,"['Paper', 'Plastic', 'Glass', 'Metal']",115,very frequently,3446
walk/bicycle,No Vehicle,79,Sometimes,7,"['Plastic', 'Glass']",75,never,1385
public,No Vehicle,1082,No,5,"['Paper', 'Plastic', 'Glass']",212,frequently,1654
public,No Vehicle,1602,Yes,4,"['Paper', 'Plastic', 'Glass']",81,rarely,1184
private,hybrid,7567,Yes,6,"['Paper', 'Glass']",105,very frequently,4377
walk/bicycle,No Vehicle,78,No,5,"['Glass', 'Metal']",173,rarely,1494
private,diesel,3589,Sometimes,5,"['Paper', 'Plastic', 'Glass', 'Metal']",126,frequently,2422
walk/bicycle,No Vehicle,80,Sometimes,1,[],124,never,1187
walk/bicycle,No Vehicle,2,No,5,['Glass'],58,very frequently,2673
walk/bicycle,No Vehicle,56,Sometimes,7,"['Plastic', 'Glass', 'Metal']",91,never,1095
private,electric,8180,Sometimes,3,['Plastic'],254,frequently,1948
public,No Vehicle,25,No,6,"['Paper', 'Glass']",119,very frequently,2427
walk/bicycle,No Vehicle,99,Yes,7,"['Paper', 'Glass', 'Metal']",265,never,1486
private,hybrid,2024,Sometimes,5,['Metal'],243,never,2417
private,hybrid,5583,Yes,2,"['Paper', 'Plastic', 'Glass', 'Metal']",209,very frequently,2982
walk/bicycle,No Vehicle,1,Sometimes,4,"['Paper', 'Glass', 'Metal']",272,frequently,1687
walk/bicycle,No Vehicle,54,Yes,4,"['Plastic', 'Glass', 'Metal']",128,very frequently,2370
public,No Vehicle,1592,No,6,"['Paper', 'Metal']",215,frequently,2227
public,No Vehicle,1379,Yes,2,"['Paper', 'Plastic', 'Glass', 'Metal']",198,frequently,1194
walk/bicycle,No Vehicle,77,No,2,['Paper'],85,never,925
private,diesel,8109,No,4,['Plastic'],111,rarely,3552
walk/bicycle,No Vehicle,18,Sometimes,5,"['Paper', 'Glass']",162,never,1530
public,No Vehicle,1977,Sometimes,4,[],288,very frequently,3068
walk/bicycle,No Vehicle,5,No,3,['Metal'],231,very frequently,3082
walk/bicycle,No Vehicle,42,Yes,2,"['Plastic', 'Glass']",79,frequently,1405
private,electric,5743,Yes,4,['Plastic'],202,rarely,1557
private,petrol,4994,Sometimes,1,"['Plastic', 'Metal']",284,rarely,3534
public,No Vehicle,1238,No,7,"['Plastic', 'Glass', 'Metal']",190,frequently,1803
private,lpg,4127,Sometimes,3,"['Plastic', 'Glass', 'Metal']",291,frequently,3717
private,petrol,8264,Sometimes,2,['Paper'],250,rarely,4952
public,No Vehicle,1564,Yes,1,"['Paper', 'Plastic', 'Glass']",77,never,1223
private,electric,6484,Sometimes,7,"['Paper', 'Metal']",281,frequently,2842
walk/bicycle,No Vehicle,46,Yes,1,"['Paper', 'Metal']",130,rarely,1184
public,No Vehicle,919,Sometimes,1,"['Plastic', 'Metal']",120,frequently,1729
private,petrol,7762,Yes,6,"['Plastic', 'Glass', 'Metal']",113,rarely,4180
public,No Vehicle,1140,Sometimes,7,['Metal'],234,rarely,2444
walk/bicycle,No Vehicle,21,Yes,2,"['Paper', 'Plastic', 'Metal']",101,never,1150
private,petrol,4302,Sometimes,6,"['Glass', 'Metal']",230,very frequently,4513
walk/bicycle,No Vehicle,96,Yes,2,"['Paper', 'Plastic', 'Glass', 'Metal']",223,never,615
private,diesel,7397,Sometimes,7,"['Glass', 'Metal']",192,frequently,4426
public,No Vehicle,1236,No,7,"['Plastic', 'Glass']",111,rarely,1365
walk/bicycle,No Vehicle,6,Sometimes,1,"['Paper', 'Glass']",144,rarely,1563
private,hybrid,3635,Yes,2,"['Paper', 'Plastic']",80,never,1265
walk/bicycle,No Vehicle,21,Sometimes,7,['Plastic'],123,very frequently,3813
walk/bicycle,No Vehicle,89,Sometimes,4,['Plastic'],164,very frequently,2689
walk/bicycle,No Vehicle,67,No,1,"['Glass', 'Metal']",85,very frequently,1975
walk/bicycle,No Vehicle,38,Yes,4,['Glass'],64,never,1425
walk/bicycle,No Vehicle,80,Sometimes,6,"['Glass', 'Metal']",54,rarely,1950
public,No Vehicle,934,Sometimes,4,"['Glass', 'Metal']",122,very frequently,2853
public,No Vehicle,1964,Sometimes,2,['Plastic'],282,rarely,1465
public,No Vehicle,171,No,3,"['Paper', 'Plastic', 'Glass']",292,frequently,1935
private,hybrid,6299,No,5,['Plastic'],157,very frequently,3716
walk/bicycle,No Vehicle,57,Sometimes,1,"['Paper', 'Plastic', 'Glass', 'Metal']",232,very frequently,2613
private,hybrid,6069,No,3,[],91,rarely,2330
private,hybrid,2072,No,6,"['Glass', 'Metal']",141,frequently,2138
walk/bicycle,No Vehicle,48,Sometimes,4,"['Plastic', 'Glass', 'Metal']",125,frequently,2088
walk/bicycle,No Vehicle,35,Sometimes,5,['Plastic'],220,very frequently,3764
public,No Vehicle,1520,Sometimes,7,"['Plastic', 'Glass']",81,rarely,2657
public,No Vehicle,1031,No,2,"['Paper', 'Glass', 'Metal']",83,rarely,1313
walk/bicycle,No Vehicle,1,Sometimes,2,['Metal'],285,frequently,1906
walk/bicycle,No Vehicle,65,No,3,"['Paper', 'Glass']",233,very frequently,2993
private,diesel,6910,No,3,"['Paper', 'Plastic', 'Glass']",210,very frequently,3230
private,hybrid,6258,Yes,1,"['Plastic', 'Metal']",143,very frequently,3671
public,No Vehicle,71,No,3,"['Paper', 'Glass']",254,very frequently,2585
walk/bicycle,No Vehicle,46,Yes,3,['Paper'],195,never,1105
private,lpg,7094,Sometimes,4,"['Paper', 'Metal']",96,rarely,2840
walk/bicycle,No Vehicle,79,Yes,2,"['Paper', 'Plastic', 'Metal']",254,rarely,1052
private,petrol,3967,Yes,1,"['Glass', 'Metal']",139,rarely,2475
private,lpg,3581,No,4,"['Paper', 'Metal']",212,rarely,2320
private,hybrid,477,No,2,['Glass'],191,never,1455
private,electric,1825,Yes,2,"['Paper', 'Glass', 'Metal']",175,frequently,1581
private,diesel,7955,No,6,"['Paper', 'Glass', 'Metal']",166,never,3065
walk/bicycle,No Vehicle,70,Sometimes,3,['Paper'],274,rarely,2074
walk/bicycle,No Vehicle,98,Sometimes,4,"['Paper', 'Metal']",207,rarely,1407
walk/bicycle,No Vehicle,21,No,2,"['Paper', 'Glass']",176,very frequently,2723
walk/bicycle,No Vehicle,61,No,2,"['Paper', 'Plastic', 'Metal']",113,never,1240
private,electric,4360,Sometimes,6,"['Plastic', 'Glass']",81,rarely,1868
private,diesel,8057,Sometimes,1,"['Paper', 'Glass', 'Metal']",229,never,2790
walk/bicycle,No Vehicle,53,Sometimes,1,['Paper'],211,never,1629
private,lpg,6654,No,1,['Metal'],190,very frequently,4437
walk/bicycle,No Vehicle,39,No,7,[],195,never,2019
walk/bicycle,No Vehicle,28,Yes,1,"['Paper', 'Plastic']",143,very frequently,1874
private,diesel,166,Yes,5,"['Paper', 'Plastic', 'Glass', 'Metal']",155,frequently,1088
public,No Vehicle,514,Sometimes,2,"['Paper', 'Glass', 'Metal']",295,rarely,1541
private,hybrid,3746,Yes,1,"['Paper', 'Plastic', 'Metal']",67,very frequently,3313
private,petrol,8432,Yes,6,"['Plastic', 'Metal']",213,frequently,5439
private,diesel,1216,Yes,3,"['Paper', 'Plastic', 'Glass', 'Metal']",50,frequently,1566
walk/bicycle,No Vehicle,59,Yes,6,"['Plastic', 'Glass']",93,very frequently,2364
walk/bicycle,No Vehicle,19,Yes,7,['Paper'],221,never,1975
walk/bicycle,No Vehicle,11,No,4,"['Paper', 'Plastic', 'Glass', 'Metal']",193,frequently,2342
walk/bicycle,No Vehicle,15,Sometimes,4,['Plastic'],188,frequently,2228
public,No Vehicle,1457,No,4,"['Paper', 'Plastic']",250,rarely,1801
public,No Vehicle,129,No,3,"['Paper', 'Plastic', 'Glass', 'Metal']",266,frequently,1857
private,lpg,3103,Yes,6,"['Paper', 'Glass']",188,rarely,1561
walk/bicycle,No Vehicle,20,Sometimes,6,"['Paper', 'Plastic']",247,very frequently,2528
walk/bicycle,No Vehicle,44,No,6,"['Paper', 'Plastic', 'Glass', 'Metal']",111,very frequently,2100
walk/bicycle,No Vehicle,50,Yes,4,"['Paper', 'Plastic', 'Glass', 'Metal']",117,frequently,1841
private,petrol,5779,Sometimes,7,"['Plastic', 'Glass']",168,very frequently,3963
public,No Vehicle,1257,Sometimes,3,"['Paper', 'Plastic']",183,frequently,2269
walk/bicycle,No Vehicle,36,Yes,3,"['Paper', 'Plastic', 'Glass']",127,frequently,1799
private,electric,216,Yes,7,"['Paper', 'Metal']",149,very frequently,2558
public,No Vehicle,997,Yes,7,[],143,frequently,2938
public,No Vehicle,250,Yes,7,"['Plastic', 'Metal']",166,frequently,2229
private,electric,1066,Yes,6,"['Paper', 'Glass']",108,never,1043
walk/bicycle,No Vehicle,38,No,6,['Paper'],226,never,1779
public,No Vehicle,1510,Sometimes,4,"['Plastic', 'Glass', 'Metal']",134,never,1385
private,electric,8162,No,7,"['Plastic', 'Glass', 'Metal']",243,frequently,1702
public,No Vehicle,1098,Yes,4,"['Glass', 'Metal']",274,frequently,2525
walk/bicycle,No Vehicle,77,Sometimes,1,[],148,frequently,1952
public,No Vehicle,1233,Sometimes,1,"['Paper', 'Glass', 'Metal']",74,frequently,1361
walk/bicycle,No Vehicle,55,Yes,4,['Metal'],183,frequently,2245
private,petrol,6296,Sometimes,7,[],163,rarely,3927
walk/bicycle,No Vehicle,53,Yes,2,"['Paper', 'Glass', 'Metal']",162,never,1012
private,hybrid,2670,Sometimes,1,['Plastic'],299,very frequently,3202
public,No Vehicle,575,No,7,"['Glass', 'Metal']",72,very frequently,2359
walk/bicycle,No Vehicle,95,No,1,"['Plastic', 'Glass']",166,very frequently,3569
public,No Vehicle,809,Yes,4,['Paper'],113,rarely,1510
public,No Vehicle,390,Yes,2,['Paper'],182,very frequently,1928
public,No Vehicle,1409,Yes,3,"['Paper', 'Plastic', 'Metal']",237,never,1726
private,diesel,8585,No,3,"['Paper', 'Glass']",113,very frequently,4414
private,lpg,4444,No,6,"['Paper', 'Glass']",253,very frequently,3257
walk/bicycle,No Vehicle,98,Yes,6,"['Plastic', 'Glass']",53,rarely,2074
public,No Vehicle,1828,Yes,4,"['Paper', 'Plastic', 'Glass', 'Metal']",70,never,1617
public,No Vehicle,1557,Yes,4,[],294,never,1568
public,No Vehicle,1099,Yes,6,[],74,frequently,1749
private,diesel,3956,Sometimes,7,['Glass'],178,very frequently,3247
public,No Vehicle,1718,Sometimes,1,"['Paper', 'Plastic', 'Glass', 'Metal']",242,very frequently,2854
public,No Vehicle,442,Sometimes,5,"['Glass', 'Metal']",169,frequently,2012
public,No Vehicle,304,No,1,"['Paper', 'Plastic', 'Metal']",264,frequently,1530
walk/bicycle,No Vehicle,8,No,7,"['Paper', 'Metal']",242,frequently,1897
public,No Vehicle,1948,Yes,3,[],162,very frequently,2749
walk/bicycle,No Vehicle,64,Sometimes,3,['Paper'],85,very frequently,2552
public,No Vehicle,1780,No,3,"['Plastic', 'Metal']",135,frequently,2893
walk/bicycle,No Vehicle,3,Sometimes,6,['Metal'],162,rarely,1576
public,No Vehicle,888,Sometimes,6,"['Plastic', 'Metal']",221,frequently,1944
walk/bicycle,No Vehicle,91,Sometimes,3,"['Paper', 'Glass']",184,very frequently,2080
walk/bicycle,No Vehicle,45,Sometimes,1,['Glass'],76,frequently,2058
walk/bicycle,No Vehicle,79,Yes,1,"['Plastic', 'Glass']",114,very frequently,2354
private,lpg,7337,No,5,"['Paper', 'Metal']",102,frequently,4845
walk/bicycle,No Vehicle,24,No,6,"['Paper', 'Glass']",273,frequently,2266
private,electric,7475,Sometimes,4,"['Plastic', 'Metal']",50,very frequently,2118
public,No Vehicle,1654,Yes,1,"['Paper', 'Glass', 'Metal']",184,very frequently,2812
walk/bicycle,No Vehicle,2,No,3,"['Paper', 'Plastic', 'Glass', 'Metal']",273,frequently,2286
public,No Vehicle,1423,Yes,4,"['Paper', 'Glass', 'Metal']",197,never,1437
public,No Vehicle,920,No,2,"['Plastic', 'Metal']",281,very frequently,3177
walk/bicycle,No Vehicle,79,Yes,3,"['Paper', 'Metal']",180,frequently,1350
private,electric,5608,Sometimes,1,"['Plastic', 'Metal']",221,never,1236
walk/bicycle,No Vehicle,38,No,7,"['Plastic', 'Metal']",142,rarely,1986
public,No Vehicle,1660,Sometimes,7,['Metal'],299,never,2105
public,No Vehicle,697,Sometimes,4,"['Paper', 'Plastic', 'Glass', 'Metal']",74,never,1348
public,No Vehicle,588,Sometimes,6,"['Paper', 'Glass']",80,frequently,1606
public,No Vehicle,861,No,2,"['Paper', 'Plastic', 'Metal']",298,never,1476
private,lpg,7148,Yes,3,"['Glass', 'Metal']",117,frequently,3530
private,electric,8148,Sometimes,2,"['Paper', 'Plastic', 'Metal']",79,frequently,1559
walk/bicycle,No Vehicle,6,No,1,"['Plastic', 'Metal']",130,very frequently,2720
walk/bicycle,No Vehicle,28,Sometimes,2,"['Paper', 'Plastic', 'Metal']",123,never,968
public,No Vehicle,1980,Sometimes,4,"['Plastic', 'Metal']",215,rarely,1402
public,No Vehicle,150,No,2,"['Paper', 'Plastic', 'Metal']",247,very frequently,2917
private,lpg,2722,Yes,4,"['Plastic', 'Metal']",186,frequently,2431
private,lpg,3624,Yes,5,"['Paper', 'Plastic', 'Metal']",238,rarely,3122
walk/bicycle,No Vehicle,1,Yes,5,"['Paper', 'Plastic', 'Metal']",68,very frequently,3236
walk/bicycle,No Vehicle,61,Yes,6,"['Plastic', 'Metal']",247,rarely,2317
walk/bicycle,No Vehicle,11,No,2,"['Plastic', 'Glass']",294,frequently,2023
private,electric,5875,No,2,[],233,never,1887
walk/bicycle,No Vehicle,46,No,6,"['Glass', 'Metal']",294,rarely,2092
public,No Vehicle,1200,Sometimes,3,['Plastic'],222,never,1666
public,No Vehicle,1365,Yes,6,['Plastic'],291,very frequently,2679
walk/bicycle,No Vehicle,80,No,6,['Paper'],271,rarely,1691
private,diesel,7226,No,5,"['Plastic', 'Glass']",89,never,3197
public,No Vehicle,441,No,6,"['Paper', 'Plastic', 'Glass', 'Metal']",181,frequently,2547
public,No Vehicle,47,No,6,"['Paper', 'Plastic', 'Metal']",264,very frequently,3270
public,No Vehicle,845,No,6,['Plastic'],235,rarely,1599
private,electric,7916,No,1,"['Plastic', 'Glass']",53,never,768
walk/bicycle,No Vehicle,71,No,1,"['Plastic', 'Glass']",203,very frequently,2732
walk/bicycle,No Vehicle,81,Yes,5,"['Paper', 'Plastic', 'Metal']",51,very frequently,2458
walk/bicycle,No Vehicle,18,Yes,3,"['Paper', 'Metal']",181,very frequently,2028
public,No Vehicle,1814,Sometimes,2,['Plastic'],96,very frequently,3071
walk/bicycle,No Vehicle,42,Sometimes,6,"['Paper', 'Metal']",150,very frequently,3161
private,hybrid,6474,Yes,5,['Paper'],252,frequently,3583
public,No Vehicle,1588,Sometimes,1,"['Plastic', 'Glass', 'Metal']",148,very frequently,1941
walk/bicycle,No Vehicle,59,No,6,"['Paper', 'Plastic', 'Metal']",70,never,1376
walk/bicycle,No Vehicle,68,No,2,[],66,very frequently,3131
public,No Vehicle,1741,No,1,"['Plastic', 'Glass']",226,very frequently,3619
public,No Vehicle,532,Sometimes,3,['Plastic'],218,frequently,2022
private,lpg,8442,Yes,7,[],85,rarely,4346
walk/bicycle,No Vehicle,42,No,6,"['Glass', 'Metal']",87,very frequently,2997
private,hybrid,5259,Sometimes,7,['Glass'],61,rarely,3300
public,No Vehicle,574,Sometimes,7,"['Paper', 'Glass']",277,very frequently,3372
private,petrol,1069,Yes,4,['Plastic'],223,frequently,2091
private,petrol,3271,Yes,3,['Metal'],139,very frequently,3466
private,petrol,4731,Sometimes,4,"['Paper', 'Glass', 'Metal']",151,very frequently,4813
public,No Vehicle,353,Sometimes,6,"['Paper', 'Glass', 'Metal']",147,rarely,1745
private,hybrid,2886,No,1,['Metal'],109,never,1555
public,No Vehicle,1527,Sometimes,2,"['Paper', 'Plastic', 'Metal']",54,rarely,695
walk/bicycle,No Vehicle,80,Sometimes,6,"['Glass', 'Metal']",136,very frequently,2793
walk/bicycle,No Vehicle,74,No,4,"['Paper', 'Glass', 'Metal']",154,frequently,2543
private,electric,4113,Yes,3,"['Paper', 'Plastic']",282,frequently,2268
public,No Vehicle,1926,No,6,"['Plastic', 'Glass']",299,rarely,1877
public,No Vehicle,792,No,7,[],127,frequently,1960
walk/bicycle,No Vehicle,99,No,4,"['Paper', 'Plastic', 'Glass']",128,frequently,1786
walk/bicycle,No Vehicle,61,Sometimes,6,"['Paper', 'Plastic', 'Glass']",207,very frequently,2423
walk/bicycle,No Vehicle,7,Sometimes,3,"['Plastic', 'Glass']",153,never,1439
walk/bicycle,No Vehicle,38,No,7,"['Paper', 'Plastic', 'Metal']",176,rarely,2471
walk/bicycle,No Vehicle,18,Yes,7,"['Paper', 'Plastic', 'Glass']",251,never,1367
walk/bicycle,No Vehicle,91,No,1,"['Paper', 'Plastic']",203,never,788
walk/bicycle,No Vehicle,61,No,3,"['Plastic', 'Metal']",117,frequently,1661
walk/bicycle,No Vehicle,35,Yes,6,"['Paper', 'Metal']",216,rarely,1542
private,electric,5626,Sometimes,2,"['Paper', 'Plastic', 'Glass']",136,never,511
public,No Vehicle,255,Sometimes,7,[],134,frequently,1916
walk/bicycle,No Vehicle,65,Sometimes,4,"['Paper', 'Plastic', 'Glass', 'Metal']",123,never,1024
walk/bicycle,No Vehicle,31,Sometimes,3,"['Paper', 'Plastic']",74,never,1403
walk/bicycle,No Vehicle,73,No,6,"['Paper', 'Glass', 'Metal']",147,very frequently,3221
private,diesel,9246,No,6,['Plastic'],195,rarely,4858
walk/bicycle,No Vehicle,23,Yes,5,"['Paper', 'Plastic', 'Glass']",54,rarely,778
private,hybrid,9142,Sometimes,2,"['Glass', 'Metal']",98,frequently,3594
public,No Vehicle,963,Yes,2,"['Paper', 'Glass', 'Metal']",204,never,1020
private,electric,7760,Sometimes,6,"['Plastic', 'Metal']",108,rarely,1506
private,lpg,7809,No,5,"['Paper', 'Plastic', 'Glass', 'Metal']",126,never,3070
private,petrol,3637,No,5,"['Plastic', 'Glass', 'Metal']",59,frequently,2908
public,No Vehicle,1382,Yes,2,[],182,frequently,2549
public,No Vehicle,792,Yes,6,"['Paper', 'Glass']",78,rarely,2189
public,No Vehicle,405,Sometimes,7,"['Plastic', 'Glass']",295,never,1244
walk/bicycle,No Vehicle,44,Sometimes,3,"['Plastic', 'Glass', 'Metal']",280,rarely,1377
private,diesel,6474,Yes,5,"['Plastic', 'Glass', 'Metal']",263,rarely,2410
walk/bicycle,No Vehicle,8,Yes,6,['Metal'],207,never,1513
private,electric,8405,Sometimes,2,['Plastic'],252,never,1392
public,No Vehicle,1421,Sometimes,7,"['Glass', 'Metal']",274,frequently,1979
private,electric,369,Yes,4,"['Paper', 'Glass']",108,very frequently,2869
public,No Vehicle,1267,No,1,"['Paper', 'Plastic', 'Glass', 'Metal']",239,frequently,1776
private,hybrid,9088,Sometimes,7,"['Paper', 'Glass', 'Metal']",166,frequently,3214
walk/bicycle,No Vehicle,42,No,2,"['Paper', 'Plastic', 'Glass', 'Metal']",231,never,892
private,lpg,3018,Sometimes,1,['Plastic'],298,very frequently,3552
public,No Vehicle,1352,No,7,['Glass'],260,rarely,2228
private,hybrid,3403,Yes,1,"['Paper', 'Plastic']",231,never,2065
walk/bicycle,No Vehicle,38,Yes,6,['Metal'],196,never,2789
private,lpg,289,Yes,1,"['Paper', 'Plastic']",223,very frequently,2681
public,No Vehicle,1360,Yes,6,"['Glass', 'Metal']",104,very frequently,3432
walk/bicycle,No Vehicle,1,Sometimes,3,"['Glass', 'Metal']",270,frequently,1795
private,diesel,9237,Sometimes,2,['Paper'],291,very frequently,5884
public,No Vehicle,119,Yes,6,"['Paper', 'Glass', 'Metal']",189,frequently,1773
walk/bicycle,No Vehicle,42,Sometimes,3,"['Paper', 'Plastic']",60,frequently,1536
walk/bicycle,No Vehicle,32,No,2,"['Plastic', 'Glass', 'Metal']",162,frequently,2811
private,hybrid,9041,Sometimes,1,"['Paper', 'Glass']",71,very frequently,4706
public,No Vehicle,99,No,6,['Paper'],171,never,1325
private,lpg,7423,Yes,4,['Metal'],210,frequently,3906
walk/bicycle,No Vehicle,96,Sometimes,6,"['Paper', 'Glass']",72,rarely,1888
public,No Vehicle,91,No,7,"['Glass', 'Metal']",247,very frequently,3030
private,electric,6292,Yes,2,"['Glass', 'Metal']",223,very frequently,3604
private,lpg,9818,Yes,1,"['Paper', 'Glass', 'Metal']",240,frequently,4990
private,diesel,2195,Sometimes,5,"['Paper', 'Plastic', 'Glass', 'Metal']",83,very frequently,2745
private,diesel,6573,No,6,"['Plastic', 'Glass']",203,rarely,3542
private,diesel,8592,Yes,5,"['Paper', 'Plastic', 'Glass', 'Metal']",296,frequently,3198
private,hybrid,5320,No,5,['Paper'],84,rarely,2050
walk/bicycle,No Vehicle,29,No,5,"['Plastic', 'Glass']",116,very frequently,2205
public,No Vehicle,970,Yes,7,"['Paper', 'Metal']",208,frequently,2015
private,electric,5847,Yes,4,"['Paper', 'Plastic']",226,never,1482
walk/bicycle,No Vehicle,82,Sometimes,2,['Paper'],143,rarely,1642
public,No Vehicle,399,Sometimes,1,"['Paper', 'Glass']",122,never,973
private,electric,2010,No,5,['Plastic'],175,very frequently,3439
private,lpg,1295,Yes,6,[],240,rarely,1742
public,No Vehicle,1374,Yes,5,"['Paper', 'Plastic', 'Glass']",187,very frequently,3310
public,No Vehicle,1959,Sometimes,4,['Metal'],250,rarely,1702
public,No Vehicle,369,Sometimes,1,['Metal'],164,frequently,1533
private,electric,4208,No,1,"['Paper', 'Plastic', 'Metal']",243,very frequently,1916
public,No Vehicle,1015,Sometimes,4,"['Plastic', 'Glass']",282,very frequently,2866
private,diesel,9597,No,1,"['Paper', 'Plastic']",107,never,3307
walk/bicycle,No Vehicle,84,Yes,2,"['Glass', 'Metal']",207,rarely,1082
walk/bicycle,No Vehicle,34,No,6,"['Paper', 'Glass', 'Metal']",213,frequently,2119
walk/bicycle,No Vehicle,48,Yes,4,"['Paper', 'Plastic', 'Glass']",190,very frequently,3247
walk/bicycle,No Vehicle,56,Yes,4,"['Plastic', 'Glass']",191,very frequently,2265
walk/bicycle,No Vehicle,41,Sometimes,5,"['Paper', 'Glass', 'Metal']",152,never,1354
walk/bicycle,No Vehicle,2,No,6,['Glass'],125,very frequently,2753
walk/bicycle,No Vehicle,4,Yes,2,['Metal'],137,frequently,1600
public,No Vehicle,1410,Yes,2,['Plastic'],198,never,1186
public,No Vehicle,24,No,4,"['Plastic', 'Glass', 'Metal']",242,rarely,2098
public,No Vehicle,1415,No,7,"['Plastic', 'Glass']",72,never,1823
private,hybrid,6119,Yes,6,"['Paper', 'Plastic']",237,never,2085
public,No Vehicle,75,No,2,"['Plastic', 'Glass', 'Metal']",72,frequently,2473
private,petrol,7973,Sometimes,1,['Metal'],290,never,4684
public,No Vehicle,1494,Sometimes,6,['Plastic'],192,never,1495
private,lpg,1505,Yes,3,"['Paper', 'Plastic', 'Glass', 'Metal']",120,frequently,1761
private,lpg,9982,Yes,6,"['Paper', 'Plastic', 'Glass']",100,very frequently,5069
walk/bicycle,No Vehicle,83,Yes,4,"['Paper', 'Plastic', 'Metal']",156,rarely,1140
private,petrol,9146,No,2,"['Glass', 'Metal']",97,rarely,4045
public,No Vehicle,1966,Sometimes,7,"['Paper', 'Glass', 'Metal']",164,very frequently,2560
private,petrol,8453,Sometimes,3,"['Paper', 'Plastic', 'Glass', 'Metal']",109,never,3867
public,No Vehicle,1651,Sometimes,2,"['Paper', 'Metal']",190,rarely,1470
public,No Vehicle,1990,No,3,[],106,frequently,2341
private,petrol,7955,Yes,6,"['Paper', 'Plastic']",185,very frequently,5687
walk/bicycle,No Vehicle,43,Sometimes,4,"['Paper', 'Plastic', 'Glass', 'Metal']",193,frequently,2032
private,electric,7676,No,3,"['Paper', 'Plastic', 'Glass', 'Metal']",229,very frequently,2499
walk/bicycle,No Vehicle,23,No,2,[],263,rarely,1825
walk/bicycle,No Vehicle,86,No,6,"['Glass', 'Metal']",72,rarely,1829
private,lpg,315,Sometimes,3,"['Paper', 'Metal']",263,never,866
walk/bicycle,No Vehicle,25,No,6,"['Paper', 'Plastic', 'Glass', 'Metal']",95,very frequently,2601
walk/bicycle,No Vehicle,48,Yes,5,"['Glass', 'Metal']",164,very frequently,2965
public,No Vehicle,1945,Sometimes,7,['Paper'],176,never,1068
private,electric,1299,Yes,6,['Paper'],215,very frequently,3361
public,No Vehicle,923,Sometimes,7,"['Plastic', 'Glass']",275,very frequently,3220
public,No Vehicle,1504,Sometimes,2,['Glass'],100,very frequently,2487
walk/bicycle,No Vehicle,29,Sometimes,2,"['Paper', 'Plastic']",107,frequently,1536
private,petrol,5676,Yes,2,['Paper'],197,very frequently,4338
walk/bicycle,No Vehicle,96,No,6,"['Plastic', 'Glass']",169,very frequently,3332
public,No Vehicle,1510,Sometimes,5,"['Plastic', 'Metal']",138,frequently,1606
walk/bicycle,No Vehicle,58,No,2,"['Paper', 'Plastic', 'Glass', 'Metal']",147,very frequently,2132
walk/bicycle,No Vehicle,11,Sometimes,2,"['Glass', 'Metal']",112,very frequently,1780
walk/bicycle,No Vehicle,60,No,5,"['Plastic', 'Glass', 'Metal']",222,very frequently,1730
private,petrol,7968,Yes,3,[],151,rarely,4950
private,lpg,3443,Yes,4,['Glass'],94,never,3041
public,No Vehicle,1150,Sometimes,6,"['Paper', 'Plastic', 'Metal']",286,never,923
public,No Vehicle,54,No,6,"['Plastic', 'Glass']",119,rarely,2033
private,lpg,1239,Sometimes,5,"['Paper', 'Metal']",64,rarely,1596
walk/bicycle,No Vehicle,16,Sometimes,5,['Metal'],130,frequently,1686
public,No Vehicle,1959,Sometimes,7,['Paper'],66,very frequently,3291
walk/bicycle,No Vehicle,62,Sometimes,3,"['Plastic', 'Glass', 'Metal']",152,rarely,1133
private,electric,7189,Yes,2,"['Paper', 'Plastic']",211,rarely,1589
private,petrol,2165,No,4,['Glass'],176,rarely,2572
private,petrol,7063,Yes,4,"['Paper', 'Glass']",83,frequently,4136
public,No Vehicle,1796,No,6,"['Paper', 'Glass']",146,very frequently,3154
public,No Vehicle,1405,No,5,"['Paper', 'Metal']",217,frequently,2086
private,electric,6113,Sometimes,7,"['Plastic', 'Glass']",255,very frequently,1951
private,lpg,1430,Sometimes,7,"['Plastic', 'Glass']",85,frequently,2330
private,diesel,5157,No,2,"['Paper', 'Glass', 'Metal']",57,very frequently,3842
private,hybrid,830,Sometimes,7,"['Paper', 'Plastic', 'Glass']",243,rarely,2441
private,diesel,1597,Sometimes,5,"['Paper', 'Glass', 'Metal']",295,very frequently,3147
public,No Vehicle,1377,No,4,"['Paper', 'Glass', 'Metal']",267,never,946
walk/bicycle,No Vehicle,43,Sometimes,2,['Metal'],138,rarely,1229
private,lpg,7044,Yes,5,"['Paper', 'Plastic', 'Glass']",215,rarely,3143
private,hybrid,9604,Yes,1,"['Paper', 'Plastic', 'Glass', 'Metal']",132,very frequently,3572
public,No Vehicle,1935,Sometimes,5,[],85,very frequently,2869
walk/bicycle,No Vehicle,26,Yes,6,"['Paper', 'Plastic', 'Glass']",271,rarely,1598
private,electric,9259,Sometimes,4,"['Plastic', 'Glass']",175,rarely,1711
public,No Vehicle,659,Yes,4,"['Paper', 'Glass', 'Metal']",195,very frequently,1844
walk/bicycle,No Vehicle,38,Sometimes,1,"['Paper', 'Plastic', 'Glass']",94,frequently,1444
private,diesel,2883,No,1,"['Glass', 'Metal']",73,rarely,2068
public,No Vehicle,352,No,2,"['Paper', 'Plastic']",163,never,951
walk/bicycle,No Vehicle,13,Yes,6,['Glass'],54,frequently,2153
public,No Vehicle,1604,No,3,"['Paper', 'Plastic', 'Metal']",118,never,994
private,lpg,1715,Yes,7,"['Paper', 'Glass', 'Metal']",112,never,1371
private,electric,465,Yes,4,"['Paper', 'Plastic']",116,very frequently,3231
public,No Vehicle,39,No,3,['Paper'],288,frequently,2356
public,No Vehicle,893,Sometimes,4,['Glass'],86,never,1312
public,No Vehicle,1567,Sometimes,7,"['Glass', 'Metal']",245,never,1463
private,hybrid,9683,No,7,"['Paper', 'Plastic', 'Metal']",280,frequently,5176
walk/bicycle,No Vehicle,77,No,4,['Paper'],289,very frequently,3348
walk/bicycle,No Vehicle,53,Sometimes,7,['Glass'],285,never,1807
private,petrol,8916,Sometimes,4,"['Paper', 'Metal']",112,never,4640
public,No Vehicle,1979,No,3,"['Paper', 'Plastic', 'Glass']",89,very frequently,2631
walk/bicycle,No Vehicle,6,No,1,"['Paper', 'Glass']",283,very frequently,2256
private,lpg,7871,Yes,1,"['Paper', 'Metal']",100,frequently,2775
public,No Vehicle,779,Sometimes,3,"['Paper', 'Plastic', 'Metal']",146,frequently,1246
private,hybrid,5846,No,1,['Plastic'],54,very frequently,3610
walk/bicycle,No Vehicle,28,Sometimes,1,['Plastic'],109,frequently,2548
private,lpg,6590,Sometimes,7,"['Paper', 'Plastic', 'Glass', 'Metal']",68,frequently,3052
public,No Vehicle,1779,No,6,"['Plastic', 'Metal']",50,frequently,2363
public,No Vehicle,867,Yes,6,['Paper'],101,frequently,2399
private,lpg,7513,Sometimes,7,"['Paper', 'Plastic', 'Metal']",271,very frequently,4580
private,hybrid,5557,Yes,6,"['Plastic', 'Metal']",147,very frequently,3258
private,diesel,5792,Yes,3,['Plastic'],184,never,3129
walk/bicycle,No Vehicle,53,No,5,['Metal'],72,frequently,2647
walk/bicycle,No Vehicle,77,Sometimes,2,"['Paper', 'Plastic']",203,never,1356
private,lpg,1222,Yes,3,[],279,frequently,2130
public,No Vehicle,1251,Yes,6,[],233,rarely,1485
private,lpg,2363,Yes,2,"['Paper', 'Plastic']",168,frequently,2746
walk/bicycle,No Vehicle,8,Yes,6,"['Plastic', 'Glass']",76,very frequently,3110
private,hybrid,2740,Sometimes,3,"['Plastic', 'Metal']",127,never,1381
walk/bicycle,No Vehicle,61,Sometimes,4,['Glass'],224,never,1067
private,lpg,942,Yes,1,['Metal'],147,frequently,2147
public,No Vehicle,1378,Sometimes,3,[],295,rarely,1668
walk/bicycle,No Vehicle,87,No,4,"['Paper', 'Glass']",160,rarely,1376
walk/bicycle,No Vehicle,8,No,5,"['Paper', 'Plastic', 'Glass']",96,rarely,1316
public,No Vehicle,276,Sometimes,7,['Paper'],209,frequently,2627
public,No Vehicle,1364,Sometimes,7,['Glass'],201,very frequently,3187
private,electric,7699,Yes,2,[],77,very frequently,3038
walk/bicycle,No Vehicle,69,Yes,2,"['Glass', 'Metal']",80,never,1130
private,hybrid,7724,No,4,['Glass'],161,very frequently,3725
public,No Vehicle,1672,Yes,1,['Plastic'],242,never,1539
public,No Vehicle,520,No,4,['Plastic'],105,rarely,1597
private,electric,8406,Sometimes,1,"['Paper', 'Plastic', 'Glass']",251,rarely,606
public,No Vehicle,691,Yes,1,"['Plastic', 'Glass']",122,frequently,1942
walk/bicycle,No Vehicle,21,Yes,4,"['Paper', 'Metal']",186,never,1208
public,No Vehicle,1931,Yes,6,['Glass'],181,very frequently,2875
private,lpg,8773,Yes,6,"['Plastic', 'Glass', 'Metal']",209,very frequently,6093
walk/bicycle,No Vehicle,18,No,5,"['Glass', 'Metal']",72,frequently,1953
private,diesel,3731,Sometimes,3,"['Paper', 'Plastic', 'Glass']",268,frequently,4130
private,electric,8155,Yes,6,"['Paper', 'Glass', 'Metal']",74,frequently,2935
public,No Vehicle,755,Yes,1,"['Paper', 'Glass', 'Metal']",60,rarely,844
public,No Vehicle,371,Yes,1,['Plastic'],135,very frequently,3365
walk/bicycle,No Vehicle,7,Yes,2,"['Paper', 'Metal']",158,rarely,1931
walk/bicycle,No Vehicle,51,Sometimes,4,"['Plastic', 'Glass']",286,never,1785
walk/bicycle,No Vehicle,88,Sometimes,6,['Plastic'],131,frequently,2581
private,lpg,9425,No,1,"['Paper', 'Plastic']",84,never,3495
walk/bicycle,No Vehicle,40,Yes,4,"['Paper', 'Metal']",110,rarely,1083
public,No Vehicle,1091,No,3,"['Paper', 'Metal']",89,very frequently,2028
private,petrol,3150,Yes,3,"['Glass', 'Metal']",208,frequently,3425
walk/bicycle,No Vehicle,78,No,5,"['Paper', 'Plastic', 'Glass', 'Metal']",228,frequently,1316
private,diesel,3220,Sometimes,2,"['Paper', 'Plastic', 'Glass', 'Metal']",189,frequently,2686
private,electric,298,Sometimes,1,['Metal'],138,rarely,1009
private,diesel,502,Sometimes,5,['Glass'],68,very frequently,3218
public,No Vehicle,826,Sometimes,7,"['Paper', 'Plastic', 'Glass', 'Metal']",198,frequently,2598
walk/bicycle,No Vehicle,9,Sometimes,2,['Paper'],283,rarely,1245
private,diesel,1743,Yes,1,['Plastic'],135,frequently,2281
walk/bicycle,No Vehicle,67,Yes,1,"['Plastic', 'Glass']",259,rarely,1096
walk/bicycle,No Vehicle,23,Yes,2,"['Paper', 'Plastic', 'Glass', 'Metal']",267,never,1486
private,diesel,3974,Yes,7,"['Paper', 'Plastic', 'Metal']",250,frequently,3482
private,diesel,3080,Yes,6,"['Paper', 'Glass']",241,never,2542
public,No Vehicle,1539,No,5,"['Paper', 'Plastic', 'Glass']",260,rarely,1688
walk/bicycle,No Vehicle,16,Sometimes,2,"['Paper', 'Glass', 'Metal']",91,rarely,1799
walk/bicycle,No Vehicle,93,Sometimes,3,['Paper'],192,frequently,1461
public,No Vehicle,666,Sometimes,4,"['Paper', 'Glass', 'Metal']",129,never,1278
walk/bicycle,No Vehicle,60,Yes,1,"['Paper', 'Glass']",54,frequently,1474
walk/bicycle,No Vehicle,88,Yes,4,"['Plastic', 'Glass']",88,frequently,2465
walk/bicycle,No Vehicle,68,No,1,"['Paper', 'Plastic']",87,rarely,1226
walk/bicycle,No Vehicle,89,Sometimes,1,"['Plastic', 'Glass', 'Metal']",265,never,1013
walk/bicycle,No Vehicle,97,Sometimes,7,['Glass'],288,rarely,1587
walk/bicycle,No Vehicle,42,Yes,7,['Plastic'],218,rarely,1296
walk/bicycle,No Vehicle,83,Sometimes,5,['Metal'],299,never,1377
walk/bicycle,No Vehicle,31,Yes,4,['Paper'],54,very frequently,2580
public,No Vehicle,1495,Yes,2,"['Paper', 'Plastic', 'Glass', 'Metal']",247,frequently,1684
walk/bicycle,No Vehicle,67,No,7,['Metal'],94,never,1787
walk/bicycle,No Vehicle,44,Sometimes,1,"['Plastic', 'Metal']",188,frequently,1276
public,No Vehicle,1914,No,3,"['Paper', 'Glass']",59,rarely,1585
private,diesel,4334,No,2,['Metal'],102,never,2386
private,lpg,2352,No,6,[],69,rarely,1991
private,hybrid,8443,Sometimes,1,"['Paper', 'Plastic']",54,frequently,3202
public,No Vehicle,571,Yes,7,"['Plastic', 'Metal']",65,rarely,2005
walk/bicycle,No Vehicle,19,Yes,2,['Glass'],178,frequently,1808
private,diesel,9969,Sometimes,3,['Plastic'],65,very frequently,4350
private,diesel,9844,Sometimes,5,"['Paper', 'Plastic', 'Glass']",86,frequently,4570
public,No Vehicle,1158,Sometimes,5,"['Paper', 'Glass']",288,frequently,2078
private,electric,3711,No,5,"['Plastic', 'Glass', 'Metal']",114,rarely,1761
public,No Vehicle,1902,No,2,"['Paper', 'Glass', 'Metal']",60,very frequently,3062
walk/bicycle,No Vehicle,74,No,2,['Glass'],189,never,1843
public,No Vehicle,449,No,3,"['Glass', 'Metal']",139,very frequently,2927
private,hybrid,4132,Yes,1,"['Paper', 'Plastic', 'Metal']",291,never,2309
walk/bicycle,No Vehicle,35,No,6,"['Paper', 'Plastic', 'Metal']",253,frequently,1276
private,lpg,9122,Yes,1,"['Paper', 'Glass', 'Metal']",226,frequently,3542
public,No Vehicle,124,No,1,"['Paper', 'Glass', 'Metal']",243,frequently,1245
public,No Vehicle,1588,Yes,3,[],226,very frequently,2123
private,lpg,1812,No,4,"['Paper', 'Plastic', 'Metal']",71,frequently,2070
walk/bicycle,No Vehicle,27,Yes,3,"['Paper', 'Glass']",282,never,1064
public,No Vehicle,677,Yes,2,[],190,very frequently,2945
private,hybrid,5815,Yes,2,"['Paper', 'Glass', 'Metal']",61,very frequently,3261
walk/bicycle,No Vehicle,78,No,1,['Metal'],164,rarely,1015
public,No Vehicle,407,Sometimes,7,['Glass'],160,rarely,1749
walk/bicycle,No Vehicle,42,Yes,4,"['Paper', 'Plastic']",211,very frequently,2311
walk/bicycle,No Vehicle,18,Sometimes,1,"['Plastic', 'Glass', 'Metal']",130,frequently,2451
public,No Vehicle,1105,Yes,5,"['Paper', 'Metal']",89,frequently,2086
walk/bicycle,No Vehicle,21,No,6,['Metal'],251,very frequently,2752
walk/bicycle,No Vehicle,36,No,4,"['Plastic', 'Glass']",217,rarely,1457
public,No Vehicle,1271,No,4,"['Paper', 'Plastic', 'Metal']",262,frequently,1523
public,No Vehicle,1804,Sometimes,2,"['Paper', 'Plastic', 'Glass']",244,rarely,1255
private,petrol,6507,No,2,['Plastic'],99,never,4220
public,No Vehicle,830,Sometimes,1,['Metal'],136,very frequently,2175
private,hybrid,8951,No,7,[],174,very frequently,5474
walk/bicycle,No Vehicle,62,Yes,7,"['Paper', 'Plastic']",293,never,1993
public,No Vehicle,120,No,4,"['Plastic', 'Glass']",74,very frequently,2402
private,petrol,2620,Sometimes,7,"['Paper', 'Plastic']",93,frequently,2865
walk/bicycle,No Vehicle,95,No,4,"['Plastic', 'Metal']",166,rarely,1587
private,hybrid,6615,Yes,5,['Plastic'],243,frequently,4178
walk/bicycle,No Vehicle,61,Yes,3,"['Paper', 'Glass', 'Metal']",86,never,1792
private,petrol,5009,Yes,4,"['Plastic', 'Metal']",255,rarely,3223
private,petrol,7493,No,1,"['Glass', 'Metal']",145,very frequently,6438
private,hybrid,4045,Sometimes,4,"['Paper', 'Glass', 'Metal']",104,very frequently,3166
walk/bicycle,No Vehicle,24,Sometimes,2,"['Plastic', 'Glass', 'Metal']",278,never,1284
public,No Vehicle,1328,No,1,['Paper'],148,frequently,1493
public,No Vehicle,839,No,5,"['Paper', 'Metal']",216,rarely,2735
private,petrol,6014,No,1,['Glass'],126,frequently,3397
public,No Vehicle,359,Sometimes,5,"['Plastic', 'Glass']",63,very frequently,2611
public,No Vehicle,1839,Yes,2,"['Glass', 'Metal']",150,frequently,1478
public,No Vehicle,929,No,7,"['Paper', 'Plastic', 'Glass']",253,very frequently,2917
walk/bicycle,No Vehicle,61,No,5,['Metal'],212,frequently,2442
private,diesel,9089,Sometimes,2,"['Plastic', 'Glass']",79,never,4144
walk/bicycle,No Vehicle,46,Sometimes,5,"['Paper', 'Plastic', 'Metal']",181,never,1078
public,No Vehicle,1814,Sometimes,2,"['Paper', 'Plastic', 'Glass']",202,never,1161
public,No Vehicle,333,Yes,6,['Glass'],189,never,2363
public,No Vehicle,1389,No,7,['Plastic'],253,never,1926
public,No Vehicle,40,Yes,7,"['Paper', 'Glass', 'Metal']",76,rarely,1530
walk/bicycle,No Vehicle,8,Sometimes,7,"['Paper', 'Metal']",128,frequently,1534
walk/bicycle,No Vehicle,39,Sometimes,7,"['Plastic', 'Metal']",84,rarely,1325
public,No Vehicle,1435,Yes,4,"['Paper', 'Glass']",171,very frequently,2262
public,No Vehicle,104,Yes,5,"['Plastic', 'Glass']",263,frequently,2213
public,No Vehicle,1500,Sometimes,5,['Metal'],241,very frequently,3141
walk/bicycle,No Vehicle,21,Sometimes,6,"['Paper', 'Plastic', 'Metal']",261,never,1704
walk/bicycle,No Vehicle,60,Yes,4,"['Paper', 'Metal']",126,rarely,1479
private,electric,1018,Sometimes,2,['Paper'],85,frequently,1999
walk/bicycle,No Vehicle,49,No,1,"['Plastic', 'Glass']",255,frequently,2534
public,No Vehicle,370,Sometimes,7,"['Paper', 'Plastic', 'Glass']",217,never,2037
walk/bicycle,No Vehicle,91,Sometimes,3,"['Paper', 'Glass']",218,never,1122
public,No Vehicle,1318,Yes,2,"['Paper', 'Plastic', 'Glass', 'Metal']",101,very frequently,1723
private,lpg,9953,Yes,6,"['Paper', 'Plastic']",109,rarely,5416
public,No Vehicle,1311,No,2,"['Plastic', 'Glass', 'Metal']",282,never,1685
private,lpg,6415,Yes,1,"['Plastic', 'Glass']",232,very frequently,5267
walk/bicycle,No Vehicle,20,Yes,4,"['Paper', 'Glass', 'Metal']",102,frequently,1827
private,petrol,6229,No,3,['Paper'],82,rarely,3234
public,No Vehicle,827,Yes,7,"['Glass', 'Metal']",245,never,1433
private,hybrid,4193,Yes,4,"['Glass', 'Metal']",91,frequently,2263
walk/bicycle,No Vehicle,37,Yes,3,['Metal'],177,never,1433
walk/bicycle,No Vehicle,96,Sometimes,2,"['Paper', 'Metal']",74,very frequently,2235
walk/bicycle,No Vehicle,7,No,3,"['Plastic', 'Metal']",54,frequently,1414
public,No Vehicle,535,No,5,"['Plastic', 'Glass']",285,rarely,2237
private,lpg,135,No,3,"['Paper', 'Plastic', 'Metal']",252,very frequently,2373
private,diesel,3983,Yes,4,['Metal'],151,rarely,2307
private,diesel,8328,Sometimes,3,['Metal'],156,frequently,3164
walk/bicycle,No Vehicle,38,Sometimes,2,['Glass'],63,never,692
private,lpg,8163,No,2,"['Plastic', 'Glass']",209,very frequently,4615
private,electric,2728,No,3,['Glass'],157,never,2141
private,electric,3695,No,5,"['Paper', 'Plastic', 'Metal']",275,very frequently,1894
walk/bicycle,No Vehicle,83,No,4,"['Paper', 'Glass', 'Metal']",50,never,930
walk/bicycle,No Vehicle,3,Yes,6,"['Plastic', 'Metal']",209,very frequently,2645
walk/bicycle,No Vehicle,64,Sometimes,7,"['Glass', 'Metal']",106,never,1364
private,hybrid,7678,No,7,"['Paper', 'Plastic', 'Metal']",252,very frequently,3708
walk/bicycle,No Vehicle,19,Sometimes,5,"['Paper', 'Plastic']",78,frequently,2336
private,hybrid,3252,No,1,"['Paper', 'Metal']",193,rarely,1422
walk/bicycle,No Vehicle,60,No,6,"['Plastic', 'Glass']",125,frequently,1797
walk/bicycle,No Vehicle,71,No,2,"['Paper', 'Plastic', 'Metal']",192,very frequently,2118
private,petrol,3038,No,2,['Plastic'],115,rarely,2764
walk/bicycle,No Vehicle,26,Yes,7,['Paper'],226,very frequently,3678
private,lpg,7367,Yes,6,"['Paper', 'Plastic', 'Glass']",105,very frequently,5696
public,No Vehicle,52,Yes,1,"['Paper', 'Glass']",147,never,495
walk/bicycle,No Vehicle,17,Yes,1,['Plastic'],152,very frequently,2539
private,lpg,6738,Sometimes,4,"['Paper', 'Glass', 'Metal']",295,very frequently,6355
walk/bicycle,No Vehicle,42,Sometimes,5,"['Plastic', 'Glass', 'Metal']",184,frequently,1608
walk/bicycle,No Vehicle,86,No,3,"['Paper', 'Glass']",224,frequently,1527
walk/bicycle,No Vehicle,23,Sometimes,4,"['Paper', 'Plastic']",269,very frequently,2398
walk/bicycle,No Vehicle,44,Yes,4,"['Paper', 'Plastic']",194,very frequently,2110
walk/bicycle,No Vehicle,68,No,2,"['Paper', 'Plastic', 'Metal']",275,rarely,1221
walk/bicycle,No Vehicle,62,No,7,"['Paper', 'Glass', 'Metal']",277,rarely,1548
walk/bicycle,No Vehicle,14,Sometimes,2,"['Paper', 'Plastic']",276,frequently,2390
walk/bicycle,No Vehicle,18,No,4,['Metal'],98,rarely,1010
walk/bicycle,No Vehicle,93,Yes,5,"['Plastic', 'Metal']",265,never,1558
private,petrol,5067,Yes,1,"['Paper', 'Plastic', 'Metal']",164,never,2983
public,No Vehicle,1034,Sometimes,5,"['Paper', 'Plastic', 'Glass']",118,rarely,2007
walk/bicycle,No Vehicle,35,No,7,"['Paper', 'Plastic', 'Metal']",104,rarely,1212
private,diesel,6972,Yes,1,"['Paper', 'Plastic']",247,never,2632
walk/bicycle,No Vehicle,84,Yes,5,"['Plastic', 'Glass']",275,very frequently,2927
private,diesel,9351,No,3,"['Paper', 'Plastic', 'Glass', 'Metal']",274,frequently,3844
public,No Vehicle,271,No,7,"['Paper', 'Plastic', 'Metal']",145,frequently,1744
walk/bicycle,No Vehicle,6,Yes,5,['Paper'],295,rarely,3079
public,No Vehicle,62,Sometimes,2,['Paper'],260,very frequently,1983
walk/bicycle,No Vehicle,24,Sometimes,3,['Metal'],287,never,1087
private,lpg,9811,Yes,3,"['Plastic', 'Glass', 'Metal']",61,frequently,3898
walk/bicycle,No Vehicle,76,Sometimes,7,[],195,rarely,2225
public,No Vehicle,1154,Yes,6,"['Paper', 'Plastic', 'Metal']",67,never,880
public,No Vehicle,1645,Sometimes,4,"['Plastic', 'Glass', 'Metal']",122,frequently,2199
walk/bicycle,No Vehicle,73,No,6,[],121,never,1501
walk/bicycle,No Vehicle,21,No,5,"['Paper', 'Plastic', 'Metal']",294,never,2104
public,No Vehicle,179,Sometimes,5,"['Paper', 'Plastic', 'Metal']",243,very frequently,2441
private,hybrid,5618,Yes,6,"['Paper', 'Plastic', 'Glass', 'Metal']",284,never,1758
private,petrol,5872,Sometimes,3,"['Paper', 'Metal']",198,rarely,3627
public,No Vehicle,964,Sometimes,5,"['Glass', 'Metal']",208,very frequently,3640
private,electric,1921,Sometimes,2,"['Paper', 'Plastic', 'Metal']",299,frequently,1892
public,No Vehicle,1642,Sometimes,3,[],68,rarely,1443
walk/bicycle,No Vehicle,67,Sometimes,5,[],78,frequently,1951
public,No Vehicle,1828,No,7,['Metal'],242,frequently,2031
walk/bicycle,No Vehicle,17,Yes,3,['Metal'],262,rarely,1950
walk/bicycle,No Vehicle,64,No,2,"['Paper', 'Glass']",173,never,824
walk/bicycle,No Vehicle,45,Yes,2,"['Glass', 'Metal']",286,very frequently,1947
walk/bicycle,No Vehicle,26,Yes,4,"['Plastic', 'Glass', 'Metal']",94,very frequently,2401
private,lpg,4730,Yes,4,"['Plastic', 'Glass', 'Metal']",158,frequently,2210
public,No Vehicle,516,Sometimes,6,"['Paper', 'Plastic']",114,never,806
private,electric,9149,Sometimes,5,"['Paper', 'Glass']",153,frequently,2260
walk/bicycle,No Vehicle,71,Yes,3,"['Paper', 'Glass', 'Metal']",241,very frequently,2265
walk/bicycle,No Vehicle,38,Sometimes,3,"['Plastic', 'Glass', 'Metal']",223,very frequently,2786
private,petrol,3962,Sometimes,6,"['Plastic', 'Glass']",259,rarely,2799
private,petrol,2622,No,4,"['Paper', 'Glass']",181,rarely,1782
public,No Vehicle,656,Yes,1,['Plastic'],294,very frequently,2696
walk/bicycle,No Vehicle,67,No,1,['Plastic'],142,rarely,1702
public,No Vehicle,383,Yes,4,['Glass'],202,never,1160
public,No Vehicle,1133,Sometimes,1,"['Plastic', 'Glass']",74,rarely,1201
walk/bicycle,No Vehicle,69,No,1,"['Paper', 'Plastic', 'Metal']",296,rarely,1490
walk/bicycle,No Vehicle,48,No,3,['Glass'],293,very frequently,2359
walk/bicycle,No Vehicle,32,Yes,1,"['Paper', 'Glass']",293,rarely,1337
walk/bicycle,No Vehicle,45,Sometimes,2,"['Plastic', 'Glass']",255,never,1116
walk/bicycle,No Vehicle,88,Yes,3,"['Plastic', 'Glass']",54,rarely,867
walk/bicycle,No Vehicle,94,Yes,7,"['Paper', 'Plastic']",153,never,1970
public,No Vehicle,1102,Sometimes,5,"['Plastic', 'Glass']",80,rarely,1092
public,No Vehicle,412,No,6,"['Paper', 'Plastic', 'Glass']",83,never,1151
public,No Vehicle,1229,Yes,7,"['Paper', 'Plastic', 'Glass']",289,frequently,1461
private,electric,6933,Sometimes,7,['Plastic'],122,frequently,2790
walk/bicycle,No Vehicle,17,Yes,1,[],84,very frequently,2314
public,No Vehicle,335,Yes,6,"['Paper', 'Metal']",176,very frequently,2892
public,No Vehicle,995,Yes,5,"['Paper', 'Plastic', 'Glass']",268,frequently,2220
public,No Vehicle,626,No,2,"['Plastic', 'Glass', 'Metal']",248,very frequently,2380
walk/bicycle,No Vehicle,50,No,1,"['Paper', 'Plastic', 'Metal']",162,very frequently,1815
walk/bicycle,No Vehicle,11,No,1,"['Paper', 'Glass', 'Metal']",199,never,1504
walk/bicycle,No Vehicle,53,Yes,6,"['Paper', 'Metal']",124,never,1419
public,No Vehicle,1527,No,2,[],87,never,1577
walk/bicycle,No Vehicle,60,Yes,2,['Metal'],271,rarely,1040
walk/bicycle,No Vehicle,46,Sometimes,6,"['Paper', 'Plastic', 'Glass']",143,never,569
public,No Vehicle,185,Sometimes,7,['Metal'],77,never,1458
public,No Vehicle,24,Yes,1,['Plastic'],125,very frequently,2955
private,hybrid,2314,No,5,[],82,very frequently,3816
public,No Vehicle,1582,No,3,"['Plastic', 'Glass', 'Metal']",194,very frequently,2393
private,lpg,9857,Sometimes,6,"['Paper', 'Glass', 'Metal']",276,rarely,6233
private,petrol,2799,Yes,5,['Plastic'],228,frequently,3363
public,No Vehicle,1006,Yes,2,['Plastic'],211,never,1784
walk/bicycle,No Vehicle,56,Yes,2,['Glass'],227,frequently,2421
walk/bicycle,No Vehicle,90,Sometimes,5,"['Plastic', 'Metal']",122,never,1741
private,petrol,9947,Sometimes,3,"['Glass', 'Metal']",69,very frequently,5557
public,No Vehicle,1510,No,3,['Metal'],118,very frequently,2354
private,petrol,8270,Sometimes,4,"['Paper', 'Metal']",154,rarely,3751
walk/bicycle,No Vehicle,97,Yes,2,['Plastic'],271,very frequently,2492
public,No Vehicle,498,No,1,[],216,frequently,2500
walk/bicycle,No Vehicle,85,No,2,"['Plastic', 'Glass', 'Metal']",226,very frequently,2280
public,No Vehicle,466,Yes,2,"['Paper', 'Plastic', 'Glass', 'Metal']",141,rarely,1091
public,No Vehicle,1557,Yes,1,['Plastic'],84,never,1488
walk/bicycle,No Vehicle,43,Sometimes,1,"['Paper', 'Glass', 'Metal']",288,very frequently,2603
private,electric,5589,No,2,"['Paper', 'Plastic', 'Metal']",57,very frequently,2056
public,No Vehicle,98,Sometimes,4,"['Glass', 'Metal']",59,very frequently,2157
walk/bicycle,No Vehicle,82,Yes,5,[],207,frequently,1297
private,petrol,5562,Sometimes,7,"['Plastic', 'Metal']",239,very frequently,3969
public,No Vehicle,891,No,7,"['Plastic', 'Glass']",197,never,1495
walk/bicycle,No Vehicle,40,Yes,7,['Metal'],179,very frequently,3543
public,No Vehicle,1941,Sometimes,5,"['Paper', 'Plastic', 'Glass']",207,very frequently,2798
walk/bicycle,No Vehicle,10,Yes,3,"['Paper', 'Plastic', 'Glass']",292,never,1460
private,electric,3632,Yes,7,[],210,rarely,2014
public,No Vehicle,1488,Sometimes,1,"['Paper', 'Glass']",204,never,596
walk/bicycle,No Vehicle,21,Yes,4,"['Glass', 'Metal']",156,frequently,1486
private,hybrid,2991,Sometimes,1,['Plastic'],133,frequently,1740
public,No Vehicle,304,Yes,2,"['Paper', 'Metal']",166,never,1078
walk/bicycle,No Vehicle,68,Yes,3,[],191,frequently,1252
walk/bicycle,No Vehicle,99,Sometimes,1,"['Plastic', 'Glass']",126,never,972
private,hybrid,8099,Yes,1,"['Paper', 'Plastic']",247,very frequently,2924
private,lpg,2683,No,3,"['Paper', 'Plastic', 'Glass', 'Metal']",218,rarely,1656
private,hybrid,6802,No,4,"['Paper', 'Plastic', 'Metal']",104,very frequently,4154
public,No Vehicle,1012,Sometimes,4,['Glass'],232,never,1542
walk/bicycle,No Vehicle,64,Yes,5,['Paper'],219,rarely,1252
public,No Vehicle,54,Yes,6,"['Paper', 'Metal']",290,frequently,2044
private,petrol,2336,Sometimes,1,"['Paper', 'Plastic', 'Metal']",239,never,2400
private,petrol,294,No,7,['Paper'],65,never,1299
public,No Vehicle,1571,Sometimes,7,"['Paper', 'Plastic']",150,rarely,904
public,No Vehicle,1076,No,5,"['Paper', 'Plastic', 'Glass', 'Metal']",97,frequently,2175
private,lpg,768,Yes,4,"['Glass', 'Metal']",61,very frequently,2961
public,No Vehicle,1773,Sometimes,7,"['Paper', 'Metal']",192,frequently,2876
walk/bicycle,No Vehicle,52,Sometimes,1,"['Paper', 'Glass']",90,very frequently,3343
public,No Vehicle,1346,Sometimes,1,"['Paper', 'Glass', 'Metal']",290,rarely,1192
walk/bicycle,No Vehicle,24,No,4,"['Paper', 'Metal']",242,frequently,1246
walk/bicycle,No Vehicle,39,Yes,3,"['Paper', 'Plastic', 'Metal']",246,very frequently,2262
public,No Vehicle,909,Yes,5,['Plastic'],220,rarely,1340
public,No Vehicle,1136,Yes,6,"['Plastic', 'Glass', 'Metal']",242,never,1143
public,No Vehicle,1016,No,7,['Plastic'],76,frequently,2355
private,lpg,2264,No,6,['Paper'],232,frequently,3303
private,electric,4327,Yes,2,"['Plastic', 'Metal']",118,never,1193
walk/bicycle,No Vehicle,1,Sometimes,7,"['Plastic', 'Metal']",124,very frequently,3149
walk/bicycle,No Vehicle,6,Yes,1,['Metal'],160,never,1367
walk/bicycle,No Vehicle,80,Sometimes,4,"['Paper', 'Plastic', 'Glass', 'Metal']",199,never,1105
public,No Vehicle,38,Yes,5,"['Plastic', 'Metal']",219,frequently,1734
private,hybrid,2976,Sometimes,1,['Glass'],102,very frequently,2746
public,No Vehicle,992,Sometimes,1,"['Paper', 'Plastic', 'Glass', 'Metal']",65,frequently,1506
private,petrol,1807,Yes,4,"['Paper', 'Glass']",115,frequently,1985
private,diesel,8358,Sometimes,6,"['Paper', 'Plastic', 'Glass', 'Metal']",258,rarely,3301
private,electric,2705,Yes,2,[],203,frequently,2080
private,diesel,9156,No,1,"['Glass', 'Metal']",247,very frequently,4232
walk/bicycle,No Vehicle,33,Sometimes,2,['Plastic'],61,rarely,1639
private,electric,6465,Sometimes,7,"['Plastic', 'Glass']",268,never,919
walk/bicycle,No Vehicle,5,Yes,3,"['Plastic', 'Glass', 'Metal']",139,never,554
walk/bicycle,No Vehicle,69,Sometimes,5,[],164,very frequently,2692
private,diesel,9198,No,4,"['Paper', 'Plastic']",58,never,3238
walk/bicycle,No Vehicle,77,No,7,"['Glass', 'Metal']",283,very frequently,3847
private,petrol,7723,Sometimes,4,"['Plastic', 'Glass']",128,very frequently,5279
private,petrol,3227,No,7,"['Paper', 'Plastic']",71,frequently,3122
private,lpg,8526,Sometimes,6,"['Paper', 'Glass', 'Metal']",213,very frequently,5516
private,petrol,7363,Sometimes,6,"['Paper', 'Metal']",140,frequently,4480
public,No Vehicle,1298,No,5,"['Paper', 'Plastic', 'Glass']",255,very frequently,3765
walk/bicycle,No Vehicle,17,No,3,"['Paper', 'Plastic', 'Glass', 'Metal']",139,rarely,1454
walk/bicycle,No Vehicle,68,Sometimes,1,"['Plastic', 'Metal']",135,never,705
private,diesel,5794,Yes,2,[],176,rarely,2969
walk/bicycle,No Vehicle,24,Sometimes,7,"['Plastic', 'Glass', 'Metal']",145,frequently,1631
public,No Vehicle,692,No,7,"['Paper', 'Plastic']",94,rarely,1263
private,petrol,1126,Yes,3,"['Paper', 'Glass', 'Metal']",280,very frequently,2803
walk/bicycle,No Vehicle,11,Yes,7,"['Paper', 'Glass', 'Metal']",142,never,1382
public,No Vehicle,1593,Sometimes,7,['Metal'],271,rarely,1522
walk/bicycle,No Vehicle,14,No,2,"['Paper', 'Glass', 'Metal']",141,frequently,1786
public,No Vehicle,1523,Sometimes,6,"['Paper', 'Plastic', 'Glass']",134,rarely,1644
public,No Vehicle,341,Sometimes,3,"['Paper', 'Plastic', 'Glass']",215,never,936
private,petrol,11,Sometimes,6,"['Glass', 'Metal']",69,never,1270
private,petrol,1616,Yes,2,"['Glass', 'Metal']",130,frequently,2143
private,diesel,570,Yes,5,"['Plastic', 'Metal']",207,rarely,1265
walk/bicycle,No Vehicle,19,Sometimes,5,"['Paper', 'Plastic', 'Glass', 'Metal']",257,rarely,1401
walk/bicycle,No Vehicle,50,Yes,5,['Metal'],234,very frequently,2025
walk/bicycle,No Vehicle,93,Yes,5,['Paper'],247,rarely,2307
walk/bicycle,No Vehicle,60,No,5,"['Plastic', 'Metal']",170,never,1820
private,hybrid,3160,No,2,"['Plastic', 'Glass']",212,rarely,1688
walk/bicycle,No Vehicle,78,Sometimes,5,"['Plastic', 'Glass', 'Metal']",278,very frequently,2708
private,diesel,7321,Yes,6,"['Paper', 'Plastic', 'Glass', 'Metal']",141,frequently,2817
public,No Vehicle,201,Sometimes,6,['Glass'],111,rarely,1765
private,hybrid,4273,No,4,"['Paper', 'Plastic']",251,rarely,2386
walk/bicycle,No Vehicle,40,Sometimes,5,['Glass'],95,never,1376
walk/bicycle,No Vehicle,28,Sometimes,2,"['Glass', 'Metal']",182,never,849
private,petrol,5844,Yes,6,"['Plastic', 'Glass']",263,rarely,3866
walk/bicycle,No Vehicle,13,Sometimes,3,['Paper'],225,never,1241
private,lpg,9280,Sometimes,2,"['Plastic', 'Glass']",293,very frequently,5238
private,electric,5917,Yes,6,"['Plastic', 'Glass', 'Metal']",105,very frequently,3328
private,diesel,3498,Yes,1,"['Paper', 'Plastic', 'Glass']",134,rarely,1697
public,No Vehicle,817,Sometimes,4,[],211,very frequently,3379
public,No Vehicle,667,Yes,5,"['Paper', 'Glass']",165,rarely,928
public,No Vehicle,727,No,7,['Paper'],260,rarely,2194
walk/bicycle,No Vehicle,77,No,2,"['Plastic', 'Metal']",191,frequently,2107
public,No Vehicle,4,Sometimes,7,[],82,frequently,3151
public,No Vehicle,183,Yes,1,[],156,very frequently,2304
private,hybrid,4023,No,5,['Glass'],61,frequently,2904
public,No Vehicle,1815,No,1,"['Paper', 'Metal']",175,rarely,1043
walk/bicycle,No Vehicle,81,Yes,5,"['Paper', 'Glass', 'Metal']",268,frequently,2015
public,No Vehicle,1104,No,2,"['Plastic', 'Glass']",113,very frequently,2061
walk/bicycle,No Vehicle,93,No,2,[],58,very frequently,2592
private,lpg,7657,Yes,4,"['Glass', 'Metal']",240,never,3038
walk/bicycle,No Vehicle,53,Sometimes,1,"['Paper', 'Plastic', 'Glass']",68,frequently,1452
walk/bicycle,No Vehicle,87,Sometimes,5,"['Glass', 'Metal']",223,never,1131
public,No Vehicle,520,Yes,5,"['Paper', 'Plastic', 'Glass', 'Metal']",168,very frequently,1671
public,No Vehicle,494,Yes,2,"['Plastic', 'Metal']",111,rarely,843
private,petrol,8406,Sometimes,4,['Glass'],257,rarely,4761
private,diesel,4130,Yes,4,[],159,rarely,2808
private,electric,4004,No,4,"['Plastic', 'Metal']",218,never,1674
private,electric,7726,Yes,3,"['Plastic', 'Glass']",109,frequently,2006
walk/bicycle,No Vehicle,15,Yes,2,['Paper'],236,very frequently,2209
public,No Vehicle,190,Yes,3,[],165,rarely,2157
private,petrol,9324,Yes,7,"['Paper', 'Plastic', 'Metal']",231,never,4456
public,No Vehicle,1047,Sometimes,3,"['Paper', 'Glass', 'Metal']",234,frequently,1486
public,No Vehicle,1188,Yes,3,['Glass'],166,rarely,1801
private,diesel,6317,Sometimes,2,"['Paper', 'Plastic']",239,very frequently,4423
walk/bicycle,No Vehicle,87,Yes,5,['Paper'],288,frequently,1979
public,No Vehicle,383,Yes,6,['Metal'],225,frequently,2989
walk/bicycle,No Vehicle,9,Yes,4,['Metal'],162,frequently,2305
private,hybrid,159,No,3,"['Paper', 'Plastic', 'Glass']",101,frequently,2155
private,diesel,1272,No,5,['Metal'],59,never,1731
walk/bicycle,No Vehicle,16,No,5,['Plastic'],226,very frequently,2747
private,electric,1123,Yes,2,"['Glass', 'Metal']",226,never,1395
public,No Vehicle,1000,Yes,4,['Glass'],264,frequently,1932
private,hybrid,1444,No,5,['Metal'],280,rarely,1454
public,No Vehicle,1973,No,4,"['Paper', 'Plastic', 'Glass', 'Metal']",205,never,2073
public,No Vehicle,687,No,7,"['Plastic', 'Glass', 'Metal']",161,rarely,2568
walk/bicycle,No Vehicle,71,Sometimes,5,['Plastic'],295,very frequently,2670
private,hybrid,1702,Sometimes,7,['Glass'],195,very frequently,3289
walk/bicycle,No Vehicle,68,No,4,"['Paper', 'Metal']",215,very frequently,3331
public,No Vehicle,840,No,5,"['Plastic', 'Metal']",253,frequently,2218
walk/bicycle,No Vehicle,86,Sometimes,6,[],85,never,1545
public,No Vehicle,80,No,4,"['Plastic', 'Metal']",145,never,1241
walk/bicycle,No Vehicle,38,No,6,[],136,never,2545
private,lpg,6906,No,4,['Paper'],177,rarely,3046
public,No Vehicle,761,Yes,6,['Paper'],122,frequently,1476
public,No Vehicle,282,Yes,5,"['Plastic', 'Glass', 'Metal']",162,rarely,1104
public,No Vehicle,450,No,3,"['Paper', 'Plastic']",183,frequently,2712
public,No Vehicle,959,Sometimes,3,"['Paper', 'Plastic']",118,never,848
public,No Vehicle,528,No,2,"['Glass', 'Metal']",266,very frequently,2820
public,No Vehicle,62,No,7,"['Paper', 'Metal']",213,frequently,1610
private,diesel,9446,Sometimes,3,"['Paper', 'Glass']",291,very frequently,4042
public,No Vehicle,731,Yes,3,"['Plastic', 'Glass']",141,very frequently,2276
private,diesel,4244,No,1,['Plastic'],254,frequently,2894
walk/bicycle,No Vehicle,19,No,5,[],115,rarely,1351
public,No Vehicle,1140,Sometimes,6,"['Plastic', 'Metal']",287,frequently,2018
private,diesel,2466,No,7,"['Paper', 'Glass', 'Metal']",266,very frequently,2631
walk/bicycle,No Vehicle,86,Sometimes,1,"['Plastic', 'Metal']",254,never,1238
private,petrol,2388,No,3,"['Plastic', 'Glass']",289,never,2362
public,No Vehicle,216,No,5,"['Plastic', 'Metal']",271,frequently,2448
public,No Vehicle,441,Yes,7,"['Plastic', 'Metal']",244,frequently,2262
public,No Vehicle,1398,Sometimes,1,"['Plastic', 'Metal']",243,frequently,1509
public,No Vehicle,564,Yes,2,['Paper'],108,rarely,1336
walk/bicycle,No Vehicle,82,Yes,7,"['Paper', 'Glass']",287,frequently,2474
walk/bicycle,No Vehicle,89,Sometimes,4,[],130,very frequently,2545
private,lpg,3400,Yes,6,"['Plastic', 'Glass']",139,very frequently,3731
private,diesel,2451,Yes,7,"['Paper', 'Plastic']",276,rarely,2055
private,electric,9197,No,5,"['Paper', 'Plastic', 'Glass', 'Metal']",112,very frequently,3270
private,diesel,3316,No,6,"['Plastic', 'Glass']",80,rarely,2458
public,No Vehicle,1802,Sometimes,1,"['Paper', 'Plastic', 'Metal']",172,never,863
public,No Vehicle,74,Sometimes,5,"['Paper', 'Plastic', 'Metal']",76,never,1087
walk/bicycle,No Vehicle,71,Sometimes,6,"['Paper', 'Plastic', 'Metal']",113,rarely,1710
walk/bicycle,No Vehicle,95,Sometimes,5,"['Paper', 'Plastic', 'Metal']",129,frequently,3043
public,No Vehicle,729,No,6,['Metal'],296,never,2032
public,No Vehicle,1713,No,1,"['Plastic', 'Glass', 'Metal']",112,frequently,2668
walk/bicycle,No Vehicle,44,Yes,3,['Plastic'],197,never,1616
walk/bicycle,No Vehicle,56,Sometimes,4,"['Plastic', 'Metal']",139,never,1042
public,No Vehicle,1506,Sometimes,4,"['Paper', 'Plastic']",212,never,1946
walk/bicycle,No Vehicle,75,No,3,['Paper'],293,frequently,2422
private,lpg,6807,Sometimes,6,"['Plastic', 'Metal']",267,frequently,4709
private,lpg,7460,No,6,['Metal'],105,very frequently,4264
private,electric,5108,Yes,3,"['Plastic', 'Metal']",297,very frequently,1975
public,No Vehicle,1243,No,4,['Metal'],277,very frequently,2151
public,No Vehicle,840,Sometimes,6,"['Paper', 'Glass', 'Metal']",275,never,1319
private,lpg,1452,No,4,"['Glass', 'Metal']",293,never,1619
private,diesel,5013,No,3,['Glass'],69,very frequently,3961
private,hybrid,2392,No,4,"['Glass', 'Metal']",53,very frequently,2929
walk/bicycle,No Vehicle,70,Yes,4,"['Paper', 'Plastic', 'Glass', 'Metal']",261,rarely,1451
private,hybrid,3364,Sometimes,1,"['Paper', 'Plastic', 'Glass', 'Metal']",102,never,1037
private,petrol,6372,Yes,1,"['Paper', 'Plastic', 'Metal']",159,never,3737
public,No Vehicle,1212,Yes,5,"['Paper', 'Plastic']",210,frequently,1423
public,No Vehicle,958,Yes,7,"['Paper', 'Glass', 'Metal']",153,never,1293
walk/bicycle,No Vehicle,13,Yes,6,"['Plastic', 'Glass']",248,very frequently,1890
private,hybrid,4354,Sometimes,1,[],240,very frequently,3766
walk/bicycle,No Vehicle,40,Sometimes,3,"['Paper', 'Plastic', 'Glass', 'Metal']",106,frequently,1390
walk/bicycle,No Vehicle,83,No,6,"['Paper', 'Metal']",141,never,1260
public,No Vehicle,293,No,5,"['Glass', 'Metal']",207,frequently,1886
walk/bicycle,No Vehicle,83,Yes,5,"['Paper', 'Glass']",99,frequently,1440
walk/bicycle,No Vehicle,26,Sometimes,4,"['Paper', 'Plastic']",161,rarely,1542
public,No Vehicle,2000,No,7,"['Plastic', 'Glass', 'Metal']",133,frequently,1944
private,diesel,4242,Sometimes,5,"['Plastic', 'Glass']",270,never,2859
public,No Vehicle,784,Sometimes,5,"['Glass', 'Metal']",63,never,862
private,electric,1015,No,7,"['Plastic', 'Glass']",101,very frequently,2506
walk/bicycle,No Vehicle,11,Sometimes,5,"['Paper', 'Plastic', 'Glass', 'Metal']",186,very frequently,1964
walk/bicycle,No Vehicle,48,No,5,['Plastic'],226,frequently,2154
public,No Vehicle,971,No,1,"['Plastic', 'Glass']",72,rarely,1211
walk/bicycle,No Vehicle,0,No,5,['Metal'],100,frequently,1413
walk/bicycle,No Vehicle,9,Sometimes,3,['Glass'],276,never,1836
public,No Vehicle,1863,No,4,['Metal'],184,never,1615
walk/bicycle,No Vehicle,96,No,6,[],97,never,1556
private,lpg,5437,Yes,1,"['Plastic', 'Glass']",194,never,2608
public,No Vehicle,1759,Sometimes,5,['Glass'],217,rarely,1764
private,lpg,5891,Yes,2,"['Paper', 'Metal']",283,frequently,2538
walk/bicycle,No Vehicle,14,Sometimes,2,"['Paper', 'Metal']",71,never,1182
public,No Vehicle,1745,No,3,"['Paper', 'Plastic', 'Metal']",165,frequently,1715
public,No Vehicle,102,Yes,4,"['Plastic', 'Glass', 'Metal']",272,frequently,1548
public,No Vehicle,1456,No,6,"['Plastic', 'Glass']",70,frequently,2249
private,diesel,9487,Yes,7,"['Paper', 'Glass']",192,rarely,4261
public,No Vehicle,1572,Yes,7,"['Paper', 'Glass']",80,never,1214
walk/bicycle,No Vehicle,49,Sometimes,4,"['Paper', 'Glass', 'Metal']",63,rarely,1371
private,petrol,5737,Sometimes,4,[],134,very frequently,5565
private,hybrid,6770,Yes,5,"['Paper', 'Plastic']",168,rarely,2459
walk/bicycle,No Vehicle,7,No,6,"['Paper', 'Plastic']",95,never,1072
private,diesel,9523,Yes,2,"['Plastic', 'Metal']",284,never,4822
private,petrol,5131,Sometimes,4,"['Paper', 'Plastic', 'Glass', 'Metal']",282,rarely,3153
walk/bicycle,No Vehicle,68,Yes,6,"['Paper', 'Glass', 'Metal']",272,rarely,1059
walk/bicycle,No Vehicle,86,Yes,5,['Paper'],173,very frequently,3703
public,No Vehicle,1257,Yes,2,"['Paper', 'Glass']",242,frequently,1886
private,electric,6685,No,7,"['Paper', 'Plastic', 'Glass', 'Metal']",248,rarely,1372
walk/bicycle,No Vehicle,24,No,3,['Paper'],152,rarely,1218
private,lpg,58,No,3,"['Paper', 'Glass']",241,never,1372
walk/bicycle,No Vehicle,1,Sometimes,3,['Plastic'],77,never,1325
public,No Vehicle,653,No,4,"['Paper', 'Glass']",82,frequently,2391
public,No Vehicle,1773,Sometimes,6,['Paper'],148,rarely,1731
public,No Vehicle,1958,Yes,5,"['Plastic', 'Glass']",268,frequently,2851
private,lpg,4717,No,3,[],85,never,2412
walk/bicycle,No Vehicle,18,No,5,"['Glass', 'Metal']",264,rarely,880
private,electric,1187,Sometimes,6,"['Plastic', 'Glass']",136,very frequently,2358
walk/bicycle,No Vehicle,19,No,3,"['Plastic', 'Metal']",297,very frequently,2125
private,electric,7195,No,3,"['Paper', 'Plastic', 'Glass', 'Metal']",128,frequently,1899
private,electric,5476,Sometimes,4,"['Plastic', 'Glass', 'Metal']",75,never,1541
public,No Vehicle,1591,Sometimes,4,['Metal'],141,never,1526
walk/bicycle,No Vehicle,66,Sometimes,2,"['Paper', 'Plastic', 'Glass']",163,never,690
walk/bicycle,No Vehicle,83,No,3,['Glass'],147,rarely,2130
walk/bicycle,No Vehicle,72,No,4,['Metal'],84,frequently,2224
walk/bicycle,No Vehicle,16,Sometimes,3,['Glass'],82,very frequently,1814
public,No Vehicle,481,Sometimes,7,"['Paper', 'Plastic', 'Metal']",276,never,1101
private,diesel,578,No,5,"['Paper', 'Glass', 'Metal']",123,frequently,1384
public,No Vehicle,946,Yes,6,"['Paper', 'Plastic', 'Glass', 'Metal']",79,frequently,2005
walk/bicycle,No Vehicle,12,Yes,6,"['Paper', 'Plastic', 'Glass', 'Metal']",62,very frequently,2165
private,hybrid,8768,Yes,4,"['Plastic', 'Glass', 'Metal']",76,rarely,2342
private,electric,4661,No,7,"['Paper', 'Glass']",179,very frequently,2002
public,No Vehicle,1585,Sometimes,5,"['Plastic', 'Glass', 'Metal']",284,never,1306
walk/bicycle,No Vehicle,96,Yes,7,"['Paper', 'Plastic', 'Glass']",76,frequently,1202
public,No Vehicle,398,Sometimes,4,"['Plastic', 'Glass', 'Metal']",217,very frequently,2547
walk/bicycle,No Vehicle,63,Sometimes,2,"['Glass', 'Metal']",156,rarely,1437
public,No Vehicle,335,Sometimes,6,['Paper'],103,frequently,2191
private,hybrid,8679,Yes,6,"['Plastic', 'Glass', 'Metal']",221,frequently,3891
walk/bicycle,No Vehicle,8,No,7,"['Paper', 'Glass', 'Metal']",180,never,1558
public,No Vehicle,640,Yes,5,"['Paper', 'Plastic', 'Metal']",176,very frequently,3498
private,petrol,6761,Sometimes,1,"['Paper', 'Glass']",201,never,4016
public,No Vehicle,1725,No,2,['Paper'],286,never,2158
private,hybrid,2076,Sometimes,6,"['Paper', 'Plastic', 'Glass', 'Metal']",173,rarely,2967
private,lpg,2829,Yes,1,"['Paper', 'Glass']",186,frequently,2639
private,petrol,6652,No,1,"['Plastic', 'Metal']",144,never,3328
public,No Vehicle,393,Sometimes,2,['Glass'],240,rarely,1005
private,electric,1134,Yes,4,"['Plastic', 'Glass']",294,never,1400
walk/bicycle,No Vehicle,69,Sometimes,5,"['Paper', 'Plastic', 'Glass']",149,very frequently,2189
public,No Vehicle,303,No,4,[],117,rarely,1264
private,electric,646,Sometimes,3,"['Glass', 'Metal']",50,very frequently,2481
walk/bicycle,No Vehicle,62,Sometimes,2,"['Plastic', 'Glass', 'Metal']",175,frequently,1977
walk/bicycle,No Vehicle,95,No,4,"['Plastic', 'Glass', 'Metal']",195,very frequently,2591
public,No Vehicle,750,Sometimes,4,"['Paper', 'Plastic', 'Glass']",99,very frequently,2552
public,No Vehicle,1606,Sometimes,2,['Glass'],73,never,1553
public,No Vehicle,1239,Yes,1,"['Paper', 'Glass']",228,rarely,1484
private,petrol,5210,Yes,2,"['Plastic', 'Glass', 'Metal']",180,very frequently,3326
walk/bicycle,No Vehicle,56,No,3,"['Paper', 'Plastic', 'Glass']",171,rarely,1838
private,lpg,7074,Yes,4,"['Paper', 'Glass']",221,never,2783
public,No Vehicle,255,Yes,5,"['Paper', 'Plastic', 'Glass', 'Metal']",212,never,1496
private,hybrid,6068,Yes,3,['Glass'],285,never,3281
public,No Vehicle,1665,No,6,"['Paper', 'Metal']",267,never,1363
private,lpg,9950,No,7,['Plastic'],90,rarely,5029
public,No Vehicle,1651,Yes,1,['Plastic'],83,never,1337
public,No Vehicle,472,Sometimes,2,"['Plastic', 'Glass', 'Metal']",66,very frequently,2306
walk/bicycle,No Vehicle,16,Sometimes,2,"['Plastic', 'Glass', 'Metal']",60,very frequently,2021
public,No Vehicle,1033,Sometimes,5,"['Glass', 'Metal']",267,very frequently,2893
public,No Vehicle,872,Yes,7,"['Plastic', 'Metal']",193,rarely,1044
private,lpg,3811,Sometimes,6,"['Paper', 'Plastic', 'Glass']",155,very frequently,4594
private,petrol,2915,Sometimes,7,"['Paper', 'Glass', 'Metal']",200,rarely,3071
walk/bicycle,No Vehicle,34,No,1,"['Plastic', 'Metal']",266,frequently,2067
public,No Vehicle,1835,Sometimes,7,['Glass'],220,rarely,2666
private,electric,4763,Yes,2,"['Paper', 'Plastic']",297,never,1024
public,No Vehicle,1595,No,5,['Paper'],271,rarely,1518
public,No Vehicle,356,Yes,6,"['Paper', 'Glass']",248,very frequently,3061
public,No Vehicle,770,No,3,"['Paper', 'Plastic', 'Glass', 'Metal']",265,rarely,1131
public,No Vehicle,526,Sometimes,4,[],130,very frequently,3559
private,electric,3940,Sometimes,4,"['Plastic', 'Glass', 'Metal']",256,frequently,1875
private,diesel,3689,Yes,6,"['Paper', 'Metal']",140,frequently,3231
walk/bicycle,No Vehicle,53,No,5,"['Paper', 'Glass', 'Metal']",134,very frequently,1983
private,diesel,278,No,1,"['Paper', 'Glass']",63,frequently,1436
private,diesel,4623,No,5,['Metal'],140,frequently,2598
walk/bicycle,No Vehicle,95,Sometimes,2,"['Paper', 'Glass', 'Metal']",51,never,610
public,No Vehicle,402,Sometimes,5,"['Paper', 'Metal']",143,rarely,1287
private,diesel,4272,No,4,['Paper'],137,never,2539
walk/bicycle,No Vehicle,68,Sometimes,3,"['Paper', 'Plastic', 'Glass']",184,rarely,1098
public,No Vehicle,1509,Sometimes,5,"['Plastic', 'Metal']",269,frequently,2570
public,No Vehicle,1518,Yes,5,"['Paper', 'Plastic']",99,rarely,1154
public,No Vehicle,1130,Yes,6,"['Plastic', 'Metal']",98,frequently,2894
walk/bicycle,No Vehicle,89,No,2,['Plastic'],150,rarely,1641
private,lpg,1274,Yes,1,['Glass'],202,very frequently,2562
public,No Vehicle,1886,No,6,"['Paper', 'Glass']",271,frequently,2523
private,hybrid,3946,No,5,"['Paper', 'Glass']",272,frequently,2112
public,No Vehicle,1476,Yes,5,"['Paper', 'Glass']",196,very frequently,2379
walk/bicycle,No Vehicle,80,Yes,2,"['Paper', 'Glass']",174,very frequently,2901
private,diesel,3870,Yes,2,['Glass'],278,rarely,2489
private,petrol,1616,Sometimes,7,"['Paper', 'Plastic']",164,very frequently,3077
walk/bicycle,No Vehicle,95,Sometimes,3,"['Glass', 'Metal']",115,very frequently,2896
private,diesel,6098,Yes,1,['Metal'],145,frequently,3523
private,hybrid,6117,Sometimes,2,"['Paper', 'Glass']",246,rarely,2376
walk/bicycle,No Vehicle,0,Sometimes,2,"['Plastic', 'Glass', 'Metal']",142,very frequently,2365
walk/bicycle,No Vehicle,25,Yes,5,"['Paper', 'Plastic', 'Glass', 'Metal']",88,very frequently,1823
walk/bicycle,No Vehicle,93,No,2,"['Paper', 'Glass', 'Metal']",256,rarely,1749
public,No Vehicle,1529,Sometimes,6,['Plastic'],163,never,1286
walk/bicycle,No Vehicle,1,Sometimes,2,['Plastic'],267,never,1496
private,electric,9901,Sometimes,3,"['Paper', 'Glass']",289,frequently,1786
public,No Vehicle,1383,No,7,"['Paper', 'Plastic', 'Metal']",68,rarely,2019
walk/bicycle,No Vehicle,39,Sometimes,4,"['Paper', 'Plastic', 'Glass']",291,never,1023
private,electric,5931,No,7,"['Paper', 'Plastic', 'Metal']",111,rarely,1307
private,petrol,681,Sometimes,6,['Glass'],111,never,2334
private,lpg,9795,Yes,2,"['Glass', 'Metal']",241,frequently,4711
private,petrol,1861,Yes,5,"['Paper', 'Plastic', 'Glass', 'Metal']",237,never,2226
public,No Vehicle,522,Yes,2,"['Paper', 'Plastic']",130,frequently,2019
public,No Vehicle,1157,No,1,"['Paper', 'Plastic', 'Glass', 'Metal']",236,never,1200
private,electric,5284,Sometimes,5,['Metal'],248,frequently,2232
walk/bicycle,No Vehicle,56,No,2,['Glass'],200,rarely,1757
public,No Vehicle,450,No,3,['Paper'],246,rarely,1327
public,No Vehicle,1112,Yes,5,"['Paper', 'Metal']",56,very frequently,3198
private,diesel,74,Yes,5,['Plastic'],223,frequently,2543
public,No Vehicle,625,Yes,1,['Plastic'],158,frequently,1557
walk/bicycle,No Vehicle,64,Yes,1,"['Paper', 'Glass']",86,never,775
public,No Vehicle,1301,Yes,4,"['Paper', 'Plastic', 'Glass', 'Metal']",257,rarely,1553
public,No Vehicle,422,Sometimes,4,['Metal'],209,rarely,1697
public,No Vehicle,1416,Yes,7,"['Plastic', 'Glass']",134,rarely,1708
private,lpg,5105,Yes,6,"['Paper', 'Metal']",253,never,3813
walk/bicycle,No Vehicle,42,Yes,2,"['Paper', 'Plastic', 'Metal']",183,very frequently,2227
public,No Vehicle,1790,Sometimes,7,"['Plastic', 'Glass']",145,frequently,1805
private,diesel,5097,Yes,2,"['Plastic', 'Glass', 'Metal']",208,frequently,3425
walk/bicycle,No Vehicle,35,Sometimes,2,"['Paper', 'Plastic', 'Glass', 'Metal']",67,never,453
private,hybrid,3557,Yes,4,"['Paper', 'Plastic']",203,very frequently,4127
private,petrol,7501,Sometimes,3,"['Paper', 'Glass', 'Metal']",181,never,4059
private,diesel,7316,Sometimes,7,[],278,frequently,4914
public,No Vehicle,780,Yes,6,"['Plastic', 'Glass']",109,very frequently,2132
walk/bicycle,No Vehicle,91,No,1,"['Paper', 'Plastic']",175,frequently,1475
public,No Vehicle,569,No,6,"['Plastic', 'Glass', 'Metal']",193,rarely,978
public,No Vehicle,190,No,5,"['Paper', 'Plastic', 'Glass', 'Metal']",155,very frequently,2915
walk/bicycle,No Vehicle,65,Sometimes,4,"['Paper', 'Plastic']",61,rarely,1437
private,electric,5729,Sometimes,1,"['Paper', 'Plastic']",63,rarely,1313
walk/bicycle,No Vehicle,67,Yes,3,[],75,very frequently,2495
walk/bicycle,No Vehicle,42,Sometimes,2,"['Paper', 'Glass', 'Metal']",141,very frequently,1824
walk/bicycle,No Vehicle,21,No,6,['Plastic'],285,never,1675
walk/bicycle,No Vehicle,82,No,7,"['Plastic', 'Glass', 'Metal']",271,rarely,2380
public,No Vehicle,1400,Yes,3,['Glass'],288,rarely,1832
public,No Vehicle,1221,No,7,"['Paper', 'Glass', 'Metal']",123,never,1075
public,No Vehicle,295,Sometimes,7,"['Glass', 'Metal']",124,never,2022
walk/bicycle,No Vehicle,37,Yes,6,"['Paper', 'Plastic']",265,rarely,1875
public,No Vehicle,1952,Sometimes,1,"['Glass', 'Metal']",274,never,1033
public,No Vehicle,557,Yes,6,"['Plastic', 'Metal']",186,frequently,2714
public,No Vehicle,1865,Sometimes,2,"['Paper', 'Plastic', 'Metal']",111,rarely,1460
private,lpg,8238,Yes,2,['Metal'],129,rarely,3407
walk/bicycle,No Vehicle,78,Yes,5,"['Plastic', 'Glass']",85,very frequently,2549
walk/bicycle,No Vehicle,93,Yes,7,['Glass'],154,frequently,3246
walk/bicycle,No Vehicle,66,Sometimes,5,"['Plastic', 'Glass']",250,never,1396
walk/bicycle,No Vehicle,59,No,6,"['Plastic', 'Glass', 'Metal']",245,very frequently,2357
public,No Vehicle,1676,No,3,"['Paper', 'Plastic', 'Glass', 'Metal']",262,very frequently,2690
private,lpg,8787,Sometimes,7,"['Paper', 'Glass', 'Metal']",81,frequently,5145
private,electric,4686,No,1,"['Paper', 'Plastic', 'Glass']",101,never,745
public,No Vehicle,705,No,5,"['Plastic', 'Metal']",174,frequently,2162
private,electric,1701,No,2,['Glass'],73,rarely,1224
walk/bicycle,No Vehicle,9,No,7,"['Paper', 'Glass']",265,frequently,2400
public,No Vehicle,284,Yes,5,"['Paper', 'Metal']",210,rarely,1174
public,No Vehicle,117,Sometimes,5,"['Paper', 'Metal']",201,rarely,2156
public,No Vehicle,1843,Sometimes,4,"['Plastic', 'Glass']",83,never,1265
public,No Vehicle,1544,No,7,"['Plastic', 'Metal']",127,very frequently,2982
public,No Vehicle,376,Yes,7,"['Plastic', 'Glass', 'Metal']",210,never,1161
private,electric,5048,Sometimes,7,"['Paper', 'Plastic', 'Glass', 'Metal']",243,rarely,1683
walk/bicycle,No Vehicle,17,Yes,3,"['Paper', 'Glass']",252,frequently,1756
walk/bicycle,No Vehicle,22,Yes,1,['Metal'],289,very frequently,2571
private,petrol,1869,Sometimes,2,['Plastic'],115,very frequently,3688
walk/bicycle,No Vehicle,1,No,7,"['Paper', 'Plastic', 'Glass', 'Metal']",277,rarely,1766
public,No Vehicle,1416,Sometimes,6,"['Plastic', 'Glass', 'Metal']",56,never,1902
walk/bicycle,No Vehicle,90,Sometimes,4,['Metal'],66,rarely,1119
public,No Vehicle,1060,No,3,[],56,rarely,2318
public,No Vehicle,278,No,6,"['Glass', 'Metal']",130,rarely,1235
walk/bicycle,No Vehicle,49,Sometimes,5,"['Plastic', 'Glass', 'Metal']",244,rarely,1210
private,electric,5470,No,3,"['Paper', 'Plastic', 'Metal']",150,very frequently,2553
public,No Vehicle,1804,Sometimes,1,"['Plastic', 'Metal']",174,very frequently,2416
walk/bicycle,No Vehicle,53,Yes,4,"['Glass', 'Metal']",172,very frequently,2906
private,diesel,6989,Sometimes,3,"['Paper', 'Plastic']",227,never,3679
walk/bicycle,No Vehicle,32,Yes,2,"['Paper', 'Glass']",58,rarely,1640
walk/bicycle,No Vehicle,60,No,6,"['Paper', 'Plastic', 'Glass']",222,never,1021
public,No Vehicle,1688,Yes,5,['Glass'],214,rarely,1980
walk/bicycle,No Vehicle,68,Sometimes,3,"['Plastic', 'Glass', 'Metal']",126,never,579
public,No Vehicle,418,Sometimes,7,"['Plastic', 'Glass', 'Metal']",158,very frequently,2305
walk/bicycle,No Vehicle,23,No,2,['Plastic'],65,never,1304
walk/bicycle,No Vehicle,21,Yes,4,"['Paper', 'Plastic', 'Glass']",183,frequently,1696
walk/bicycle,No Vehicle,24,No,4,"['Paper', 'Plastic', 'Glass']",125,frequently,1994
walk/bicycle,No Vehicle,67,Yes,2,"['Paper', 'Glass']",141,very frequently,2007
public,No Vehicle,1325,Yes,6,['Paper'],214,never,1646
private,petrol,1901,Sometimes,1,"['Plastic', 'Glass']",242,never,1651
walk/bicycle,No Vehicle,33,Yes,2,[],261,frequently,1730
private,diesel,1750,No,5,"['Paper', 'Plastic']",264,very frequently,2808
private,diesel,8855,Sometimes,5,[],143,never,4068
private,lpg,7141,Yes,6,"['Paper', 'Metal']",253,never,3007
walk/bicycle,No Vehicle,26,Sometimes,2,"['Paper', 'Plastic', 'Metal']",81,very frequently,2990
walk/bicycle,No Vehicle,97,Sometimes,6,"['Glass', 'Metal']",183,very frequently,2841
walk/bicycle,No Vehicle,97,Yes,4,"['Paper', 'Plastic']",91,rarely,1709
public,No Vehicle,1297,No,5,[],140,never,1346
private,lpg,9440,No,4,"['Paper', 'Plastic', 'Metal']",180,frequently,3789
walk/bicycle,No Vehicle,36,No,5,"['Plastic', 'Glass', 'Metal']",226,never,1262
walk/bicycle,No Vehicle,46,Sometimes,1,"['Paper', 'Metal']",297,never,1050
private,electric,5165,Yes,1,"['Plastic', 'Glass']",88,rarely,1124
walk/bicycle,No Vehicle,77,Yes,2,"['Plastic', 'Metal']",140,frequently,1919
public,No Vehicle,675,Sometimes,7,"['Plastic', 'Glass', 'Metal']",120,very frequently,1996
walk/bicycle,No Vehicle,96,Sometimes,3,"['Paper', 'Metal']",194,frequently,1775
private,hybrid,1638,Sometimes,6,"['Plastic', 'Glass']",248,never,1847
walk/bicycle,No Vehicle,90,Sometimes,7,"['Paper', 'Glass']",125,rarely,2196
private,electric,1477,No,5,"['Paper', 'Plastic', 'Metal']",113,never,1537
public,No Vehicle,1429,No,6,['Paper'],148,rarely,1704
public,No Vehicle,1009,Sometimes,7,"['Paper', 'Plastic', 'Metal']",124,rarely,1665
public,No Vehicle,1259,Sometimes,2,"['Glass', 'Metal']",230,frequently,1836
walk/bicycle,No Vehicle,4,No,2,['Glass'],243,frequently,1586
walk/bicycle,No Vehicle,78,Sometimes,7,"['Plastic', 'Glass', 'Metal']",74,rarely,1274
private,diesel,3212,No,2,"['Glass', 'Metal']",75,never,2590
private,diesel,2222,Sometimes,4,"['Paper', 'Glass', 'Metal']",143,rarely,1892
private,diesel,2028,No,7,['Metal'],78,frequently,3086
public,No Vehicle,1442,Yes,5,['Metal'],163,rarely,2151
walk/bicycle,No Vehicle,76,Sometimes,7,"['Glass', 'Metal']",228,never,1732
public,No Vehicle,682,Sometimes,7,"['Glass', 'Metal']",55,never,1179
walk/bicycle,No Vehicle,59,Sometimes,1,"['Plastic', 'Metal']",160,never,872
public,No Vehicle,326,No,2,"['Plastic', 'Glass', 'Metal']",121,very frequently,3015
public,No Vehicle,1133,Sometimes,1,"['Paper', 'Glass']",231,never,1123
private,petrol,9543,Sometimes,4,"['Plastic', 'Metal']",274,frequently,5147
walk/bicycle,No Vehicle,87,Yes,7,"['Paper', 'Plastic', 'Glass']",203,never,1266
walk/bicycle,No Vehicle,98,Sometimes,7,"['Plastic', 'Metal']",190,very frequently,2650
walk/bicycle,No Vehicle,67,Sometimes,2,"['Paper', 'Plastic', 'Glass']",202,rarely,1557
walk/bicycle,No Vehicle,74,Sometimes,1,"['Paper', 'Glass', 'Metal']",213,frequently,2334
private,diesel,4339,No,6,"['Paper', 'Glass']",61,very frequently,3919
walk/bicycle,No Vehicle,86,No,5,"['Plastic', 'Glass']",238,never,1322
private,lpg,8076,No,6,['Paper'],270,never,4672
public,No Vehicle,320,No,2,"['Plastic', 'Glass', 'Metal']",94,frequently,1662
walk/bicycle,No Vehicle,35,No,6,['Glass'],92,rarely,1554
private,petrol,6589,No,7,['Paper'],175,never,4952
public,No Vehicle,1428,Sometimes,6,"['Paper', 'Plastic']",51,frequently,1751
public,No Vehicle,1502,No,4,"['Glass', 'Metal']",272,very frequently,2598
private,lpg,9930,Sometimes,4,"['Plastic', 'Glass']",184,rarely,4167
walk/bicycle,No Vehicle,47,Yes,5,"['Paper', 'Metal']",78,never,1305
public,No Vehicle,1574,Yes,1,['Metal'],128,frequently,1814
walk/bicycle,No Vehicle,62,No,1,"['Paper', 'Plastic', 'Metal']",54,very frequently,3051
walk/bicycle,No Vehicle,74,Yes,3,[],55,frequently,1741
public,No Vehicle,1770,Sometimes,1,['Plastic'],110,rarely,921
public,No Vehicle,323,Sometimes,1,"['Paper', 'Plastic', 'Glass', 'Metal']",167,never,836
walk/bicycle,No Vehicle,22,Sometimes,1,['Glass'],80,rarely,1079
private,petrol,2276,Yes,1,"['Paper', 'Plastic', 'Metal']",273,frequently,2861
public,No Vehicle,1732,Yes,3,"['Plastic', 'Metal']",206,very frequently,2893
public,No Vehicle,409,Yes,7,"['Paper', 'Plastic']",206,very frequently,2477
private,petrol,7056,Sometimes,5,['Glass'],159,rarely,5023
private,diesel,9156,No,2,[],284,rarely,4749
walk/bicycle,No Vehicle,55,No,7,"['Paper', 'Plastic', 'Glass']",101,rarely,1355
walk/bicycle,No Vehicle,48,Sometimes,6,"['Plastic', 'Metal']",98,rarely,1371
private,hybrid,7569,No,7,"['Paper', 'Plastic', 'Glass', 'Metal']",63,never,2147
public,No Vehicle,40,Sometimes,3,[],121,never,1400
walk/bicycle,No Vehicle,71,Sometimes,6,"['Paper', 'Glass']",106,frequently,1803
public,No Vehicle,1046,No,2,"['Paper', 'Plastic', 'Glass', 'Metal']",260,very frequently,2768
public,No Vehicle,1521,Yes,7,"['Plastic', 'Glass']",132,rarely,1803
private,petrol,3550,Yes,5,"['Paper', 'Plastic', 'Metal']",292,never,2752
walk/bicycle,No Vehicle,67,No,1,['Glass'],105,never,1599
private,lpg,7467,Yes,2,['Glass'],261,never,4115
walk/bicycle,No Vehicle,47,Sometimes,1,['Plastic'],173,very frequently,2549
public,No Vehicle,643,Yes,5,"['Paper', 'Plastic', 'Glass', 'Metal']",51,rarely,1130
private,diesel,7459,Yes,4,"['Glass', 'Metal']",210,never,3445
public,No Vehicle,1013,Sometimes,3,"['Paper', 'Plastic']",97,never,1962
walk/bicycle,No Vehicle,5,No,7,"['Paper', 'Plastic', 'Glass']",139,never,1984
walk/bicycle,No Vehicle,27,No,6,['Glass'],87,never,1238
walk/bicycle,No Vehicle,0,Sometimes,3,"['Paper', 'Plastic', 'Glass', 'Metal']",50,frequently,1381
walk/bicycle,No Vehicle,77,Sometimes,3,['Metal'],79,rarely,1218
walk/bicycle,No Vehicle,32,Yes,7,['Plastic'],258,frequently,3022
private,petrol,28,Sometimes,3,"['Paper', 'Glass', 'Metal']",168,rarely,1719
private,hybrid,1334,Sometimes,6,"['Paper', 'Plastic', 'Glass']",82,very frequently,2444
public,No Vehicle,1993,Yes,5,['Plastic'],133,never,1185
private,petrol,723,Sometimes,5,[],259,never,1880
public,No Vehicle,422,No,7,"['Paper', 'Plastic', 'Glass']",86,frequently,2632
private,petrol,7831,Sometimes,6,"['Plastic', 'Glass', 'Metal']",237,rarely,5880
private,electric,5264,Sometimes,1,['Glass'],245,rarely,836
private,petrol,4368,No,4,"['Plastic', 'Glass', 'Metal']",226,very frequently,5303
private,diesel,6369,Sometimes,3,"['Paper', 'Plastic', 'Glass', 'Metal']",158,rarely,2705
walk/bicycle,No Vehicle,94,Yes,1,"['Plastic', 'Glass', 'Metal']",186,never,773
public,No Vehicle,556,Sometimes,5,['Metal'],102,never,1225
walk/bicycle,No Vehicle,7,No,7,"['Paper', 'Glass', 'Metal']",190,rarely,769
private,electric,5320,Sometimes,7,"['Paper', 'Plastic', 'Glass']",91,very frequently,3085
public,No Vehicle,850,No,3,"['Paper', 'Metal']",238,never,1396
walk/bicycle,No Vehicle,32,No,4,['Metal'],146,never,1540
walk/bicycle,No Vehicle,32,Sometimes,3,['Metal'],163,very frequently,2938
private,hybrid,7452,Yes,5,"['Paper', 'Metal']",109,never,3255
public,No Vehicle,1379,Sometimes,1,"['Plastic', 'Metal']",218,very frequently,3015
public,No Vehicle,64,No,2,"['Paper', 'Metal']",61,never,779
private,hybrid,3077,Yes,5,['Metal'],122,very frequently,2728
walk/bicycle,No Vehicle,9,No,4,['Metal'],296,frequently,1657
public,No Vehicle,1333,No,3,['Paper'],121,very frequently,3043
public,No Vehicle,4,No,5,"['Plastic', 'Metal']",153,very frequently,2705
walk/bicycle,No Vehicle,66,Sometimes,5,"['Paper', 'Metal']",101,frequently,2266
walk/bicycle,No Vehicle,78,Sometimes,2,"['Plastic', 'Glass']",217,rarely,1656
walk/bicycle,No Vehicle,74,Yes,6,"['Plastic', 'Glass', 'Metal']",240,rarely,1092
private,hybrid,1171,Sometimes,6,['Paper'],212,very frequently,4324
public,No Vehicle,611,No,2,['Metal'],188,very frequently,2146
private,lpg,8697,No,4,"['Paper', 'Metal']",298,very frequently,5808
public,No Vehicle,138,Sometimes,3,['Plastic'],114,very frequently,2424
public,No Vehicle,105,Yes,6,"['Plastic', 'Metal']",145,very frequently,3149
private,petrol,9604,No,3,['Plastic'],135,frequently,5307
public,No Vehicle,1774,Sometimes,1,"['Plastic', 'Glass', 'Metal']",56,very frequently,2265
public,No Vehicle,1315,Yes,2,"['Paper', 'Glass', 'Metal']",226,never,725
walk/bicycle,No Vehicle,42,Yes,2,[],280,never,1889
walk/bicycle,No Vehicle,55,No,7,"['Plastic', 'Glass', 'Metal']",72,frequently,2248
walk/bicycle,No Vehicle,6,No,6,['Metal'],50,rarely,1733
public,No Vehicle,1920,Sometimes,6,"['Paper', 'Plastic', 'Glass', 'Metal']",70,never,2007
private,hybrid,4450,Sometimes,1,"['Plastic', 'Glass']",109,very frequently,3255
public,No Vehicle,967,Yes,6,"['Plastic', 'Glass', 'Metal']",162,never,1179
public,No Vehicle,358,No,1,"['Plastic', 'Glass', 'Metal']",215,frequently,1252
walk/bicycle,No Vehicle,4,Sometimes,6,"['Paper', 'Plastic', 'Metal']",130,never,909
public,No Vehicle,672,No,2,"['Glass', 'Metal']",150,rarely,1074
public,No Vehicle,74,Sometimes,4,"['Paper', 'Metal']",293,never,1933
walk/bicycle,No Vehicle,66,Yes,2,[],180,never,2097
public,No Vehicle,418,Sometimes,5,['Glass'],166,very frequently,2270
private,petrol,9846,Sometimes,1,"['Paper', 'Plastic', 'Glass']",215,never,4335
private,lpg,2822,Sometimes,1,"['Glass', 'Metal']",260,never,2023
public,No Vehicle,444,No,1,"['Paper', 'Plastic', 'Glass']",52,very frequently,2556
walk/bicycle,No Vehicle,58,Yes,1,"['Paper', 'Plastic', 'Glass']",65,rarely,933
public,No Vehicle,1692,No,1,"['Plastic', 'Glass', 'Metal']",299,very frequently,2929
private,petrol,5401,Sometimes,1,"['Paper', 'Glass', 'Metal']",121,never,2063
public,No Vehicle,956,Yes,1,"['Plastic', 'Metal']",137,rarely,1316
private,electric,2701,No,1,['Paper'],108,very frequently,2099
public,No Vehicle,1502,No,7,"['Paper', 'Plastic', 'Metal']",151,frequently,2039
walk/bicycle,No Vehicle,24,Sometimes,4,['Plastic'],67,rarely,2090
public,No Vehicle,1575,Sometimes,1,['Glass'],207,never,1652
private,electric,2509,Yes,2,"['Plastic', 'Metal']",242,frequently,1789
private,electric,379,No,7,"['Paper', 'Glass', 'Metal']",145,frequently,1602
private,petrol,3768,Sometimes,2,['Glass'],116,never,2467
public,No Vehicle,526,No,6,[],195,frequently,2508
walk/bicycle,No Vehicle,18,No,1,"['Paper', 'Glass']",199,frequently,1883
private,petrol,8554,No,6,"['Plastic', 'Metal']",171,rarely,4076
walk/bicycle,No Vehicle,11,No,1,"['Paper', 'Plastic', 'Glass', 'Metal']",224,frequently,1187
public,No Vehicle,1928,Sometimes,4,"['Glass', 'Metal']",67,never,1626
public,No Vehicle,874,Yes,7,"['Paper', 'Plastic', 'Metal']",162,frequently,1871
walk/bicycle,No Vehicle,62,Sometimes,5,"['Paper', 'Plastic', 'Glass']",109,never,1446
walk/bicycle,No Vehicle,79,Sometimes,3,"['Paper', 'Plastic', 'Metal']",236,very frequently,2682
public,No Vehicle,1216,No,1,['Paper'],295,very frequently,2386
walk/bicycle,No Vehicle,63,No,7,['Paper'],245,rarely,1240
walk/bicycle,No Vehicle,81,Sometimes,3,['Metal'],55,never,1014
private,diesel,4224,No,6,"['Paper', 'Glass', 'Metal']",65,rarely,2909
walk/bicycle,No Vehicle,30,No,3,['Paper'],141,frequently,1548
public,No Vehicle,998,Yes,7,"['Paper', 'Plastic']",201,rarely,1079
private,lpg,5513,Yes,3,"['Paper', 'Plastic']",233,never,2591
private,petrol,7916,Sometimes,7,"['Paper', 'Plastic', 'Metal']",267,very frequently,6498
private,hybrid,2458,No,2,['Paper'],205,frequently,2322
walk/bicycle,No Vehicle,97,Sometimes,4,['Glass'],256,rarely,1972
public,No Vehicle,1725,Yes,3,['Paper'],217,frequently,2107
public,No Vehicle,915,Yes,7,"['Paper', 'Glass', 'Metal']",84,rarely,1863
walk/bicycle,No Vehicle,64,Yes,5,['Paper'],172,very frequently,2382
private,lpg,389,Yes,1,[],285,frequently,1971
walk/bicycle,No Vehicle,74,Sometimes,7,"['Paper', 'Glass', 'Metal']",79,very frequently,2616
private,hybrid,3326,Yes,1,[],118,frequently,1663
public,No Vehicle,893,Sometimes,3,"['Paper', 'Plastic', 'Glass', 'Metal']",62,frequently,1528
walk/bicycle,No Vehicle,14,Sometimes,4,"['Paper', 'Metal']",139,very frequently,2415
public,No Vehicle,574,Sometimes,3,"['Plastic', 'Metal']",242,frequently,1799
private,electric,6395,No,4,"['Paper', 'Plastic', 'Glass']",192,never,1585
public,No Vehicle,940,Sometimes,6,"['Paper', 'Plastic', 'Metal']",202,never,1835
public,No Vehicle,1850,No,7,[],101,very frequently,3473
public,No Vehicle,1752,No,6,"['Paper', 'Glass']",182,rarely,2035
walk/bicycle,No Vehicle,51,Yes,5,"['Paper', 'Plastic']",271,rarely,1831
private,petrol,1884,Sometimes,4,"['Plastic', 'Glass']",164,rarely,1861
private,hybrid,8268,No,3,"['Paper', 'Glass', 'Metal']",225,never,2188
public,No Vehicle,1250,No,7,['Plastic'],292,frequently,2318
public,No Vehicle,907,Sometimes,2,"['Glass', 'Metal']",116,never,758
private,petrol,1877,Sometimes,5,['Paper'],129,rarely,2054
private,lpg,6558,No,6,"['Plastic', 'Metal']",99,very frequently,4773
public,No Vehicle,1005,Yes,7,['Paper'],54,frequently,1723
private,lpg,1670,No,4,['Plastic'],128,rarely,1765
private,diesel,9362,Sometimes,5,"['Paper', 'Plastic']",252,rarely,3978
private,diesel,708,Sometimes,3,"['Glass', 'Metal']",88,very frequently,2820
private,lpg,2348,Yes,3,"['Paper', 'Metal']",103,rarely,2058
private,petrol,6134,Yes,1,"['Plastic', 'Glass']",281,never,2982
public,No Vehicle,957,Sometimes,2,['Plastic'],171,rarely,1667
public,No Vehicle,424,Sometimes,3,['Paper'],179,very frequently,2041
walk/bicycle,No Vehicle,11,No,6,"['Glass', 'Metal']",142,never,2392
public,No Vehicle,553,Sometimes,2,"['Paper', 'Glass']",224,very frequently,2248
public,No Vehicle,1645,Sometimes,5,"['Plastic', 'Glass', 'Metal']",185,frequently,2360
walk/bicycle,No Vehicle,45,Yes,3,['Paper'],221,never,1311
public,No Vehicle,441,Sometimes,1,"['Glass', 'Metal']",293,very frequently,2604
public,No Vehicle,1208,No,3,"['Paper', 'Plastic', 'Glass']",235,never,1579
walk/bicycle,No Vehicle,52,No,4,"['Plastic', 'Glass']",294,frequently,2196
public,No Vehicle,1001,No,6,"['Paper', 'Glass', 'Metal']",203,never,1767
private,electric,3807,No,5,['Paper'],260,very frequently,3313
public,No Vehicle,333,Yes,2,"['Plastic', 'Metal']",231,frequently,2160
walk/bicycle,No Vehicle,60,Yes,3,"['Paper', 'Plastic', 'Glass', 'Metal']",278,never,1536
walk/bicycle,No Vehicle,37,Yes,6,['Metal'],215,never,1954
private,diesel,3149,No,2,['Paper'],216,never,1828
walk/bicycle,No Vehicle,6,Sometimes,7,['Paper'],162,frequently,1249
walk/bicycle,No Vehicle,92,No,7,"['Paper', 'Plastic', 'Metal']",54,very frequently,2674
walk/bicycle,No Vehicle,31,No,1,[],67,very frequently,2392
private,lpg,1473,Yes,1,"['Paper', 'Glass', 'Metal']",110,very frequently,3020
public,No Vehicle,702,Sometimes,2,"['Plastic', 'Metal']",160,very frequently,2395
private,lpg,207,Yes,3,['Glass'],83,rarely,1460
walk/bicycle,No Vehicle,18,No,1,"['Paper', 'Metal']",281,rarely,1081
private,petrol,3535,No,4,"['Paper', 'Glass', 'Metal']",70,frequently,4211
walk/bicycle,No Vehicle,7,Sometimes,6,[],77,rarely,1750
private,electric,7505,Yes,4,"['Paper', 'Metal']",188,rarely,1947
walk/bicycle,No Vehicle,63,Yes,2,"['Paper', 'Plastic']",273,very frequently,1877
private,diesel,7443,Sometimes,7,"['Paper', 'Plastic', 'Glass']",117,rarely,2641
walk/bicycle,No Vehicle,86,No,2,['Glass'],68,rarely,1480
public,No Vehicle,559,Yes,7,"['Paper', 'Glass']",65,rarely,1568
walk/bicycle,No Vehicle,24,Yes,7,"['Plastic', 'Glass', 'Metal']",185,never,1531
walk/bicycle,No Vehicle,84,Sometimes,1,"['Paper', 'Plastic']",143,frequently,1976
private,diesel,3452,Sometimes,4,"['Plastic', 'Metal']",246,never,2057
public,No Vehicle,736,Sometimes,7,"['Plastic', 'Glass']",157,rarely,1758
walk/bicycle,No Vehicle,54,Yes,4,"['Paper', 'Glass']",160,never,1651
private,petrol,1380,Sometimes,6,['Paper'],285,never,2435
private,petrol,410,Yes,5,['Plastic'],180,frequently,2239
public,No Vehicle,398,No,4,"['Paper', 'Metal']",172,never,1270
public,No Vehicle,501,No,5,"['Paper', 'Plastic', 'Glass', 'Metal']",150,rarely,1585
private,diesel,3583,Sometimes,6,"['Paper', 'Plastic']",283,frequently,3067
walk/bicycle,No Vehicle,35,No,7,"['Paper', 'Plastic', 'Glass', 'Metal']",133,rarely,1596
walk/bicycle,No Vehicle,14,Sometimes,2,"['Plastic', 'Metal']",271,rarely,1709
private,petrol,2932,Sometimes,3,"['Plastic', 'Metal']",279,rarely,2347
private,electric,8174,Yes,2,['Metal'],245,very frequently,2467
private,hybrid,8387,No,1,"['Paper', 'Glass']",266,frequently,3160
walk/bicycle,No Vehicle,66,No,3,"['Paper', 'Plastic', 'Metal']",114,very frequently,2687
public,No Vehicle,1306,No,3,['Paper'],111,never,1701
walk/bicycle,No Vehicle,59,Sometimes,1,"['Paper', 'Plastic', 'Metal']",154,frequently,1333
private,lpg,8856,No,7,"['Paper', 'Glass']",294,very frequently,4594
walk/bicycle,No Vehicle,11,Yes,1,"['Paper', 'Metal']",187,rarely,1150
public,No Vehicle,391,Yes,6,"['Paper', 'Metal']",50,never,1575
public,No Vehicle,1519,Yes,7,"['Paper', 'Plastic', 'Metal']",148,frequently,2269
walk/bicycle,No Vehicle,96,Yes,3,"['Paper', 'Glass']",288,very frequently,2351
public,No Vehicle,1396,Yes,5,"['Glass', 'Metal']",89,rarely,1654
private,lpg,5732,No,6,"['Glass', 'Metal']",181,frequently,3448
private,diesel,6983,Sometimes,2,"['Paper', 'Plastic']",170,rarely,2355
public,No Vehicle,0,Sometimes,1,"['Glass', 'Metal']",280,very frequently,2283
walk/bicycle,No Vehicle,73,Sometimes,5,"['Paper', 'Metal']",99,very frequently,2201
public,No Vehicle,146,No,4,['Paper'],165,never,1558
walk/bicycle,No Vehicle,97,Sometimes,7,"['Plastic', 'Glass', 'Metal']",59,never,1766
public,No Vehicle,1251,No,3,"['Paper', 'Plastic', 'Metal']",255,frequently,1293
walk/bicycle,No Vehicle,45,No,3,"['Paper', 'Metal']",153,frequently,3208
walk/bicycle,No Vehicle,13,Yes,2,"['Paper', 'Glass', 'Metal']",157,very frequently,2372
private,petrol,6753,No,3,"['Paper', 'Plastic', 'Glass']",172,frequently,5906
walk/bicycle,No Vehicle,10,Sometimes,3,"['Glass', 'Metal']",109,very frequently,2478
walk/bicycle,No Vehicle,65,No,1,"['Plastic', 'Glass', 'Metal']",66,very frequently,2180
public,No Vehicle,335,Sometimes,1,"['Plastic', 'Glass']",277,rarely,1928
public,No Vehicle,1087,Sometimes,5,"['Paper', 'Plastic', 'Glass', 'Metal']",82,very frequently,2740
walk/bicycle,No Vehicle,69,No,4,['Metal'],109,never,2148
private,hybrid,1457,Sometimes,7,"['Paper', 'Plastic', 'Metal']",103,never,1301
walk/bicycle,No Vehicle,77,No,6,"['Glass', 'Metal']",104,rarely,1029
private,diesel,778,No,3,"['Paper', 'Glass']",100,very frequently,3298
private,electric,6344,Yes,5,['Plastic'],238,rarely,1231
public,No Vehicle,93,No,3,"['Paper', 'Metal']",160,rarely,1058
walk/bicycle,No Vehicle,3,No,3,"['Plastic', 'Metal']",205,rarely,1843
public,No Vehicle,1291,No,1,"['Glass', 'Metal']",181,rarely,1462
private,diesel,1281,Yes,6,"['Paper', 'Plastic', 'Glass', 'Metal']",143,frequently,2429
private,diesel,4075,Yes,1,"['Paper', 'Plastic', 'Metal']",153,never,1428
walk/bicycle,No Vehicle,7,Sometimes,7,"['Paper', 'Plastic', 'Glass']",289,very frequently,3540
public,No Vehicle,1273,Yes,4,"['Paper', 'Plastic', 'Metal']",151,frequently,1444
walk/bicycle,No Vehicle,77,Sometimes,3,"['Paper', 'Glass']",158,never,1645
public,No Vehicle,1549,Sometimes,6,[],146,frequently,3176
walk/bicycle,No Vehicle,32,Yes,5,"['Plastic', 'Glass']",219,rarely,1966
walk/bicycle,No Vehicle,78,Sometimes,2,['Metal'],267,very frequently,2567
walk/bicycle,No Vehicle,40,No,4,['Glass'],192,frequently,2151
private,diesel,8912,Sometimes,4,"['Plastic', 'Glass']",123,frequently,4005
private,lpg,5814,Yes,1,"['Paper', 'Plastic']",107,very frequently,4015
private,petrol,6931,Sometimes,4,"['Plastic', 'Metal']",263,very frequently,5269
public,No Vehicle,1533,Sometimes,6,"['Paper', 'Glass']",220,frequently,1931
private,lpg,9453,No,1,"['Plastic', 'Glass']",204,rarely,3334
private,diesel,8865,Yes,7,"['Plastic', 'Metal']",234,very frequently,5113
walk/bicycle,No Vehicle,95,No,1,['Paper'],141,rarely,1266
public,No Vehicle,1882,No,5,['Plastic'],230,very frequently,2648
public,No Vehicle,425,Sometimes,7,"['Paper', 'Glass']",168,rarely,1341
public,No Vehicle,1989,No,3,"['Paper', 'Plastic', 'Glass', 'Metal']",72,rarely,923
public,No Vehicle,1668,Sometimes,3,[],112,never,1488
private,diesel,298,No,4,"['Plastic', 'Glass', 'Metal']",181,very frequently,1652
walk/bicycle,No Vehicle,1,Sometimes,2,[],232,rarely,1218
public,No Vehicle,1654,Yes,5,['Plastic'],276,never,1747
walk/bicycle,No Vehicle,86,Yes,1,['Paper'],280,frequently,1778
private,lpg,520,Sometimes,6,"['Glass', 'Metal']",155,never,2382
walk/bicycle,No Vehicle,84,No,7,"['Paper', 'Glass', 'Metal']",163,very frequently,1943
public,No Vehicle,503,No,6,"['Paper', 'Plastic', 'Metal']",201,very frequently,2035
private,lpg,2553,No,1,"['Paper', 'Metal']",194,frequently,3101
private,diesel,9167,Sometimes,4,['Plastic'],65,very frequently,5136
public,No Vehicle,79,Sometimes,5,"['Glass', 'Metal']",278,very frequently,3110
public,No Vehicle,1909,Yes,6,"['Paper', 'Plastic', 'Glass']",68,frequently,1458
walk/bicycle,No Vehicle,50,Yes,2,"['Paper', 'Glass']",70,rarely,1322
walk/bicycle,No Vehicle,79,Yes,7,"['Glass', 'Metal']",90,rarely,1765
public,No Vehicle,494,No,2,"['Glass', 'Metal']",249,rarely,1675
walk/bicycle,No Vehicle,92,No,7,"['Plastic', 'Glass', 'Metal']",123,very frequently,2364
public,No Vehicle,8,Yes,3,"['Plastic', 'Glass']",68,very frequently,2292
public,No Vehicle,243,Sometimes,4,[],53,never,1489
public,No Vehicle,847,Sometimes,4,"['Paper', 'Glass', 'Metal']",124,frequently,1817
private,petrol,1749,Sometimes,4,"['Paper', 'Plastic', 'Glass']",70,never,1172
private,petrol,6155,Sometimes,3,['Metal'],146,never,3407
public,No Vehicle,914,No,4,['Glass'],128,very frequently,2748
public,No Vehicle,221,Yes,5,['Metal'],60,rarely,2418
public,No Vehicle,936,Sometimes,2,[],86,very frequently,3204
private,hybrid,4021,No,5,[],56,never,2441
public,No Vehicle,278,No,6,"['Paper', 'Glass', 'Metal']",281,never,871
public,No Vehicle,629,Sometimes,6,['Plastic'],256,never,1368
public,No Vehicle,1300,No,6,"['Paper', 'Metal']",110,rarely,1559
public,No Vehicle,49,Yes,6,"['Paper', 'Plastic', 'Glass']",188,rarely,1722
walk/bicycle,No Vehicle,48,Sometimes,3,"['Paper', 'Plastic', 'Glass', 'Metal']",134,rarely,1007
private,hybrid,2787,No,2,[],193,never,1531
public,No Vehicle,678,Sometimes,2,"['Paper', 'Glass', 'Metal']",201,frequently,1146
public,No Vehicle,1525,No,3,['Metal'],76,very frequently,1638
public,No Vehicle,1704,Sometimes,1,['Paper'],234,frequently,1995
walk/bicycle,No Vehicle,18,Sometimes,6,"['Paper', 'Plastic']",84,rarely,2075
public,No Vehicle,1951,Yes,6,"['Paper', 'Plastic', 'Glass']",130,never,710
public,No Vehicle,879,No,6,"['Plastic', 'Metal']",198,very frequently,2863
private,diesel,2032,No,5,"['Paper', 'Plastic', 'Metal']",101,rarely,1947
private,petrol,1911,Yes,7,['Paper'],135,frequently,2747
walk/bicycle,No Vehicle,19,Yes,6,"['Paper', 'Plastic', 'Metal']",252,never,1904
walk/bicycle,No Vehicle,19,Yes,5,"['Paper', 'Metal']",146,frequently,1813
private,diesel,5597,No,1,['Glass'],97,frequently,3033
walk/bicycle,No Vehicle,41,Sometimes,3,"['Paper', 'Glass', 'Metal']",125,very frequently,2429
private,lpg,30,Sometimes,2,"['Plastic', 'Glass']",195,never,1197
private,electric,4366,No,1,"['Paper', 'Glass']",220,never,1719
public,No Vehicle,1088,No,1,"['Paper', 'Glass']",286,rarely,1986
private,lpg,9764,Sometimes,6,"['Paper', 'Plastic', 'Metal']",96,frequently,3969
public,No Vehicle,290,No,3,"['Plastic', 'Glass']",142,frequently,2331
walk/bicycle,No Vehicle,47,No,3,['Paper'],162,rarely,1624
public,No Vehicle,539,No,7,['Paper'],226,rarely,1652
private,electric,7706,No,2,['Paper'],281,frequently,2460
private,diesel,4718,No,5,"['Plastic', 'Metal']",147,rarely,2810
public,No Vehicle,1791,Sometimes,3,"['Paper', 'Glass']",112,never,948
public,No Vehicle,752,No,3,"['Paper', 'Plastic', 'Glass']",270,frequently,1913
walk/bicycle,No Vehicle,43,No,6,"['Paper', 'Plastic']",284,very frequently,4033
public,No Vehicle,589,No,5,"['Paper', 'Plastic', 'Glass']",284,frequently,2442
private,diesel,526,Yes,7,"['Plastic', 'Glass', 'Metal']",216,very frequently,3302
private,lpg,8525,No,2,"['Plastic', 'Glass']",219,rarely,3837
private,hybrid,2366,Yes,3,[],167,very frequently,2656
walk/bicycle,No Vehicle,8,Yes,3,"['Plastic', 'Glass', 'Metal']",213,frequently,1675
private,petrol,5599,Sometimes,2,"['Paper', 'Metal']",91,frequently,4805
walk/bicycle,No Vehicle,94,No,6,"['Paper', 'Plastic', 'Glass', 'Metal']",292,rarely,1262
public,No Vehicle,1802,Sometimes,1,"['Glass', 'Metal']",130,rarely,1269
public,No Vehicle,854,Yes,4,"['Glass', 'Metal']",223,never,1892
private,electric,1692,No,1,"['Paper', 'Plastic', 'Glass']",250,rarely,1131
private,electric,9410,Sometimes,3,"['Plastic', 'Glass', 'Metal']",198,rarely,1693
private,electric,285,No,6,"['Paper', 'Metal']",155,frequently,1903
walk/bicycle,No Vehicle,81,Yes,7,['Plastic'],224,never,2682
private,lpg,7102,Sometimes,3,['Plastic'],213,rarely,3155
private,lpg,5085,Sometimes,5,['Glass'],113,very frequently,4215
walk/bicycle,No Vehicle,2,Yes,6,"['Plastic', 'Metal']",70,rarely,2418
private,hybrid,6525,Yes,3,['Plastic'],153,very frequently,3303
walk/bicycle,No Vehicle,35,No,2,"['Paper', 'Glass', 'Metal']",283,frequently,1601
private,hybrid,859,Sometimes,2,"['Plastic', 'Metal']",156,very frequently,2649
walk/bicycle,No Vehicle,97,Sometimes,7,"['Paper', 'Glass', 'Metal']",166,frequently,1432
private,lpg,7496,Sometimes,2,"['Plastic', 'Glass', 'Metal']",128,frequently,3076
public,No Vehicle,1087,Sometimes,6,['Metal'],235,very frequently,3735
public,No Vehicle,715,Sometimes,6,"['Paper', 'Plastic', 'Glass']",104,never,1212
private,petrol,1420,Yes,3,"['Plastic', 'Glass', 'Metal']",169,very frequently,2373
public,No Vehicle,1622,No,5,"['Paper', 'Plastic', 'Metal']",280,very frequently,2542
public,No Vehicle,1208,Yes,6,['Plastic'],210,never,2100
public,No Vehicle,453,Yes,6,['Plastic'],153,rarely,1302
walk/bicycle,No Vehicle,23,Yes,2,"['Paper', 'Glass']",50,rarely,1247
public,No Vehicle,1274,Yes,2,"['Paper', 'Plastic', 'Metal']",98,very frequently,1917
public,No Vehicle,455,No,7,"['Plastic', 'Glass', 'Metal']",119,never,1622
private,hybrid,8502,Sometimes,4,"['Paper', 'Metal']",68,very frequently,3499
walk/bicycle,No Vehicle,72,Sometimes,3,['Plastic'],275,never,1570
walk/bicycle,No Vehicle,31,Sometimes,5,"['Plastic', 'Glass']",132,very frequently,3401
private,diesel,3560,Sometimes,5,"['Paper', 'Glass', 'Metal']",151,very frequently,2388
walk/bicycle,No Vehicle,54,Sometimes,1,"['Paper', 'Plastic', 'Glass']",222,very frequently,1733
public,No Vehicle,141,No,4,"['Plastic', 'Glass']",252,frequently,1592
private,lpg,7525,Sometimes,1,"['Paper', 'Plastic', 'Glass']",201,never,3561
public,No Vehicle,104,No,4,"['Paper', 'Plastic']",52,frequently,2457
private,petrol,4646,Yes,4,"['Paper', 'Plastic']",244,frequently,4055
walk/bicycle,No Vehicle,7,Sometimes,2,"['Plastic', 'Glass', 'Metal']",167,very frequently,2678
private,diesel,9799,Sometimes,2,"['Plastic', 'Glass']",94,very frequently,4104
public,No Vehicle,1795,Sometimes,3,['Glass'],109,very frequently,2390
private,hybrid,6484,Yes,3,['Plastic'],125,rarely,1961
public,No Vehicle,296,Yes,6,['Plastic'],90,rarely,1535
walk/bicycle,No Vehicle,83,No,4,[],228,very frequently,3097
private,diesel,5961,Sometimes,2,['Glass'],96,very frequently,3638
walk/bicycle,No Vehicle,85,No,6,"['Paper', 'Plastic', 'Glass', 'Metal']",113,never,1011
private,hybrid,9982,No,7,"['Plastic', 'Metal']",299,very frequently,3601
private,petrol,2816,No,7,"['Plastic', 'Glass']",50,rarely,2818
private,lpg,2750,No,5,"['Paper', 'Plastic', 'Metal']",237,very frequently,4018
private,lpg,8631,No,5,['Paper'],199,very frequently,4793
walk/bicycle,No Vehicle,19,Sometimes,2,['Glass'],256,frequently,2182
walk/bicycle,No Vehicle,63,Sometimes,1,['Glass'],66,frequently,1702
public,No Vehicle,325,No,5,"['Paper', 'Plastic', 'Glass']",95,rarely,2409
walk/bicycle,No Vehicle,55,Sometimes,2,['Plastic'],72,rarely,1411
public,No Vehicle,562,No,6,['Glass'],278,rarely,2209
private,lpg,5711,Sometimes,5,"['Paper', 'Plastic', 'Glass', 'Metal']",169,very frequently,3764
public,No Vehicle,1386,No,4,['Paper'],290,rarely,1667
private,lpg,5915,No,6,"['Paper', 'Plastic', 'Metal']",193,never,2714
public,No Vehicle,67,Sometimes,4,"['Plastic', 'Glass', 'Metal']",51,rarely,1502
public,No Vehicle,1918,Yes,6,"['Plastic', 'Glass', 'Metal']",297,frequently,2142
private,diesel,9120,Yes,5,['Metal'],290,very frequently,6125
public,No Vehicle,724,Yes,3,"['Paper', 'Plastic', 'Metal']",60,rarely,637
public,No Vehicle,1713,Sometimes,4,"['Paper', 'Plastic']",223,very frequently,3023
private,hybrid,6751,Yes,6,"['Glass', 'Metal']",83,never,3505
public,No Vehicle,829,Sometimes,3,"['Paper', 'Glass']",250,rarely,2090
private,lpg,5784,Yes,6,['Glass'],244,frequently,3374
walk/bicycle,No Vehicle,13,No,4,"['Plastic', 'Metal']",150,rarely,1825
public,No Vehicle,1336,Yes,1,"['Plastic', 'Glass', 'Metal']",291,rarely,1531
private,hybrid,7585,No,5,"['Paper', 'Plastic', 'Metal']",181,very frequently,4110
walk/bicycle,No Vehicle,40,Yes,7,['Plastic'],116,frequently,1899
walk/bicycle,No Vehicle,0,Sometimes,4,"['Paper', 'Plastic', 'Glass', 'Metal']",225,very frequently,2912
walk/bicycle,No Vehicle,22,No,3,['Paper'],98,frequently,1728
public,No Vehicle,354,No,1,"['Paper', 'Metal']",95,frequently,1484
public,No Vehicle,1176,No,7,"['Paper', 'Plastic', 'Glass']",255,frequently,2256
walk/bicycle,No Vehicle,33,Sometimes,6,"['Paper', 'Plastic']",179,never,1517
public,No Vehicle,1719,No,4,"['Paper', 'Metal']",87,rarely,2250
walk/bicycle,No Vehicle,84,Sometimes,7,"['Plastic', 'Glass']",281,never,1368
private,lpg,6358,Sometimes,7,"['Plastic', 'Metal']",105,rarely,4405
private,electric,8929,Yes,6,"['Paper', 'Plastic', 'Glass', 'Metal']",73,rarely,1515
private,lpg,7462,Yes,3,['Metal'],111,frequently,4717
walk/bicycle,No Vehicle,7,Sometimes,6,"['Glass', 'Metal']",115,frequently,2006
private,electric,1621,No,2,[],56,rarely,1382
public,No Vehicle,1179,Sometimes,3,"['Glass', 'Metal']",281,never,1360
private,hybrid,9601,Yes,4,"['Plastic', 'Glass', 'Metal']",204,rarely,3152
walk/bicycle,No Vehicle,9,Sometimes,3,"['Paper', 'Plastic']",256,very frequently,2160
private,diesel,7328,Sometimes,4,['Paper'],136,frequently,3323
walk/bicycle,No Vehicle,0,No,7,"['Paper', 'Glass', 'Metal']",84,never,1735
public,No Vehicle,678,Yes,1,"['Plastic', 'Metal']",245,very frequently,2710
walk/bicycle,No Vehicle,31,Yes,1,['Paper'],130,frequently,1431
walk/bicycle,No Vehicle,44,Yes,7,"['Glass', 'Metal']",159,never,1745
public,No Vehicle,939,No,7,"['Paper', 'Plastic', 'Glass', 'Metal']",251,never,1298
public,No Vehicle,972,Yes,7,"['Paper', 'Plastic', 'Metal']",64,rarely,696
private,petrol,193,No,2,['Glass'],239,very frequently,2824
walk/bicycle,No Vehicle,6,Yes,3,['Glass'],132,never,2068
private,electric,1962,Yes,6,['Metal'],153,never,1672
private,hybrid,6245,No,7,"['Paper', 'Glass', 'Metal']",79,very frequently,4296
public,No Vehicle,1951,Yes,1,"['Paper', 'Plastic', 'Glass', 'Metal']",157,rarely,1525
public,No Vehicle,1214,No,4,"['Paper', 'Plastic', 'Glass', 'Metal']",59,frequently,1638
public,No Vehicle,1746,No,5,"['Glass', 'Metal']",168,frequently,1946
walk/bicycle,No Vehicle,45,Sometimes,7,"['Plastic', 'Glass']",265,frequently,2945
walk/bicycle,No Vehicle,37,Yes,7,['Glass'],103,very frequently,3179
walk/bicycle,No Vehicle,5,Sometimes,5,"['Plastic', 'Metal']",197,never,1220
private,diesel,794,Sometimes,6,"['Glass', 'Metal']",164,very frequently,4170
walk/bicycle,No Vehicle,56,No,5,"['Plastic', 'Metal']",238,very frequently,2475
walk/bicycle,No Vehicle,95,Yes,3,"['Paper', 'Glass']",181,never,1067
walk/bicycle,No Vehicle,88,Sometimes,4,"['Paper', 'Glass', 'Metal']",110,never,1315
public,No Vehicle,1309,Yes,1,"['Paper', 'Glass', 'Metal']",261,rarely,759
public,No Vehicle,415,No,2,"['Plastic', 'Glass']",242,very frequently,2938
public,No Vehicle,1208,Yes,5,"['Paper', 'Metal']",233,never,2292
private,diesel,283,No,7,"['Paper', 'Metal']",197,rarely,1958
private,petrol,8730,Sometimes,2,"['Plastic', 'Metal']",227,very frequently,6030
public,No Vehicle,722,Yes,1,"['Plastic', 'Glass']",167,rarely,2027
private,hybrid,417,Yes,4,"['Paper', 'Glass']",63,rarely,1456
private,electric,9607,No,7,"['Paper', 'Plastic', 'Glass', 'Metal']",258,very frequently,2944
walk/bicycle,No Vehicle,52,No,1,"['Plastic', 'Metal']",185,frequently,1278
public,No Vehicle,1327,No,1,"['Glass', 'Metal']",181,rarely,1495
public,No Vehicle,1314,No,3,[],61,frequently,1559
private,hybrid,9291,No,5,"['Plastic', 'Glass', 'Metal']",186,never,3596
public,No Vehicle,499,Sometimes,6,['Plastic'],56,rarely,1678
public,No Vehicle,867,Yes,7,['Metal'],55,rarely,2266
walk/bicycle,No Vehicle,69,No,3,"['Paper', 'Plastic', 'Glass', 'Metal']",93,very frequently,3129
public,No Vehicle,368,Sometimes,1,"['Paper', 'Plastic']",183,never,1109
public,No Vehicle,130,No,1,"['Plastic', 'Glass', 'Metal']",74,frequently,890
private,hybrid,2780,Sometimes,7,"['Paper', 'Glass']",224,very frequently,2554
walk/bicycle,No Vehicle,65,Yes,5,"['Plastic', 'Metal']",54,rarely,1872
public,No Vehicle,1914,Yes,4,"['Paper', 'Plastic']",53,frequently,1766
private,petrol,7057,Yes,6,"['Glass', 'Metal']",272,rarely,4784
walk/bicycle,No Vehicle,54,Yes,7,"['Plastic', 'Glass', 'Metal']",58,very frequently,2544
public,No Vehicle,218,Sometimes,7,['Paper'],156,frequently,2056
private,electric,9529,No,7,"['Paper', 'Glass', 'Metal']",279,rarely,1944
walk/bicycle,No Vehicle,35,Sometimes,1,"['Paper', 'Plastic']",146,never,847
walk/bicycle,No Vehicle,26,Yes,7,"['Paper', 'Glass']",288,rarely,2279
private,petrol,570,Sometimes,7,"['Glass', 'Metal']",289,frequently,3143
public,No Vehicle,1357,No,5,"['Paper', 'Glass']",165,very frequently,2559
private,diesel,6155,Sometimes,6,"['Paper', 'Plastic']",188,never,3515
private,electric,3093,Yes,1,['Glass'],217,never,1290
walk/bicycle,No Vehicle,34,Yes,5,['Paper'],199,very frequently,3001
walk/bicycle,No Vehicle,24,Yes,7,"['Paper', 'Glass']",215,rarely,2575
public,No Vehicle,547,Sometimes,3,['Plastic'],257,never,942
walk/bicycle,No Vehicle,66,Sometimes,7,"['Paper', 'Plastic', 'Glass']",198,rarely,1741
public,No Vehicle,1687,Yes,5,['Paper'],278,never,1751
private,electric,4312,No,3,['Metal'],60,never,1095
walk/bicycle,No Vehicle,93,Yes,5,"['Plastic', 'Glass', 'Metal']",191,rarely,2249
private,lpg,2407,Yes,1,"['Paper', 'Plastic', 'Metal']",294,very frequently,2577
walk/bicycle,No Vehicle,68,Yes,1,"['Plastic', 'Metal']",77,very frequently,2463
private,lpg,6671,No,7,"['Paper', 'Plastic', 'Glass']",254,never,3436
public,No Vehicle,755,Yes,3,"['Glass', 'Metal']",50,rarely,1115
walk/bicycle,No Vehicle,7,Sometimes,6,['Metal'],235,rarely,1910
private,electric,659,Sometimes,1,"['Paper', 'Plastic']",204,never,876
walk/bicycle,No Vehicle,98,No,5,"['Paper', 'Glass', 'Metal']",227,rarely,1733
public,No Vehicle,1837,Yes,4,"['Paper', 'Plastic', 'Glass']",92,never,1433
public,No Vehicle,1523,Sometimes,4,"['Plastic', 'Glass', 'Metal']",289,rarely,1861
public,No Vehicle,702,Sometimes,7,['Plastic'],116,never,2059
public,No Vehicle,907,Yes,3,"['Paper', 'Plastic', 'Metal']",222,never,930
private,hybrid,3023,Yes,5,"['Paper', 'Plastic', 'Glass']",238,rarely,2511
private,lpg,7987,Yes,5,"['Paper', 'Glass']",77,very frequently,5767
private,electric,8850,Sometimes,6,"['Paper', 'Plastic']",299,never,1811
walk/bicycle,No Vehicle,34,Yes,7,"['Glass', 'Metal']",129,rarely,2685
walk/bicycle,No Vehicle,27,Sometimes,5,[],246,rarely,1532
walk/bicycle,No Vehicle,61,No,4,"['Paper', 'Plastic', 'Metal']",238,very frequently,2897
walk/bicycle,No Vehicle,78,Yes,4,"['Paper', 'Glass']",177,never,1021
walk/bicycle,No Vehicle,22,No,3,"['Plastic', 'Glass', 'Metal']",268,frequently,2041
private,electric,8066,No,2,"['Plastic', 'Glass']",226,rarely,1197
walk/bicycle,No Vehicle,29,No,5,"['Paper', 'Metal']",128,never,1558
public,No Vehicle,1493,No,6,"['Plastic', 'Glass']",171,very frequently,4102
walk/bicycle,No Vehicle,58,Sometimes,4,"['Paper', 'Metal']",75,frequently,1698
public,No Vehicle,1343,No,5,"['Paper', 'Metal']",94,never,1353
walk/bicycle,No Vehicle,45,Yes,4,['Glass'],268,never,1914
private,hybrid,6319,Sometimes,6,"['Paper', 'Glass', 'Metal']",209,frequently,2774
private,lpg,9758,No,1,['Glass'],136,rarely,5425
public,No Vehicle,1112,No,5,"['Paper', 'Plastic']",118,frequently,1860
private,electric,8845,Sometimes,2,[],225,frequently,1822
walk/bicycle,No Vehicle,39,Sometimes,1,['Plastic'],126,frequently,1866
public,No Vehicle,1138,Sometimes,2,"['Paper', 'Plastic', 'Glass', 'Metal']",273,very frequently,2015
private,hybrid,9723,No,4,"['Glass', 'Metal']",171,very frequently,3463
public,No Vehicle,1775,Yes,3,['Glass'],142,rarely,1141
private,diesel,9235,Yes,4,"['Plastic', 'Metal']",172,never,4614
public,No Vehicle,944,Sometimes,3,"['Paper', 'Plastic', 'Glass', 'Metal']",270,very frequently,2513
public,No Vehicle,66,No,1,"['Plastic', 'Glass']",186,very frequently,2547
walk/bicycle,No Vehicle,92,Yes,4,"['Plastic', 'Glass']",174,very frequently,2025
private,petrol,2114,No,6,['Glass'],285,very frequently,4495
walk/bicycle,No Vehicle,80,Sometimes,6,"['Paper', 'Plastic', 'Glass', 'Metal']",259,never,1810
walk/bicycle,No Vehicle,65,No,7,['Plastic'],191,very frequently,3684
walk/bicycle,No Vehicle,61,Yes,3,"['Plastic', 'Glass']",248,frequently,2032
public,No Vehicle,976,Yes,3,"['Plastic', 'Glass']",122,never,1356
private,lpg,3296,No,6,"['Plastic', 'Glass', 'Metal']",226,frequently,3831
private,diesel,869,Yes,2,"['Paper', 'Plastic', 'Metal']",256,rarely,1230
public,No Vehicle,754,Yes,1,['Metal'],157,very frequently,2564
private,hybrid,1309,Yes,2,[],256,frequently,2328
public,No Vehicle,1690,Yes,3,"['Plastic', 'Metal']",246,never,1533
walk/bicycle,No Vehicle,44,No,2,"['Paper', 'Glass']",90,frequently,1362
walk/bicycle,No Vehicle,4,Yes,2,"['Paper', 'Plastic', 'Metal']",92,very frequently,2104
walk/bicycle,No Vehicle,4,Yes,3,"['Paper', 'Glass', 'Metal']",141,rarely,921
public,No Vehicle,691,Sometimes,5,['Metal'],272,frequently,1359
public,No Vehicle,1788,No,5,['Metal'],201,never,1918
private,petrol,535,Yes,6,['Glass'],260,rarely,2566
walk/bicycle,No Vehicle,81,Yes,5,['Metal'],72,rarely,1435
private,petrol,1777,Yes,1,"['Plastic', 'Glass', 'Metal']",116,very frequently,2731
private,hybrid,7899,Yes,2,['Paper'],285,very frequently,5122
public,No Vehicle,192,No,1,"['Paper', 'Plastic', 'Glass', 'Metal']",154,rarely,781
public,No Vehicle,1090,No,4,"['Paper', 'Plastic', 'Glass', 'Metal']",158,frequently,1714
public,No Vehicle,542,Sometimes,3,"['Glass', 'Metal']",62,very frequently,1850
walk/bicycle,No Vehicle,41,No,3,"['Plastic', 'Metal']",234,rarely,1332
public,No Vehicle,1192,No,3,['Plastic'],164,very frequently,3117
public,No Vehicle,1922,No,7,"['Plastic', 'Glass', 'Metal']",99,frequently,1986
public,No Vehicle,1256,No,1,"['Glass', 'Metal']",136,frequently,1762
private,lpg,5350,Yes,7,['Plastic'],67,frequently,3308
walk/bicycle,No Vehicle,38,No,6,['Glass'],160,never,1721
private,electric,9455,Sometimes,7,"['Paper', 'Plastic', 'Glass']",215,very frequently,2049
walk/bicycle,No Vehicle,87,No,6,"['Paper', 'Plastic', 'Glass']",122,frequently,1586
walk/bicycle,No Vehicle,10,Sometimes,1,"['Glass', 'Metal']",195,rarely,822
public,No Vehicle,1779,No,1,[],133,rarely,1415
public,No Vehicle,471,Yes,6,"['Plastic', 'Metal']",265,frequently,2145
walk/bicycle,No Vehicle,84,No,5,"['Paper', 'Metal']",184,rarely,1596
public,No Vehicle,1767,No,4,"['Paper', 'Glass', 'Metal']",64,frequently,1590
public,No Vehicle,983,Yes,4,"['Plastic', 'Glass']",229,frequently,2347
private,lpg,8017,No,7,"['Plastic', 'Glass', 'Metal']",52,very frequently,4300
walk/bicycle,No Vehicle,89,Yes,4,"['Paper', 'Plastic', 'Glass']",218,rarely,1663
private,lpg,5322,Yes,7,"['Paper', 'Glass']",235,frequently,4247
public,No Vehicle,1682,No,6,['Metal'],55,very frequently,2734
walk/bicycle,No Vehicle,56,No,6,"['Plastic', 'Glass']",221,frequently,2385
private,hybrid,3071,Sometimes,3,['Metal'],258,very frequently,4209
private,petrol,5908,Sometimes,6,"['Paper', 'Plastic', 'Glass']",87,very frequently,4046
public,No Vehicle,652,No,7,"['Plastic', 'Glass']",268,frequently,1639
walk/bicycle,No Vehicle,16,No,5,"['Glass', 'Metal']",233,never,1281
walk/bicycle,No Vehicle,72,Yes,1,[],112,very frequently,2571
walk/bicycle,No Vehicle,7,Sometimes,4,"['Paper', 'Plastic', 'Metal']",58,never,545
walk/bicycle,No Vehicle,20,No,2,"['Glass', 'Metal']",102,never,1287
public,No Vehicle,40,No,3,['Metal'],263,rarely,1249
walk/bicycle,No Vehicle,64,Yes,2,['Glass'],174,never,965
private,electric,250,Sometimes,3,['Plastic'],102,rarely,1634
public,No Vehicle,1230,No,3,"['Paper', 'Plastic', 'Glass']",120,very frequently,3297
walk/bicycle,No Vehicle,8,Sometimes,2,"['Paper', 'Plastic', 'Metal']",289,rarely,1490
public,No Vehicle,1264,No,7,"['Paper', 'Plastic']",204,frequently,2480
walk/bicycle,No Vehicle,65,No,7,['Glass'],52,very frequently,3359
private,diesel,1606,No,5,['Glass'],225,frequently,2958
private,electric,3721,Sometimes,7,"['Plastic', 'Glass', 'Metal']",154,frequently,2900
private,diesel,164,Yes,3,"['Glass', 'Metal']",130,very frequently,2779
private,lpg,3662,No,5,"['Plastic', 'Metal']",94,never,2516
walk/bicycle,No Vehicle,91,No,1,['Glass'],108,very frequently,2251
walk/bicycle,No Vehicle,20,Sometimes,1,"['Paper', 'Metal']",97,very frequently,2130
walk/bicycle,No Vehicle,89,No,3,"['Glass', 'Metal']",163,frequently,1671
public,No Vehicle,1382,Yes,7,['Plastic'],175,very frequently,3927
private,electric,9663,Yes,2,['Metal'],211,very frequently,2408
walk/bicycle,No Vehicle,76,Sometimes,7,['Plastic'],158,rarely,1723
public,No Vehicle,1296,No,4,"['Glass', 'Metal']",211,rarely,1785
walk/bicycle,No Vehicle,16,No,6,"['Paper', 'Plastic', 'Glass', 'Metal']",152,very frequently,2044
walk/bicycle,No Vehicle,92,Sometimes,4,"['Paper', 'Plastic', 'Glass', 'Metal']",148,never,1335
public,No Vehicle,1438,No,7,"['Paper', 'Plastic']",134,rarely,2562
walk/bicycle,No Vehicle,21,Sometimes,6,"['Plastic', 'Glass', 'Metal']",105,very frequently,3413
private,petrol,1798,No,1,"['Paper', 'Plastic']",169,frequently,2722
walk/bicycle,No Vehicle,94,Yes,3,['Glass'],177,never,1762
public,No Vehicle,1415,Sometimes,7,"['Plastic', 'Glass', 'Metal']",158,frequently,1906
walk/bicycle,No Vehicle,65,Yes,4,"['Paper', 'Plastic', 'Metal']",246,frequently,2501
private,hybrid,736,Sometimes,3,"['Plastic', 'Glass', 'Metal']",146,rarely,2125
private,petrol,7763,No,6,['Metal'],191,rarely,3733
private,lpg,6079,Yes,5,"['Plastic', 'Metal']",191,rarely,3219
public,No Vehicle,874,Sometimes,1,"['Plastic', 'Glass']",243,very frequently,2744
private,petrol,5595,Yes,7,"['Paper', 'Glass', 'Metal']",108,frequently,3706
private,electric,3572,Sometimes,4,"['Plastic', 'Glass', 'Metal']",260,rarely,1503
public,No Vehicle,185,Sometimes,2,"['Plastic', 'Metal']",127,frequently,1862
walk/bicycle,No Vehicle,99,No,4,"['Paper', 'Plastic', 'Glass', 'Metal']",260,never,1785
public,No Vehicle,1941,Sometimes,4,"['Paper', 'Glass', 'Metal']",255,frequently,2091
walk/bicycle,No Vehicle,82,Sometimes,7,"['Paper', 'Glass']",247,never,2110
private,diesel,5086,No,2,"['Paper', 'Plastic', 'Metal']",238,very frequently,3463
public,No Vehicle,739,Yes,3,"['Paper', 'Plastic', 'Glass', 'Metal']",268,never,957
private,diesel,5447,Sometimes,7,['Plastic'],73,frequently,4058
private,petrol,9462,Sometimes,4,['Plastic'],289,never,4302
walk/bicycle,No Vehicle,12,Sometimes,7,"['Glass', 'Metal']",182,never,1898
public,No Vehicle,542,Sometimes,3,"['Paper', 'Glass']",255,very frequently,2672
walk/bicycle,No Vehicle,3,Yes,5,"['Paper', 'Plastic']",96,never,874
walk/bicycle,No Vehicle,39,Sometimes,1,"['Paper', 'Glass', 'Metal']",268,never,1005
private,petrol,3251,Sometimes,1,"['Paper', 'Glass']",293,rarely,2991
private,hybrid,3206,Yes,7,"['Paper', 'Glass']",184,never,2693
private,diesel,4619,Sometimes,5,"['Paper', 'Plastic']",154,very frequently,3998
private,hybrid,9077,Sometimes,6,"['Paper', 'Plastic', 'Glass', 'Metal']",141,rarely,2778
private,petrol,2015,Sometimes,5,['Glass'],185,never,1985
private,petrol,7587,Yes,4,"['Paper', 'Glass', 'Metal']",247,never,3796
walk/bicycle,No Vehicle,96,No,7,"['Paper', 'Plastic', 'Glass', 'Metal']",255,very frequently,3927
walk/bicycle,No Vehicle,50,Yes,5,"['Paper', 'Plastic', 'Glass', 'Metal']",210,rarely,1365
walk/bicycle,No Vehicle,96,No,3,['Paper'],199,frequently,1401
walk/bicycle,No Vehicle,18,No,7,[],230,frequently,2678
private,lpg,1205,Sometimes,2,"['Plastic', 'Metal']",131,very frequently,3188
public,No Vehicle,1694,Yes,6,"['Paper', 'Plastic', 'Glass', 'Metal']",247,rarely,1703
private,diesel,5847,Sometimes,6,"['Paper', 'Glass']",262,very frequently,4928
private,electric,4277,Yes,7,"['Plastic', 'Glass']",122,rarely,2997
public,No Vehicle,1498,No,4,"['Plastic', 'Glass', 'Metal']",162,rarely,1608
walk/bicycle,No Vehicle,1,Sometimes,2,"['Paper', 'Plastic', 'Glass']",274,frequently,1545
public,No Vehicle,1692,No,3,"['Plastic', 'Glass']",235,very frequently,2516
walk/bicycle,No Vehicle,86,Sometimes,3,"['Plastic', 'Metal']",123,never,1900
public,No Vehicle,1468,Sometimes,5,"['Plastic', 'Metal']",209,rarely,2064
public,No Vehicle,1680,Yes,1,"['Paper', 'Plastic', 'Glass', 'Metal']",109,never,1321
public,No Vehicle,1867,Yes,2,['Glass'],199,frequently,2078
walk/bicycle,No Vehicle,12,Yes,6,['Glass'],288,never,2183
walk/bicycle,No Vehicle,18,Sometimes,3,"['Paper', 'Glass', 'Metal']",165,very frequently,2884
walk/bicycle,No Vehicle,35,Sometimes,7,"['Plastic', 'Glass', 'Metal']",296,never,1745
walk/bicycle,No Vehicle,10,Yes,7,"['Paper', 'Plastic', 'Metal']",94,rarely,1730
private,electric,2820,No,4,"['Plastic', 'Glass']",160,frequently,1650
private,hybrid,1881,Sometimes,7,"['Paper', 'Plastic']",199,rarely,1659
walk/bicycle,No Vehicle,80,Yes,4,[],187,rarely,1964
private,hybrid,8575,No,1,"['Glass', 'Metal']",100,frequently,3373
walk/bicycle,No Vehicle,74,Yes,4,['Metal'],128,frequently,2158
walk/bicycle,No Vehicle,4,Sometimes,7,"['Plastic', 'Glass']",90,rarely,1492
walk/bicycle,No Vehicle,98,Yes,7,[],159,never,1443
public,No Vehicle,704,No,6,['Paper'],52,very frequently,2360
public,No Vehicle,558,No,2,['Glass'],267,frequently,2531
private,hybrid,768,Sometimes,7,"['Plastic', 'Glass']",210,frequently,2605
walk/bicycle,No Vehicle,79,Sometimes,7,"['Plastic', 'Metal']",111,very frequently,3192
walk/bicycle,No Vehicle,38,No,2,"['Paper', 'Plastic', 'Glass']",93,rarely,1116
public,No Vehicle,1495,Sometimes,6,"['Paper', 'Glass', 'Metal']",248,frequently,1944
walk/bicycle,No Vehicle,98,Sometimes,3,['Paper'],72,very frequently,2119
public,No Vehicle,444,No,1,"['Paper', 'Metal']",53,never,897
private,hybrid,317,Sometimes,7,['Metal'],189,frequently,2191
private,electric,6204,No,6,"['Paper', 'Metal']",59,frequently,1358
private,diesel,5175,Yes,6,[],118,rarely,3538
walk/bicycle,No Vehicle,82,Sometimes,3,['Metal'],291,frequently,1413
public,No Vehicle,238,Yes,6,"['Paper', 'Plastic', 'Glass', 'Metal']",151,very frequently,2310
private,hybrid,6239,No,6,"['Paper', 'Plastic', 'Metal']",228,rarely,2951
walk/bicycle,No Vehicle,70,Yes,7,['Plastic'],57,never,842
private,hybrid,9914,Sometimes,3,['Plastic'],181,rarely,2983
public,No Vehicle,515,No,1,"['Plastic', 'Metal']",210,frequently,1857
public,No Vehicle,1405,Sometimes,4,"['Paper', 'Plastic', 'Metal']",261,never,1453
walk/bicycle,No Vehicle,28,Sometimes,3,['Paper'],275,never,1090
public,No Vehicle,237,No,6,"['Paper', 'Plastic', 'Glass']",281,frequently,1765
walk/bicycle,No Vehicle,68,No,3,['Plastic'],171,never,620
walk/bicycle,No Vehicle,59,Sometimes,4,"['Paper', 'Metal']",77,never,798
walk/bicycle,No Vehicle,45,No,7,"['Paper', 'Metal']",237,never,1195
private,petrol,7864,Yes,4,['Metal'],65,very frequently,5032
public,No Vehicle,1641,Yes,6,"['Paper', 'Plastic', 'Metal']",221,rarely,1836
public,No Vehicle,1431,No,3,"['Paper', 'Glass', 'Metal']",136,never,1858
private,hybrid,9991,No,3,"['Glass', 'Metal']",127,never,3402
private,lpg,1504,Yes,6,['Glass'],51,never,1329
public,No Vehicle,1277,Yes,3,['Glass'],238,rarely,1388
public,No Vehicle,484,Sometimes,6,"['Paper', 'Glass']",137,never,1558
private,electric,9418,Sometimes,3,"['Paper', 'Glass', 'Metal']",261,rarely,1418
walk/bicycle,No Vehicle,40,Yes,5,"['Paper', 'Plastic', 'Glass']",178,very frequently,2515
private,lpg,9022,Yes,6,"['Paper', 'Metal']",238,frequently,4466
private,petrol,931,Sometimes,1,"['Plastic', 'Glass']",79,very frequently,3158
walk/bicycle,No Vehicle,9,No,7,"['Glass', 'Metal']",227,rarely,1894
public,No Vehicle,1197,Sometimes,1,"['Paper', 'Plastic', 'Glass']",126,frequently,1904
public,No Vehicle,1466,Sometimes,1,"['Paper', 'Glass', 'Metal']",187,never,1396
walk/bicycle,No Vehicle,49,Sometimes,1,"['Plastic', 'Metal']",135,frequently,1343
private,electric,3598,No,6,"['Paper', 'Plastic', 'Metal']",72,frequently,2432
private,petrol,6793,No,3,[],128,never,3074
private,electric,2325,No,3,"['Plastic', 'Metal']",147,never,1034
walk/bicycle,No Vehicle,94,Yes,5,"['Glass', 'Metal']",240,frequently,2248
private,hybrid,2209,Sometimes,5,['Glass'],209,frequently,2341
public,No Vehicle,488,No,4,[],100,frequently,2246
public,No Vehicle,1885,Yes,7,"['Plastic', 'Glass', 'Metal']",84,rarely,1179
private,petrol,6364,No,3,[],138,frequently,4877
walk/bicycle,No Vehicle,9,No,7,"['Plastic', 'Glass']",273,never,1455
public,No Vehicle,324,Yes,4,['Glass'],286,very frequently,3130
walk/bicycle,No Vehicle,5,Sometimes,6,"['Paper', 'Plastic']",188,very frequently,2826
walk/bicycle,No Vehicle,80,Sometimes,1,['Metal'],233,rarely,1462
walk/bicycle,No Vehicle,22,Sometimes,2,"['Paper', 'Glass', 'Metal']",256,very frequently,2389
walk/bicycle,No Vehicle,80,No,5,"['Plastic', 'Glass', 'Metal']",127,very frequently,1792
public,No Vehicle,1537,Sometimes,4,['Glass'],159,frequently,1809
walk/bicycle,No Vehicle,67,Yes,2,"['Plastic', 'Metal']",167,very frequently,1844
walk/bicycle,No Vehicle,53,No,1,['Paper'],50,never,1161
private,diesel,1805,Sometimes,5,"['Plastic', 'Glass']",250,never,2570
public,No Vehicle,1918,Yes,2,"['Paper', 'Glass', 'Metal']",180,rarely,1201
private,diesel,759,Sometimes,5,"['Paper', 'Glass']",160,rarely,2289
walk/bicycle,No Vehicle,49,No,5,"['Plastic', 'Metal']",68,never,854
walk/bicycle,No Vehicle,40,Sometimes,6,"['Paper', 'Plastic', 'Metal']",119,very frequently,2888
private,electric,6704,No,3,"['Paper', 'Plastic', 'Glass']",250,frequently,2271
walk/bicycle,No Vehicle,44,No,1,"['Paper', 'Glass', 'Metal']",65,rarely,369
walk/bicycle,No Vehicle,29,Sometimes,6,"['Paper', 'Glass']",95,very frequently,2487
walk/bicycle,No Vehicle,69,Sometimes,3,"['Plastic', 'Metal']",62,rarely,1033
private,petrol,1982,Yes,3,"['Paper', 'Plastic']",279,very frequently,2933
private,electric,9685,No,7,['Paper'],232,frequently,2594
public,No Vehicle,934,Sometimes,1,"['Paper', 'Metal']",293,frequently,1765
walk/bicycle,No Vehicle,16,Yes,3,"['Paper', 'Plastic', 'Glass', 'Metal']",158,very frequently,2212
walk/bicycle,No Vehicle,96,Yes,3,"['Plastic', 'Metal']",120,very frequently,1890
walk/bicycle,No Vehicle,77,Sometimes,1,"['Paper', 'Glass', 'Metal']",196,rarely,1380
walk/bicycle,No Vehicle,49,Yes,2,"['Paper', 'Plastic', 'Glass']",83,very frequently,2235
private,hybrid,9626,Sometimes,2,"['Paper', 'Glass', 'Metal']",211,very frequently,4181
private,hybrid,4996,No,1,"['Plastic', 'Glass', 'Metal']",70,very frequently,3352
walk/bicycle,No Vehicle,55,Yes,7,['Metal'],166,frequently,2732
walk/bicycle,No Vehicle,99,Sometimes,5,['Glass'],71,rarely,986
public,No Vehicle,1304,No,3,"['Plastic', 'Glass']",188,very frequently,2721
walk/bicycle,No Vehicle,22,Sometimes,2,['Paper'],253,very frequently,2776
public,No Vehicle,1262,No,5,"['Paper', 'Plastic', 'Glass', 'Metal']",223,frequently,1878
public,No Vehicle,1156,No,1,"['Paper', 'Plastic', 'Glass']",109,rarely,1366
walk/bicycle,No Vehicle,78,Sometimes,4,"['Glass', 'Metal']",268,never,1525
walk/bicycle,No Vehicle,40,No,6,"['Plastic', 'Metal']",240,rarely,1148
public,No Vehicle,525,No,6,"['Paper', 'Metal']",158,frequently,3406
public,No Vehicle,204,No,7,"['Paper', 'Metal']",195,very frequently,2521
public,No Vehicle,618,Yes,7,['Plastic'],193,rarely,1479
public,No Vehicle,1993,No,4,['Paper'],63,very frequently,2732
private,hybrid,9727,No,7,"['Plastic', 'Glass', 'Metal']",101,frequently,4786
walk/bicycle,No Vehicle,20,Yes,5,['Plastic'],254,frequently,1862
walk/bicycle,No Vehicle,48,Sometimes,3,"['Paper', 'Plastic', 'Glass', 'Metal']",197,never,1150
private,diesel,8082,Yes,1,['Plastic'],152,very frequently,3824
walk/bicycle,No Vehicle,77,No,3,['Metal'],281,frequently,2813
public,No Vehicle,1975,Yes,2,"['Glass', 'Metal']",223,never,1968
private,electric,1542,Sometimes,7,"['Paper', 'Metal']",140,very frequently,2401
public,No Vehicle,554,No,7,"['Paper', 'Plastic']",199,very frequently,2805
public,No Vehicle,1030,Yes,1,"['Glass', 'Metal']",152,rarely,1117
walk/bicycle,No Vehicle,86,No,2,"['Plastic', 'Glass', 'Metal']",247,frequently,1861
public,No Vehicle,22,Sometimes,5,"['Plastic', 'Glass']",219,frequently,2554
walk/bicycle,No Vehicle,62,Yes,5,"['Paper', 'Glass', 'Metal']",245,very frequently,2206
walk/bicycle,No Vehicle,8,Yes,7,"['Plastic', 'Metal']",252,very frequently,3581
public,No Vehicle,1028,No,3,['Plastic'],259,very frequently,3026
walk/bicycle,No Vehicle,22,Yes,1,['Paper'],189,very frequently,1527
walk/bicycle,No Vehicle,98,Yes,2,"['Glass', 'Metal']",118,frequently,2067
public,No Vehicle,211,Sometimes,6,"['Paper', 'Plastic', 'Metal']",120,very frequently,2559
private,petrol,1074,Yes,3,"['Glass', 'Metal']",262,rarely,1965
public,No Vehicle,1620,Yes,3,['Metal'],134,frequently,1797
walk/bicycle,No Vehicle,74,Sometimes,5,"['Paper', 'Plastic', 'Glass', 'Metal']",232,rarely,1179
private,electric,1048,Yes,1,"['Plastic', 'Glass']",256,very frequently,2292
walk/bicycle,No Vehicle,46,No,1,"['Paper', 'Plastic', 'Metal']",137,rarely,1040
public,No Vehicle,1561,No,3,"['Plastic', 'Glass', 'Metal']",253,rarely,1624
walk/bicycle,No Vehicle,88,Sometimes,5,"['Paper', 'Plastic', 'Metal']",112,frequently,1473
public,No Vehicle,119,Yes,4,['Metal'],202,frequently,1945
public,No Vehicle,505,Sometimes,1,"['Paper', 'Plastic', 'Glass', 'Metal']",195,very frequently,1666
private,petrol,6959,No,1,"['Plastic', 'Metal']",251,never,4808
walk/bicycle,No Vehicle,57,Sometimes,7,"['Paper', 'Plastic']",277,rarely,1823
walk/bicycle,No Vehicle,30,Sometimes,3,"['Paper', 'Plastic', 'Glass']",214,never,1284
public,No Vehicle,733,Sometimes,1,['Plastic'],275,very frequently,2597
walk/bicycle,No Vehicle,34,No,7,"['Paper', 'Plastic']",183,very frequently,2822
walk/bicycle,No Vehicle,88,Sometimes,3,['Paper'],175,very frequently,2607
private,diesel,3954,Yes,6,"['Glass', 'Metal']",95,never,1967
public,No Vehicle,1378,Yes,3,"['Paper', 'Plastic']",253,frequently,2809
public,No Vehicle,664,Yes,7,['Paper'],133,frequently,2361
public,No Vehicle,1699,Yes,5,"['Paper', 'Plastic', 'Glass', 'Metal']",202,never,855
public,No Vehicle,1702,Yes,2,['Plastic'],226,rarely,1263
walk/bicycle,No Vehicle,41,Yes,7,"['Paper', 'Plastic', 'Metal']",147,never,1437
walk/bicycle,No Vehicle,5,Sometimes,6,[],256,very frequently,2942
private,electric,3390,Yes,6,"['Paper', 'Glass', 'Metal']",256,frequently,2500
public,No Vehicle,1242,Sometimes,7,"['Plastic', 'Metal']",111,frequently,2394
public,No Vehicle,671,Sometimes,5,"['Paper', 'Plastic']",155,frequently,2511
private,electric,9035,No,7,"['Paper', 'Plastic', 'Glass', 'Metal']",172,never,1641
public,No Vehicle,358,Sometimes,7,"['Paper', 'Glass', 'Metal']",77,frequently,2458
walk/bicycle,No Vehicle,10,Yes,2,[],175,rarely,2059
public,No Vehicle,427,Sometimes,1,['Plastic'],81,rarely,1985
public,No Vehicle,1191,No,2,"['Paper', 'Plastic', 'Metal']",242,very frequently,2192
public,No Vehicle,196,Sometimes,1,"['Paper', 'Glass']",170,rarely,627
private,electric,1144,Yes,2,"['Glass', 'Metal']",233,very frequently,2418
walk/bicycle,No Vehicle,76,Yes,2,"['Paper', 'Metal']",204,very frequently,1851
walk/bicycle,No Vehicle,99,No,3,"['Paper', 'Plastic', 'Glass', 'Metal']",176,frequently,1814
private,lpg,2767,Yes,2,"['Plastic', 'Metal']",181,frequently,2091
public,No Vehicle,717,No,1,['Plastic'],270,rarely,1492
public,No Vehicle,1521,Sometimes,4,"['Paper', 'Plastic', 'Glass', 'Metal']",176,very frequently,2257
public,No Vehicle,1354,No,4,"['Paper', 'Glass']",258,frequently,2408
walk/bicycle,No Vehicle,99,Yes,7,"['Paper', 'Plastic', 'Glass', 'Metal']",263,very frequently,2520
private,petrol,6512,Yes,2,"['Paper', 'Plastic', 'Metal']",222,very frequently,5110
walk/bicycle,No Vehicle,45,Sometimes,1,['Metal'],155,never,1345
private,diesel,4097,Sometimes,5,"['Plastic', 'Glass', 'Metal']",192,frequently,3929
walk/bicycle,No Vehicle,76,Yes,1,"['Paper', 'Plastic', 'Glass']",121,never,1198
public,No Vehicle,1038,No,4,['Plastic'],189,rarely,2529
walk/bicycle,No Vehicle,24,Yes,2,['Glass'],287,never,1398
private,lpg,2962,Yes,2,"['Paper', 'Plastic', 'Metal']",261,never,1993
walk/bicycle,No Vehicle,86,Sometimes,5,"['Plastic', 'Glass']",87,very frequently,2200
private,hybrid,3630,Sometimes,7,"['Paper', 'Plastic', 'Metal']",62,very frequently,3088
walk/bicycle,No Vehicle,11,Sometimes,6,"['Paper', 'Glass']",168,never,656
private,diesel,7537,No,2,"['Plastic', 'Glass']",263,frequently,3256
public,No Vehicle,389,Yes,2,"['Plastic', 'Glass', 'Metal']",266,frequently,2341
public,No Vehicle,579,Sometimes,6,"['Plastic', 'Glass', 'Metal']",237,never,1159
private,electric,3462,Yes,4,['Metal'],57,rarely,1875
public,No Vehicle,924,Yes,6,['Metal'],140,frequently,2242
public,No Vehicle,1903,Yes,1,"['Plastic', 'Metal']",69,never,1079
private,hybrid,5509,No,5,"['Plastic', 'Metal']",89,frequently,3144
private,diesel,9885,Yes,3,"['Paper', 'Glass']",262,never,3561
walk/bicycle,No Vehicle,12,Yes,4,[],175,never,1524
private,hybrid,9947,No,7,[],97,rarely,3566
private,electric,6215,Yes,7,"['Paper', 'Plastic']",65,very frequently,2682
walk/bicycle,No Vehicle,20,Yes,3,"['Paper', 'Plastic', 'Glass']",144,rarely,2046
private,hybrid,6086,No,2,[],298,frequently,2759
private,electric,724,Yes,4,['Metal'],149,very frequently,3272
public,No Vehicle,1939,Yes,1,"['Paper', 'Plastic', 'Glass']",59,very frequently,2668
walk/bicycle,No Vehicle,8,Sometimes,6,[],173,very frequently,3119
private,lpg,8904,Sometimes,1,"['Paper', 'Metal']",163,rarely,3740
walk/bicycle,No Vehicle,8,Yes,4,"['Paper', 'Metal']",205,never,1369
public,No Vehicle,830,No,3,"['Paper', 'Glass']",152,rarely,1604
private,electric,6776,No,4,"['Paper', 'Metal']",57,very frequently,2542
public,No Vehicle,465,Sometimes,7,"['Paper', 'Plastic']",252,rarely,1964
walk/bicycle,No Vehicle,98,Yes,1,['Plastic'],254,frequently,2029
walk/bicycle,No Vehicle,92,Yes,2,"['Paper', 'Glass', 'Metal']",141,very frequently,2086
private,electric,8744,Sometimes,1,"['Plastic', 'Glass', 'Metal']",276,never,893
public,No Vehicle,1263,No,7,['Metal'],224,rarely,2611
walk/bicycle,No Vehicle,68,Sometimes,3,"['Paper', 'Plastic', 'Glass', 'Metal']",112,frequently,1279
walk/bicycle,No Vehicle,81,Sometimes,3,"['Paper', 'Glass']",70,very frequently,2947
public,No Vehicle,708,No,6,"['Paper', 'Glass', 'Metal']",147,never,1504
public,No Vehicle,433,Yes,3,"['Plastic', 'Glass']",290,very frequently,2099
walk/bicycle,No Vehicle,29,Yes,1,['Glass'],128,frequently,2344
public,No Vehicle,1041,Yes,7,['Plastic'],101,never,1442
private,lpg,5653,Yes,5,"['Paper', 'Glass']",132,rarely,4240
private,diesel,7434,Sometimes,4,['Metal'],248,very frequently,4768
walk/bicycle,No Vehicle,25,Sometimes,3,"['Glass', 'Metal']",81,frequently,1196
private,electric,9700,Yes,6,['Plastic'],260,rarely,1722
public,No Vehicle,1934,Yes,2,"['Paper', 'Plastic', 'Glass']",136,frequently,1612
public,No Vehicle,1755,No,1,"['Paper', 'Metal']",88,frequently,2020
walk/bicycle,No Vehicle,36,Sometimes,4,['Metal'],210,rarely,1709
private,electric,3014,No,6,"['Glass', 'Metal']",213,rarely,1544
private,petrol,5787,No,5,"['Paper', 'Plastic', 'Metal']",204,never,2456
walk/bicycle,No Vehicle,48,No,5,"['Plastic', 'Glass']",268,very frequently,2883
walk/bicycle,No Vehicle,81,Yes,4,[],169,very frequently,2452
public,No Vehicle,1360,Yes,6,"['Glass', 'Metal']",200,frequently,2476
public,No Vehicle,1738,Yes,2,"['Paper', 'Plastic']",104,frequently,1365
walk/bicycle,No Vehicle,62,No,4,"['Plastic', 'Metal']",251,never,1564
private,hybrid,7174,Sometimes,2,['Metal'],213,frequently,3582
private,diesel,5030,No,5,['Metal'],89,never,2313
walk/bicycle,No Vehicle,58,Sometimes,3,['Glass'],186,rarely,1781
public,No Vehicle,1878,Sometimes,6,"['Paper', 'Glass', 'Metal']",243,never,1747
public,No Vehicle,821,Sometimes,1,['Glass'],158,never,1026
public,No Vehicle,1342,Sometimes,1,"['Plastic', 'Metal']",253,rarely,1560
private,lpg,6727,No,4,['Metal'],223,very frequently,5754
public,No Vehicle,44,Yes,2,['Plastic'],238,frequently,1947
public,No Vehicle,35,Sometimes,1,[],84,rarely,1272
public,No Vehicle,1907,Yes,4,"['Paper', 'Metal']",244,rarely,1693
public,No Vehicle,117,Sometimes,5,"['Paper', 'Plastic', 'Glass', 'Metal']",261,never,1490
walk/bicycle,No Vehicle,41,Sometimes,3,['Plastic'],62,rarely,1428
private,hybrid,7804,No,3,"['Paper', 'Plastic', 'Metal']",181,frequently,2678
private,lpg,5659,Yes,7,"['Glass', 'Metal']",235,never,2902
walk/bicycle,No Vehicle,6,Sometimes,4,"['Paper', 'Plastic', 'Metal']",285,never,868
public,No Vehicle,1636,Yes,4,['Paper'],95,rarely,1876
private,petrol,2678,Yes,1,"['Plastic', 'Glass']",200,frequently,2881
public,No Vehicle,1709,No,3,"['Glass', 'Metal']",116,frequently,2007
private,hybrid,647,Yes,6,[],123,frequently,1995
public,No Vehicle,1965,Yes,2,"['Paper', 'Glass', 'Metal']",284,never,984
walk/bicycle,No Vehicle,59,No,5,"['Paper', 'Plastic', 'Glass', 'Metal']",258,frequently,2003
walk/bicycle,No Vehicle,81,Sometimes,2,"['Paper', 'Plastic', 'Metal']",101,frequently,1278
public,No Vehicle,321,No,4,"['Glass', 'Metal']",252,very frequently,3884
walk/bicycle,No Vehicle,49,Sometimes,6,['Plastic'],110,very frequently,3115
walk/bicycle,No Vehicle,80,Yes,7,"['Paper', 'Plastic', 'Glass', 'Metal']",215,very frequently,4039
walk/bicycle,No Vehicle,67,Yes,1,"['Plastic', 'Metal']",193,never,1499
walk/bicycle,No Vehicle,28,Sometimes,7,"['Paper', 'Plastic', 'Glass', 'Metal']",97,very frequently,2476
walk/bicycle,No Vehicle,12,No,4,"['Plastic', 'Glass']",214,very frequently,3217
public,No Vehicle,10,No,1,"['Plastic', 'Metal']",106,never,1245
walk/bicycle,No Vehicle,54,No,1,"['Paper', 'Plastic', 'Glass']",215,never,1435
walk/bicycle,No Vehicle,26,Yes,5,"['Paper', 'Plastic']",100,frequently,2201
walk/bicycle,No Vehicle,71,Sometimes,4,"['Paper', 'Plastic', 'Glass']",152,frequently,2479
public,No Vehicle,1153,No,4,"['Paper', 'Metal']",156,never,964
public,No Vehicle,1839,No,6,"['Paper', 'Glass']",111,never,1039
private,lpg,8620,Yes,1,"['Plastic', 'Glass', 'Metal']",178,never,3781
private,petrol,2173,Yes,4,['Metal'],105,very frequently,3419
walk/bicycle,No Vehicle,50,No,7,"['Plastic', 'Glass']",227,frequently,3307
walk/bicycle,No Vehicle,82,No,5,"['Plastic', 'Metal']",126,never,1542
walk/bicycle,No Vehicle,49,No,7,"['Paper', 'Plastic', 'Glass', 'Metal']",241,rarely,1064
walk/bicycle,No Vehicle,25,Sometimes,4,"['Paper', 'Glass', 'Metal']",259,never,1323
walk/bicycle,No Vehicle,56,Sometimes,1,"['Paper', 'Metal']",72,rarely,1331
public,No Vehicle,1552,Sometimes,3,['Plastic'],118,frequently,1370
walk/bicycle,No Vehicle,24,No,1,"['Paper', 'Metal']",222,frequently,1515
public,No Vehicle,1802,Yes,1,"['Paper', 'Glass', 'Metal']",265,rarely,1053
walk/bicycle,No Vehicle,89,Yes,5,"['Plastic', 'Metal']",157,very frequently,2675
private,electric,2490,Yes,4,"['Paper', 'Plastic']",131,frequently,1710
public,No Vehicle,320,No,2,"['Glass', 'Metal']",163,frequently,1621
public,No Vehicle,28,Sometimes,6,"['Plastic', 'Glass']",204,very frequently,2775
walk/bicycle,No Vehicle,28,Yes,7,"['Paper', 'Plastic', 'Metal']",111,never,1232
public,No Vehicle,1962,No,6,"['Paper', 'Plastic', 'Glass']",155,rarely,881
private,lpg,8953,Sometimes,1,"['Paper', 'Plastic', 'Glass']",63,very frequently,4676
private,hybrid,1668,No,7,"['Paper', 'Plastic', 'Glass', 'Metal']",210,frequently,1748
public,No Vehicle,1474,Sometimes,2,"['Paper', 'Metal']",231,never,1375
private,lpg,6340,Sometimes,4,"['Paper', 'Plastic', 'Metal']",111,rarely,2920
walk/bicycle,No Vehicle,5,No,4,"['Paper', 'Plastic', 'Glass']",80,frequently,2568
private,lpg,243,Yes,4,['Paper'],160,rarely,1587
private,lpg,6828,No,2,"['Glass', 'Metal']",115,very frequently,4586
public,No Vehicle,855,Yes,3,['Metal'],96,very frequently,2174
public,No Vehicle,545,No,6,"['Plastic', 'Glass', 'Metal']",141,very frequently,2598
public,No Vehicle,555,Sometimes,1,[],165,very frequently,2619
public,No Vehicle,180,Yes,4,['Glass'],125,rarely,1640
private,electric,3571,No,7,['Metal'],137,frequently,2343
walk/bicycle,No Vehicle,74,Sometimes,1,"['Paper', 'Metal']",239,frequently,1329
walk/bicycle,No Vehicle,65,Yes,3,['Glass'],256,frequently,1908
private,diesel,8371,Sometimes,6,"['Paper', 'Plastic', 'Glass']",245,very frequently,5020
public,No Vehicle,1724,No,4,"['Paper', 'Plastic', 'Glass']",157,very frequently,3292
walk/bicycle,No Vehicle,45,No,6,"['Paper', 'Glass']",247,rarely,1745
public,No Vehicle,1489,Sometimes,6,['Glass'],255,frequently,2700
public,No Vehicle,686,Yes,1,"['Glass', 'Metal']",97,rarely,1451
walk/bicycle,No Vehicle,70,Yes,4,[],201,rarely,1555
private,petrol,5459,Yes,6,"['Paper', 'Plastic', 'Glass']",171,never,3818
walk/bicycle,No Vehicle,80,No,7,"['Paper', 'Glass', 'Metal']",146,very frequently,3046
private,electric,7685,Sometimes,4,"['Paper', 'Plastic', 'Metal']",248,never,1279
public,No Vehicle,457,Yes,3,"['Paper', 'Plastic', 'Glass']",270,rarely,976
public,No Vehicle,1322,No,2,"['Plastic', 'Glass']",122,never,1469
private,electric,1405,No,2,"['Paper', 'Plastic', 'Glass', 'Metal']",203,frequently,2019
private,hybrid,3142,No,7,['Plastic'],279,rarely,2802
public,No Vehicle,1639,Sometimes,4,"['Paper', 'Plastic']",93,rarely,1399
walk/bicycle,No Vehicle,75,Sometimes,1,['Plastic'],113,very frequently,1795
private,petrol,7708,No,7,"['Plastic', 'Glass']",136,never,4048
walk/bicycle,No Vehicle,43,Sometimes,4,"['Plastic', 'Glass', 'Metal']",212,never,1141
public,No Vehicle,1397,No,4,"['Paper', 'Glass', 'Metal']",276,rarely,1675
walk/bicycle,No Vehicle,53,Yes,1,"['Plastic', 'Metal']",268,frequently,2047
walk/bicycle,No Vehicle,83,Yes,4,"['Plastic', 'Glass', 'Metal']",158,rarely,2272
private,petrol,3288,Sometimes,6,['Metal'],123,frequently,2823
private,hybrid,8405,No,3,['Metal'],171,frequently,3156
private,lpg,1838,No,4,"['Paper', 'Plastic', 'Glass']",50,rarely,2004
walk/bicycle,No Vehicle,3,No,2,"['Paper', 'Metal']",134,very frequently,2606
public,No Vehicle,1579,Yes,6,[],140,rarely,1541
walk/bicycle,No Vehicle,45,Sometimes,5,"['Plastic', 'Metal']",242,never,1606
private,petrol,7135,Yes,4,['Glass'],78,rarely,4956
walk/bicycle,No Vehicle,63,No,5,"['Plastic', 'Glass', 'Metal']",149,very frequently,2840
walk/bicycle,No Vehicle,1,Sometimes,7,"['Glass', 'Metal']",119,very frequently,3192
walk/bicycle,No Vehicle,60,No,5,[],151,very frequently,2755
public,No Vehicle,1787,Yes,4,"['Paper', 'Plastic', 'Metal']",53,very frequently,3063
private,hybrid,9095,Sometimes,7,['Glass'],77,rarely,3905
public,No Vehicle,635,Yes,1,"['Paper', 'Glass', 'Metal']",284,very frequently,3154
walk/bicycle,No Vehicle,56,Yes,2,"['Plastic', 'Glass']",221,very frequently,2327
private,lpg,9030,Yes,6,"['Paper', 'Plastic']",164,very frequently,5145
public,No Vehicle,1159,No,2,"['Paper', 'Glass']",61,very frequently,2980
public,No Vehicle,23,Sometimes,3,"['Paper', 'Glass', 'Metal']",66,frequently,1807
public,No Vehicle,1398,Yes,4,"['Paper', 'Plastic', 'Glass']",57,rarely,1217
private,hybrid,4477,No,6,"['Paper', 'Plastic', 'Glass']",206,rarely,1912
public,No Vehicle,174,Yes,6,['Glass'],104,very frequently,2219
walk/bicycle,No Vehicle,38,Yes,7,"['Paper', 'Plastic', 'Glass', 'Metal']",177,frequently,2051
public,No Vehicle,1318,Sometimes,3,"['Paper', 'Plastic']",123,never,1753
walk/bicycle,No Vehicle,69,Yes,1,"['Paper', 'Plastic', 'Metal']",180,never,810
walk/bicycle,No Vehicle,27,No,3,['Glass'],98,frequently,1378
public,No Vehicle,1360,Sometimes,5,[],235,rarely,1139
private,hybrid,9280,No,6,['Paper'],127,rarely,3963
private,petrol,3338,Sometimes,4,"['Paper', 'Plastic']",266,never,2758
public,No Vehicle,1959,No,6,"['Plastic', 'Glass', 'Metal']",206,rarely,1466
walk/bicycle,No Vehicle,9,Sometimes,7,"['Plastic', 'Metal']",268,frequently,1515
walk/bicycle,No Vehicle,62,Yes,5,"['Paper', 'Glass']",81,frequently,2372
private,electric,4389,No,3,['Metal'],172,never,1392
private,diesel,8387,No,7,"['Paper', 'Metal']",155,rarely,4443
walk/bicycle,No Vehicle,34,Yes,2,"['Plastic', 'Metal']",223,never,1114
walk/bicycle,No Vehicle,9,Yes,2,"['Paper', 'Plastic', 'Glass']",99,never,703
public,No Vehicle,317,Sometimes,7,['Paper'],179,very frequently,2816
public,No Vehicle,575,No,2,['Metal'],264,never,1047
public,No Vehicle,368,Sometimes,5,"['Plastic', 'Glass', 'Metal']",76,very frequently,2807
public,No Vehicle,872,No,3,[],186,never,1299
private,electric,7323,Yes,5,[],198,rarely,2141
walk/bicycle,No Vehicle,88,Yes,2,"['Plastic', 'Metal']",220,very frequently,2603
private,lpg,9216,No,2,['Plastic'],81,never,3476
private,diesel,7245,Sometimes,4,"['Paper', 'Plastic', 'Metal']",214,rarely,2860
private,electric,9536,No,5,"['Plastic', 'Metal']",159,never,1807
public,No Vehicle,1723,No,6,"['Paper', 'Glass']",174,rarely,2469
private,petrol,4031,Sometimes,1,[],105,frequently,3309
public,No Vehicle,284,Yes,1,['Plastic'],188,rarely,1542
walk/bicycle,No Vehicle,54,No,7,"['Paper', 'Plastic', 'Metal']",254,very frequently,3347
private,diesel,6868,No,5,"['Paper', 'Metal']",91,rarely,3356
walk/bicycle,No Vehicle,75,No,3,"['Paper', 'Metal']",168,very frequently,2417
public,No Vehicle,1764,Yes,2,"['Paper', 'Plastic', 'Metal']",276,never,1226
walk/bicycle,No Vehicle,7,Yes,5,"['Glass', 'Metal']",99,never,1663
private,hybrid,6053,No,2,['Metal'],176,very frequently,4034
walk/bicycle,No Vehicle,11,Sometimes,3,"['Plastic', 'Glass', 'Metal']",275,rarely,1786
public,No Vehicle,110,Sometimes,3,"['Paper', 'Metal']",260,very frequently,2554
walk/bicycle,No Vehicle,97,Yes,2,['Paper'],276,very frequently,1714
public,No Vehicle,1143,Sometimes,2,"['Paper', 'Metal']",238,very frequently,2594
private,petrol,812,Sometimes,5,"['Plastic', 'Metal']",242,never,1890
walk/bicycle,No Vehicle,16,Yes,6,"['Paper', 'Glass']",237,very frequently,2908
walk/bicycle,No Vehicle,26,Sometimes,5,['Paper'],79,frequently,2131
walk/bicycle,No Vehicle,65,Sometimes,3,"['Paper', 'Plastic']",66,frequently,1673
public,No Vehicle,1924,No,7,"['Glass', 'Metal']",210,never,1697
walk/bicycle,No Vehicle,19,Sometimes,4,['Paper'],173,very frequently,2673
private,hybrid,1034,Yes,2,"['Plastic', 'Metal']",226,frequently,1868
walk/bicycle,No Vehicle,43,No,2,"['Plastic', 'Metal']",148,rarely,1078
private,electric,4711,Sometimes,3,"['Paper', 'Plastic']",149,rarely,1397
walk/bicycle,No Vehicle,23,No,4,"['Plastic', 'Glass']",59,very frequently,2944
walk/bicycle,No Vehicle,73,No,5,['Paper'],172,never,1686
public,No Vehicle,1838,No,5,['Metal'],166,frequently,2604
public,No Vehicle,970,Sometimes,6,"['Paper', 'Plastic', 'Metal']",283,never,1754
private,electric,4493,Sometimes,7,"['Paper', 'Plastic', 'Metal']",184,frequently,1812
walk/bicycle,No Vehicle,89,Sometimes,7,"['Paper', 'Plastic']",191,never,1413
walk/bicycle,No Vehicle,47,Yes,6,['Paper'],103,frequently,1561
walk/bicycle,No Vehicle,26,No,1,"['Plastic', 'Glass', 'Metal']",183,very frequently,1779
private,lpg,3737,Yes,6,['Metal'],289,very frequently,3720
private,petrol,3829,Yes,5,"['Paper', 'Glass']",264,rarely,2818
walk/bicycle,No Vehicle,45,Sometimes,5,"['Paper', 'Plastic', 'Glass']",239,rarely,1972
walk/bicycle,No Vehicle,16,No,4,"['Paper', 'Plastic', 'Glass']",262,frequently,2243
public,No Vehicle,1025,Sometimes,1,"['Paper', 'Plastic', 'Glass']",69,never,1262
walk/bicycle,No Vehicle,68,Sometimes,4,"['Paper', 'Glass']",123,very frequently,2026
private,lpg,9350,Sometimes,5,['Metal'],106,never,3825
walk/bicycle,No Vehicle,25,Sometimes,6,"['Paper', 'Plastic']",77,frequently,1133
public,No Vehicle,646,Yes,7,"['Paper', 'Plastic', 'Glass']",156,rarely,1927
private,diesel,3964,Yes,2,"['Paper', 'Plastic', 'Metal']",155,never,2002
public,No Vehicle,380,No,1,"['Plastic', 'Glass']",73,rarely,1490
walk/bicycle,No Vehicle,31,No,7,"['Plastic', 'Metal']",74,very frequently,3389
public,No Vehicle,1276,Yes,6,"['Paper', 'Plastic', 'Glass']",289,never,1690
private,electric,9914,Yes,1,"['Paper', 'Plastic']",70,frequently,1872
walk/bicycle,No Vehicle,54,Yes,5,"['Paper', 'Glass']",79,frequently,2468
walk/bicycle,No Vehicle,64,Sometimes,3,"['Paper', 'Plastic']",264,rarely,1534
public,No Vehicle,829,Sometimes,7,"['Paper', 'Glass', 'Metal']",70,very frequently,2117
walk/bicycle,No Vehicle,61,Yes,2,"['Paper', 'Plastic', 'Glass', 'Metal']",231,frequently,1437
private,hybrid,7885,Sometimes,1,['Glass'],181,very frequently,3492
public,No Vehicle,331,Sometimes,2,['Paper'],100,rarely,1805
walk/bicycle,No Vehicle,98,No,7,"['Paper', 'Metal']",123,frequently,2333
private,electric,1050,Sometimes,2,"['Paper', 'Plastic']",296,never,1066
public,No Vehicle,1557,No,1,"['Plastic', 'Glass', 'Metal']",279,never,1560
walk/bicycle,No Vehicle,28,Yes,2,['Metal'],169,never,1696
private,diesel,5914,No,1,"['Paper', 'Plastic', 'Glass']",298,frequently,3134
public,No Vehicle,790,Sometimes,4,"['Paper', 'Metal']",220,frequently,2674
walk/bicycle,No Vehicle,73,Yes,2,"['Paper', 'Plastic', 'Glass', 'Metal']",105,never,583
public,No Vehicle,1419,Yes,2,['Plastic'],287,rarely,1588
public,No Vehicle,1585,Sometimes,3,"['Paper', 'Plastic', 'Metal']",236,never,1281
private,hybrid,1131,Sometimes,5,"['Plastic', 'Glass', 'Metal']",285,frequently,1644
private,diesel,8413,Yes,2,"['Plastic', 'Glass', 'Metal']",202,never,2319
public,No Vehicle,1768,Yes,6,['Paper'],54,rarely,1819
walk/bicycle,No Vehicle,37,Yes,5,"['Paper', 'Glass']",207,rarely,2094
walk/bicycle,No Vehicle,69,No,6,['Metal'],185,never,1680
walk/bicycle,No Vehicle,34,Yes,4,"['Paper', 'Plastic']",228,never,2495
public,No Vehicle,922,Sometimes,7,"['Plastic', 'Glass', 'Metal']",84,frequently,1628
private,lpg,2977,Yes,7,['Metal'],63,rarely,1566
private,electric,2996,No,4,"['Paper', 'Plastic', 'Metal']",91,very frequently,1906
private,diesel,6360,Sometimes,1,['Plastic'],217,frequently,2634
public,No Vehicle,1278,No,3,['Glass'],235,frequently,2744
private,lpg,4779,Yes,1,"['Plastic', 'Metal']",163,rarely,2576
public,No Vehicle,1491,Sometimes,3,"['Paper', 'Plastic', 'Glass', 'Metal']",136,rarely,1461
public,No Vehicle,1612,Sometimes,6,"['Paper', 'Plastic']",174,rarely,1447
private,petrol,6331,Sometimes,3,"['Paper', 'Plastic', 'Glass']",120,very frequently,4166
private,petrol,9136,Yes,7,"['Paper', 'Glass', 'Metal']",184,never,4913
walk/bicycle,No Vehicle,29,Sometimes,6,"['Plastic', 'Metal']",276,never,2387
walk/bicycle,No Vehicle,35,Yes,2,"['Paper', 'Plastic']",250,never,1086
walk/bicycle,No Vehicle,60,No,7,"['Paper', 'Glass', 'Metal']",61,never,1621
private,electric,7128,Yes,7,"['Plastic', 'Glass']",234,frequently,3257
private,diesel,6906,Yes,4,"['Plastic', 'Glass']",109,never,2896
walk/bicycle,No Vehicle,14,Sometimes,1,"['Plastic', 'Metal']",254,rarely,2092
private,electric,6238,Sometimes,6,"['Glass', 'Metal']",93,rarely,2009
walk/bicycle,No Vehicle,82,Yes,2,"['Paper', 'Plastic', 'Glass', 'Metal']",288,very frequently,2029
walk/bicycle,No Vehicle,97,No,5,['Metal'],121,very frequently,2502
private,lpg,6668,Yes,2,"['Plastic', 'Glass']",293,never,2896
private,diesel,5806,Sometimes,4,"['Paper', 'Plastic', 'Glass']",72,rarely,2772
private,hybrid,201,No,5,['Metal'],109,rarely,1326
public,No Vehicle,1041,No,7,"['Plastic', 'Metal']",229,rarely,1790
public,No Vehicle,1365,Sometimes,6,"['Plastic', 'Glass', 'Metal']",258,very frequently,2230
walk/bicycle,No Vehicle,84,Yes,6,"['Paper', 'Glass']",91,frequently,2466
public,No Vehicle,820,Yes,5,"['Paper', 'Glass']",75,frequently,2547
public,No Vehicle,1505,Yes,5,"['Paper', 'Plastic', 'Glass']",265,frequently,1454
walk/bicycle,No Vehicle,78,No,5,['Paper'],146,very frequently,3069
private,petrol,631,Sometimes,5,"['Glass', 'Metal']",182,never,1120
walk/bicycle,No Vehicle,91,No,3,"['Glass', 'Metal']",167,never,898
walk/bicycle,No Vehicle,40,Yes,4,"['Paper', 'Glass', 'Metal']",111,very frequently,1981
private,electric,4960,Yes,5,"['Paper', 'Glass']",113,frequently,2656
walk/bicycle,No Vehicle,33,Yes,3,"['Plastic', 'Glass']",127,never,1350
walk/bicycle,No Vehicle,59,Sometimes,3,"['Paper', 'Plastic', 'Glass', 'Metal']",282,never,1416
public,No Vehicle,472,No,4,"['Plastic', 'Metal']",280,frequently,1445
walk/bicycle,No Vehicle,72,Yes,6,"['Paper', 'Plastic', 'Glass']",244,frequently,2002
private,diesel,7604,Sometimes,2,['Glass'],258,never,3206
public,No Vehicle,1766,No,6,"['Glass', 'Metal']",69,very frequently,3558
public,No Vehicle,1567,Sometimes,7,[],159,frequently,3085
public,No Vehicle,1949,Yes,1,['Plastic'],230,never,1562
walk/bicycle,No Vehicle,53,No,1,"['Paper', 'Plastic', 'Metal']",165,rarely,940
public,No Vehicle,847,No,3,"['Paper', 'Plastic', 'Glass', 'Metal']",127,rarely,1964
walk/bicycle,No Vehicle,57,Yes,2,['Plastic'],290,never,1122
public,No Vehicle,30,No,4,"['Glass', 'Metal']",165,frequently,1596
private,diesel,6348,Sometimes,1,['Glass'],284,never,2747
public,No Vehicle,1788,Yes,3,['Paper'],208,very frequently,3156
walk/bicycle,No Vehicle,32,Yes,7,"['Plastic', 'Glass', 'Metal']",130,frequently,1803
private,diesel,9394,Sometimes,2,"['Paper', 'Plastic', 'Glass']",246,rarely,3931
walk/bicycle,No Vehicle,25,Sometimes,3,"['Paper', 'Plastic', 'Metal']",125,very frequently,3423
public,No Vehicle,1654,No,1,['Glass'],256,frequently,1755
walk/bicycle,No Vehicle,87,Yes,1,['Metal'],278,rarely,853
walk/bicycle,No Vehicle,63,Yes,6,"['Paper', 'Glass']",85,frequently,2003
private,lpg,618,No,4,"['Glass', 'Metal']",190,rarely,1564
public,No Vehicle,1794,Yes,6,"['Paper', 'Plastic']",164,very frequently,2893
public,No Vehicle,992,Sometimes,3,[],106,rarely,1734
public,No Vehicle,721,Sometimes,5,"['Paper', 'Plastic']",232,never,1418
public,No Vehicle,318,No,5,['Plastic'],52,never,1328
private,petrol,82,Sometimes,7,['Metal'],278,very frequently,3369
private,electric,9920,Yes,6,"['Paper', 'Plastic']",253,frequently,1822
walk/bicycle,No Vehicle,74,Sometimes,2,"['Paper', 'Plastic', 'Glass']",222,very frequently,2432
private,hybrid,4188,Yes,7,"['Paper', 'Plastic', 'Metal']",98,never,2300
private,lpg,4776,Sometimes,5,"['Plastic', 'Metal']",99,frequently,3263
public,No Vehicle,225,Sometimes,6,['Plastic'],221,frequently,2969
walk/bicycle,No Vehicle,69,No,4,"['Paper', 'Plastic']",163,rarely,1296
private,hybrid,5167,Sometimes,5,['Metal'],292,very frequently,4488
private,diesel,115,Sometimes,5,"['Paper', 'Metal']",177,very frequently,2895
walk/bicycle,No Vehicle,29,No,2,"['Plastic', 'Glass', 'Metal']",246,frequently,2327
public,No Vehicle,1238,No,2,['Metal'],79,never,1118
public,No Vehicle,1927,No,6,"['Paper', 'Plastic', 'Glass']",274,frequently,1874
public,No Vehicle,179,Yes,1,[],185,frequently,1818
public,No Vehicle,1524,Yes,4,"['Glass', 'Metal']",79,never,1369
walk/bicycle,No Vehicle,97,Sometimes,3,"['Paper', 'Plastic', 'Glass', 'Metal']",166,rarely,1150
walk/bicycle,No Vehicle,51,Yes,3,"['Paper', 'Glass']",125,very frequently,2730
walk/bicycle,No Vehicle,58,No,2,['Metal'],85,very frequently,2883
public,No Vehicle,635,Sometimes,4,"['Plastic', 'Glass']",279,very frequently,2923
walk/bicycle,No Vehicle,7,No,4,['Paper'],70,very frequently,2112
public,No Vehicle,1324,Sometimes,4,"['Plastic', 'Glass']",120,never,968
walk/bicycle,No Vehicle,28,Sometimes,4,"['Paper', 'Plastic', 'Glass', 'Metal']",271,rarely,1516
private,diesel,9118,No,2,"['Glass', 'Metal']",232,rarely,3566
public,No Vehicle,1426,Yes,6,"['Paper', 'Glass']",248,very frequently,3164
public,No Vehicle,812,Sometimes,7,['Plastic'],104,frequently,2075
public,No Vehicle,1279,Sometimes,7,['Paper'],57,frequently,2637
public,No Vehicle,845,Sometimes,7,"['Paper', 'Plastic', 'Glass']",149,never,2132
walk/bicycle,No Vehicle,52,Sometimes,6,[],121,never,1518
private,hybrid,4737,Sometimes,3,"['Plastic', 'Glass']",132,never,1904
private,petrol,9825,Yes,5,['Plastic'],193,frequently,6793
walk/bicycle,No Vehicle,2,Sometimes,5,"['Paper', 'Plastic', 'Glass']",98,rarely,1214
walk/bicycle,No Vehicle,41,Sometimes,5,"['Paper', 'Plastic', 'Glass', 'Metal']",284,frequently,3193
walk/bicycle,No Vehicle,87,Yes,3,['Paper'],231,frequently,1641
public,No Vehicle,755,Sometimes,7,['Plastic'],183,very frequently,4039
walk/bicycle,No Vehicle,63,Yes,7,['Paper'],138,very frequently,3707
private,lpg,563,Yes,1,"['Plastic', 'Metal']",106,never,743
walk/bicycle,No Vehicle,17,Yes,1,"['Plastic', 'Glass', 'Metal']",220,frequently,1436
private,diesel,4469,Sometimes,3,['Paper'],120,very frequently,4492
private,diesel,3946,Sometimes,3,['Plastic'],200,very frequently,3618
private,diesel,8787,Yes,1,['Metal'],259,never,3555
private,electric,6072,Yes,4,"['Paper', 'Glass', 'Metal']",204,very frequently,1799
private,petrol,7795,Sometimes,5,['Glass'],270,frequently,5616
private,electric,6588,Yes,7,[],106,frequently,2505
walk/bicycle,No Vehicle,72,Yes,2,"['Paper', 'Metal']",178,never,1315
walk/bicycle,No Vehicle,32,Sometimes,4,"['Glass', 'Metal']",90,frequently,1669
public,No Vehicle,634,Sometimes,3,"['Paper', 'Plastic', 'Glass']",274,frequently,2063
walk/bicycle,No Vehicle,78,Sometimes,3,"['Paper', 'Plastic']",219,frequently,1672
private,lpg,1642,Sometimes,3,"['Plastic', 'Glass', 'Metal']",221,frequently,1993
private,petrol,7794,No,3,"['Glass', 'Metal']",290,frequently,5306
public,No Vehicle,1252,Yes,2,"['Glass', 'Metal']",205,never,1394
private,hybrid,6979,No,5,"['Paper', 'Metal']",169,frequently,4284
walk/bicycle,No Vehicle,87,Sometimes,3,['Plastic'],141,never,667
walk/bicycle,No Vehicle,69,Sometimes,5,['Paper'],85,never,1342
walk/bicycle,No Vehicle,68,Yes,4,"['Paper', 'Plastic', 'Glass']",142,very frequently,2240
private,petrol,310,Sometimes,5,"['Paper', 'Glass']",292,frequently,1686
public,No Vehicle,916,Yes,4,"['Plastic', 'Glass']",193,never,1689
private,diesel,854,Sometimes,4,['Plastic'],160,never,1969
public,No Vehicle,389,Yes,3,"['Paper', 'Glass']",170,never,779
walk/bicycle,No Vehicle,13,Sometimes,6,"['Paper', 'Plastic', 'Glass', 'Metal']",122,very frequently,2210
public,No Vehicle,620,Sometimes,3,"['Paper', 'Plastic', 'Glass', 'Metal']",99,very frequently,2483
private,petrol,7587,No,3,"['Glass', 'Metal']",211,never,4239
public,No Vehicle,18,No,3,"['Paper', 'Plastic', 'Glass']",211,very frequently,2855
walk/bicycle,No Vehicle,55,Yes,1,"['Plastic', 'Metal']",163,never,1007
private,diesel,8315,No,1,"['Paper', 'Plastic', 'Glass']",114,rarely,3871
walk/bicycle,No Vehicle,90,No,3,"['Paper', 'Plastic', 'Metal']",106,never,1004
private,electric,4946,Sometimes,6,['Glass'],260,rarely,2043
private,lpg,9349,Sometimes,5,"['Paper', 'Glass', 'Metal']",244,rarely,3981
public,No Vehicle,1746,No,5,"['Paper', 'Plastic']",264,frequently,2705
public,No Vehicle,1863,Sometimes,7,"['Plastic', 'Glass']",127,rarely,1696
walk/bicycle,No Vehicle,43,Yes,1,[],203,frequently,1815
public,No Vehicle,1446,Yes,6,"['Paper', 'Plastic', 'Metal']",51,rarely,2134
private,lpg,1540,Sometimes,6,"['Plastic', 'Metal']",229,rarely,1940
walk/bicycle,No Vehicle,73,Yes,3,['Plastic'],149,rarely,1763
private,diesel,1149,Sometimes,2,['Paper'],104,never,1476
walk/bicycle,No Vehicle,22,No,4,['Paper'],68,rarely,1093
public,No Vehicle,1502,Sometimes,2,"['Paper', 'Glass']",174,rarely,1451
walk/bicycle,No Vehicle,39,Sometimes,3,[],122,rarely,1106
public,No Vehicle,822,No,1,[],186,never,1154
private,petrol,4154,Sometimes,1,[],277,never,2649
walk/bicycle,No Vehicle,51,No,2,"['Plastic', 'Glass', 'Metal']",119,very frequently,2527
public,No Vehicle,1130,Yes,7,['Metal'],172,very frequently,3212
walk/bicycle,No Vehicle,58,Yes,6,"['Plastic', 'Glass']",207,never,1164
public,No Vehicle,1346,Sometimes,3,['Metal'],121,never,1801
walk/bicycle,No Vehicle,99,No,2,"['Paper', 'Glass']",235,frequently,1675
walk/bicycle,No Vehicle,69,No,2,"['Paper', 'Plastic']",106,never,1356
walk/bicycle,No Vehicle,62,Sometimes,6,"['Glass', 'Metal']",110,very frequently,3041
walk/bicycle,No Vehicle,82,Yes,7,"['Paper', 'Plastic', 'Metal']",242,rarely,1572
walk/bicycle,No Vehicle,87,No,7,"['Paper', 'Glass', 'Metal']",256,frequently,1354
walk/bicycle,No Vehicle,57,Sometimes,2,['Paper'],289,never,1355
walk/bicycle,No Vehicle,67,No,3,"['Paper', 'Glass', 'Metal']",82,rarely,1340
private,diesel,7230,Sometimes,1,"['Paper', 'Metal']",289,frequently,2511
walk/bicycle,No Vehicle,30,No,6,"['Paper', 'Glass']",154,never,924
private,diesel,5566,Yes,4,"['Plastic', 'Glass']",215,very frequently,4633
private,electric,1333,Sometimes,4,['Plastic'],181,never,1323
private,petrol,5673,Sometimes,7,"['Paper', 'Glass', 'Metal']",180,frequently,5318
public,No Vehicle,1603,No,4,"['Paper', 'Plastic', 'Glass', 'Metal']",72,never,668
public,No Vehicle,1004,Sometimes,7,"['Paper', 'Plastic', 'Metal']",271,very frequently,3009
public,No Vehicle,1282,Yes,3,"['Paper', 'Metal']",64,frequently,2233
public,No Vehicle,1277,Yes,6,['Metal'],286,very frequently,2722
walk/bicycle,No Vehicle,13,Yes,2,"['Plastic', 'Glass', 'Metal']",213,very frequently,1801
private,lpg,2897,Sometimes,6,['Metal'],226,frequently,2251
private,diesel,340,Yes,4,"['Paper', 'Plastic', 'Glass', 'Metal']",97,very frequently,2439
public,No Vehicle,210,Sometimes,4,"['Plastic', 'Glass', 'Metal']",295,frequently,1603
private,hybrid,4602,No,4,"['Paper', 'Plastic', 'Glass', 'Metal']",197,very frequently,2310
public,No Vehicle,1745,No,2,"['Paper', 'Glass', 'Metal']",164,never,1156
private,petrol,6723,Sometimes,6,"['Plastic', 'Glass']",286,never,4603
public,No Vehicle,1384,Sometimes,1,['Paper'],294,frequently,1216
walk/bicycle,No Vehicle,30,No,7,"['Paper', 'Glass', 'Metal']",80,frequently,2433
public,No Vehicle,92,Yes,4,"['Paper', 'Plastic', 'Glass']",234,very frequently,3416
private,diesel,1855,Sometimes,1,"['Paper', 'Metal']",116,frequently,2635
public,No Vehicle,1435,No,2,"['Paper', 'Glass']",245,frequently,1838
private,electric,9670,Sometimes,1,"['Glass', 'Metal']",199,very frequently,2361
private,lpg,9107,Yes,5,"['Paper', 'Plastic']",207,very frequently,4920
private,diesel,8430,Sometimes,7,[],296,very frequently,5366
walk/bicycle,No Vehicle,13,Sometimes,1,[],129,never,665
private,diesel,2684,Yes,1,"['Plastic', 'Glass', 'Metal']",261,frequently,3881
public,No Vehicle,8,Yes,1,[],107,very frequently,2745
walk/bicycle,No Vehicle,93,No,6,"['Paper', 'Metal']",139,frequently,2216
walk/bicycle,No Vehicle,98,Sometimes,5,"['Glass', 'Metal']",80,rarely,1840
private,diesel,8651,Sometimes,3,"['Paper', 'Plastic']",238,very frequently,5741
walk/bicycle,No Vehicle,67,Yes,7,"['Paper', 'Plastic']",234,very frequently,2387
private,diesel,841,Yes,2,"['Plastic', 'Glass', 'Metal']",67,never,1125
private,diesel,2356,No,4,['Paper'],174,never,2027
walk/bicycle,No Vehicle,53,Sometimes,1,"['Paper', 'Plastic', 'Glass']",89,frequently,1805
public,No Vehicle,606,Sometimes,2,"['Paper', 'Glass']",195,rarely,1574
public,No Vehicle,1551,Yes,3,"['Paper', 'Glass', 'Metal']",265,frequently,2425
public,No Vehicle,1014,Yes,5,"['Plastic', 'Metal']",59,very frequently,2166
walk/bicycle,No Vehicle,42,Sometimes,4,['Metal'],260,frequently,2092
private,hybrid,3383,Yes,1,[],62,rarely,2190
private,hybrid,6095,Yes,3,"['Paper', 'Glass']",242,frequently,2168
private,petrol,9326,Sometimes,7,['Glass'],224,never,4629
walk/bicycle,No Vehicle,50,Yes,1,"['Plastic', 'Glass', 'Metal']",281,frequently,2189
walk/bicycle,No Vehicle,89,No,6,"['Paper', 'Plastic']",66,frequently,2450
public,No Vehicle,272,Yes,4,"['Paper', 'Glass']",122,frequently,1394
walk/bicycle,No Vehicle,73,Sometimes,6,"['Paper', 'Plastic', 'Metal']",238,frequently,2278
private,diesel,4038,Sometimes,7,"['Paper', 'Plastic', 'Glass']",76,rarely,2972
private,hybrid,2900,Yes,1,"['Plastic', 'Metal']",82,never,1679
walk/bicycle,No Vehicle,88,No,5,[],71,rarely,1659
private,electric,3266,Sometimes,6,['Plastic'],228,never,2163
private,hybrid,5688,Sometimes,7,"['Paper', 'Glass']",234,rarely,2171
private,lpg,5978,Sometimes,6,['Metal'],167,frequently,4364
walk/bicycle,No Vehicle,87,No,6,"['Paper', 'Plastic', 'Glass', 'Metal']",239,never,1655
walk/bicycle,No Vehicle,71,No,1,[],134,rarely,1087
walk/bicycle,No Vehicle,1,No,7,['Glass'],274,frequently,2462
walk/bicycle,No Vehicle,26,No,6,"['Paper', 'Plastic']",279,frequently,2225
public,No Vehicle,1444,Yes,7,"['Paper', 'Plastic']",157,never,1610
walk/bicycle,No Vehicle,27,Sometimes,6,"['Plastic', 'Glass', 'Metal']",61,very frequently,3063
private,diesel,8553,No,7,"['Plastic', 'Glass']",106,frequently,4057
private,electric,6710,Sometimes,4,"['Paper', 'Plastic', 'Glass', 'Metal']",155,rarely,1224
private,hybrid,4423,Sometimes,5,"['Paper', 'Plastic']",208,frequently,2890
private,petrol,384,No,7,"['Glass', 'Metal']",232,never,1360
public,No Vehicle,1341,Sometimes,7,"['Paper', 'Plastic', 'Metal']",245,never,1066
public,No Vehicle,1253,Sometimes,7,['Metal'],56,very frequently,3197
public,No Vehicle,1695,Yes,6,"['Paper', 'Glass']",67,never,771
walk/bicycle,No Vehicle,71,Yes,7,['Paper'],178,frequently,2031
walk/bicycle,No Vehicle,7,Sometimes,2,"['Paper', 'Plastic', 'Glass', 'Metal']",228,rarely,1689
walk/bicycle,No Vehicle,71,Sometimes,5,"['Paper', 'Glass', 'Metal']",297,frequently,2206
walk/bicycle,No Vehicle,56,Sometimes,3,['Paper'],106,very frequently,2495
public,No Vehicle,213,Yes,6,"['Paper', 'Glass']",107,never,1420
public,No Vehicle,1434,Sometimes,3,"['Paper', 'Glass']",96,frequently,2193
private,lpg,4294,Yes,2,"['Paper', 'Metal']",249,never,2592
walk/bicycle,No Vehicle,43,Yes,5,"['Paper', 'Metal']",50,very frequently,2343
public,No Vehicle,1493,Sometimes,5,[],136,never,1508
walk/bicycle,No Vehicle,98,Yes,4,"['Paper', 'Plastic']",238,frequently,1731
walk/bicycle,No Vehicle,78,Yes,3,"['Paper', 'Plastic', 'Glass', 'Metal']",264,very frequently,2048
private,petrol,4911,Sometimes,4,"['Plastic', 'Metal']",120,never,3075
walk/bicycle,No Vehicle,14,No,6,"['Paper', 'Plastic', 'Glass', 'Metal']",268,never,1040
private,lpg,8159,Sometimes,6,['Paper'],221,frequently,4040
public,No Vehicle,1878,Yes,7,"['Paper', 'Plastic']",51,frequently,2543
public,No Vehicle,802,Sometimes,3,"['Paper', 'Plastic']",57,rarely,1578
walk/bicycle,No Vehicle,94,Sometimes,7,"['Plastic', 'Glass']",92,very frequently,2946
private,electric,7273,Yes,3,['Glass'],87,rarely,1346
private,lpg,7606,Yes,4,['Plastic'],298,frequently,4798
private,lpg,1718,Sometimes,5,"['Glass', 'Metal']",190,never,2124
private,hybrid,4943,No,5,"['Paper', 'Plastic', 'Glass']",242,very frequently,4544
walk/bicycle,No Vehicle,28,Sometimes,5,"['Paper', 'Plastic', 'Glass', 'Metal']",294,rarely,1085
walk/bicycle,No Vehicle,90,Sometimes,5,"['Paper', 'Plastic']",217,rarely,2136
public,No Vehicle,1035,Yes,1,"['Paper', 'Glass', 'Metal']",213,never,702
public,No Vehicle,293,No,4,[],171,rarely,1959
private,petrol,995,Yes,1,['Plastic'],121,very frequently,3299
walk/bicycle,No Vehicle,37,Yes,1,"['Paper', 'Plastic', 'Glass', 'Metal']",197,rarely,1716
public,No Vehicle,1725,Yes,6,"['Plastic', 'Glass', 'Metal']",98,frequently,1801
private,lpg,235,Yes,6,"['Paper', 'Plastic', 'Glass']",132,never,1192
public,No Vehicle,1610,Yes,7,"['Paper', 'Plastic', 'Metal']",177,very frequently,2644
public,No Vehicle,1886,Yes,3,['Glass'],260,very frequently,3152
public,No Vehicle,109,Yes,1,"['Plastic', 'Glass']",108,never,1055
walk/bicycle,No Vehicle,43,Yes,3,"['Paper', 'Glass']",74,very frequently,1803
walk/bicycle,No Vehicle,58,Sometimes,1,"['Paper', 'Glass']",212,very frequently,3235
walk/bicycle,No Vehicle,30,No,2,"['Paper', 'Metal']",192,rarely,1598
public,No Vehicle,1726,No,1,"['Paper', 'Plastic']",175,very frequently,2631
public,No Vehicle,841,No,3,"['Paper', 'Metal']",268,very frequently,2554
walk/bicycle,No Vehicle,7,No,7,"['Paper', 'Plastic']",77,never,1153
walk/bicycle,No Vehicle,17,Sometimes,5,"['Plastic', 'Glass']",56,never,2161
public,No Vehicle,990,Yes,7,"['Plastic', 'Metal']",193,frequently,1788
public,No Vehicle,1155,No,2,"['Paper', 'Plastic']",220,never,985
walk/bicycle,No Vehicle,16,No,2,"['Paper', 'Plastic', 'Metal']",104,frequently,1760
public,No Vehicle,886,Sometimes,5,"['Paper', 'Plastic']",53,very frequently,2278
walk/bicycle,No Vehicle,44,Yes,6,"['Paper', 'Plastic', 'Metal']",204,very frequently,2375
walk/bicycle,No Vehicle,99,Yes,5,"['Paper', 'Metal']",129,frequently,1900
walk/bicycle,No Vehicle,20,Yes,6,"['Paper', 'Plastic', 'Glass']",291,frequently,2649
walk/bicycle,No Vehicle,67,Sometimes,4,"['Glass', 'Metal']",259,never,1552
public,No Vehicle,1054,Sometimes,6,['Glass'],285,frequently,2322
private,diesel,2299,Sometimes,6,"['Paper', 'Metal']",294,very frequently,4281
public,No Vehicle,69,Sometimes,1,"['Glass', 'Metal']",214,very frequently,2848
public,No Vehicle,1611,Sometimes,4,['Paper'],270,very frequently,2565
public,No Vehicle,1787,Yes,6,"['Paper', 'Plastic', 'Metal']",158,rarely,716
private,hybrid,1958,No,5,[],237,frequently,2788
walk/bicycle,No Vehicle,96,Yes,2,"['Paper', 'Plastic', 'Metal']",184,very frequently,2125
private,hybrid,2763,Yes,1,[],209,rarely,1504
public,No Vehicle,209,Sometimes,4,"['Paper', 'Glass', 'Metal']",199,frequently,1810
private,hybrid,2826,Yes,5,"['Glass', 'Metal']",117,frequently,2134
public,No Vehicle,1227,Sometimes,2,"['Paper', 'Plastic', 'Glass']",147,never,1034
walk/bicycle,No Vehicle,12,Yes,2,"['Glass', 'Metal']",153,very frequently,2221
private,electric,729,Yes,6,['Plastic'],193,frequently,2487
public,No Vehicle,1224,Sometimes,5,"['Glass', 'Metal']",263,never,1523
walk/bicycle,No Vehicle,43,Yes,6,"['Plastic', 'Metal']",232,frequently,1944
public,No Vehicle,1537,Sometimes,3,"['Paper', 'Glass', 'Metal']",126,never,1463
private,diesel,4617,Yes,1,['Plastic'],291,very frequently,4443
public,No Vehicle,976,No,4,"['Paper', 'Plastic']",106,very frequently,3260
public,No Vehicle,629,No,6,"['Plastic', 'Glass', 'Metal']",228,very frequently,3997
walk/bicycle,No Vehicle,70,Yes,2,[],132,rarely,1461
walk/bicycle,No Vehicle,84,Sometimes,3,"['Paper', 'Metal']",116,never,916
private,diesel,8574,Sometimes,5,"['Paper', 'Metal']",291,frequently,4595
walk/bicycle,No Vehicle,54,Sometimes,5,['Metal'],250,frequently,1703
walk/bicycle,No Vehicle,21,Sometimes,4,['Metal'],190,never,2213
private,electric,8184,No,4,"['Paper', 'Metal']",170,rarely,1492
public,No Vehicle,1678,Sometimes,2,"['Paper', 'Plastic']",241,frequently,2323
public,No Vehicle,1420,Sometimes,5,"['Paper', 'Plastic']",238,frequently,2270
private,petrol,2827,No,7,"['Glass', 'Metal']",234,very frequently,3939
private,petrol,1930,No,1,['Paper'],92,frequently,2741
walk/bicycle,No Vehicle,9,Sometimes,6,"['Plastic', 'Glass', 'Metal']",185,very frequently,2647
walk/bicycle,No Vehicle,47,Sometimes,1,"['Paper', 'Plastic', 'Glass', 'Metal']",206,rarely,993
walk/bicycle,No Vehicle,76,Yes,4,"['Plastic', 'Glass']",62,frequently,2001
public,No Vehicle,1541,No,2,"['Paper', 'Glass', 'Metal']",75,very frequently,1952
walk/bicycle,No Vehicle,17,Yes,2,"['Paper', 'Plastic', 'Metal']",178,frequently,1084
public,No Vehicle,1270,Sometimes,3,"['Paper', 'Glass', 'Metal']",229,very frequently,2297
public,No Vehicle,457,Yes,3,"['Paper', 'Plastic', 'Glass', 'Metal']",162,frequently,2021
walk/bicycle,No Vehicle,25,No,6,['Paper'],199,frequently,2180
public,No Vehicle,243,Sometimes,4,"['Plastic', 'Glass']",178,frequently,1583
walk/bicycle,No Vehicle,47,Sometimes,2,"['Paper', 'Plastic']",192,frequently,1549
public,No Vehicle,1482,No,3,"['Paper', 'Plastic', 'Glass']",113,frequently,1616
private,hybrid,5853,No,2,"['Paper', 'Plastic', 'Glass']",197,rarely,1705
private,lpg,9684,Yes,5,['Glass'],116,frequently,4839
public,No Vehicle,1115,Yes,7,[],267,rarely,2207
private,electric,5859,Sometimes,2,[],144,very frequently,2624
private,petrol,4832,Sometimes,7,"['Paper', 'Plastic', 'Glass']",52,frequently,3798
public,No Vehicle,239,No,3,"['Paper', 'Plastic', 'Glass', 'Metal']",229,rarely,1648
private,lpg,2130,Yes,5,['Plastic'],82,rarely,2999
private,hybrid,1306,Sometimes,5,['Metal'],94,never,940
public,No Vehicle,1644,Sometimes,5,[],109,frequently,2137
walk/bicycle,No Vehicle,89,Sometimes,6,"['Paper', 'Plastic', 'Metal']",226,frequently,1927
private,electric,7671,No,2,['Plastic'],179,very frequently,2738
walk/bicycle,No Vehicle,38,Sometimes,6,['Plastic'],84,rarely,1364
private,lpg,922,Yes,4,['Paper'],181,very frequently,4421
public,No Vehicle,176,Sometimes,5,"['Paper', 'Glass', 'Metal']",156,never,1405
public,No Vehicle,1692,No,4,"['Plastic', 'Glass']",294,frequently,2522
private,diesel,9787,No,4,[],57,very frequently,5773
private,petrol,7324,Yes,2,"['Paper', 'Metal']",252,frequently,3840
public,No Vehicle,1103,No,7,"['Glass', 'Metal']",246,never,1931
walk/bicycle,No Vehicle,98,Sometimes,4,['Metal'],183,very frequently,2382
public,No Vehicle,428,No,1,['Glass'],279,never,1127
public,No Vehicle,891,No,7,['Plastic'],196,very frequently,3280
private,hybrid,6486,Yes,2,"['Paper', 'Plastic', 'Glass']",234,never,2229
public,No Vehicle,1556,Sometimes,2,['Glass'],287,frequently,2494
walk/bicycle,No Vehicle,97,No,4,['Plastic'],295,rarely,1894
private,petrol,1504,No,4,"['Paper', 'Plastic', 'Metal']",57,frequently,2650
public,No Vehicle,142,Yes,4,"['Paper', 'Plastic']",93,never,1370
private,hybrid,9541,Sometimes,3,"['Paper', 'Metal']",98,never,2492
private,diesel,9719,Yes,1,['Paper'],178,never,3353
public,No Vehicle,1402,No,4,"['Paper', 'Plastic', 'Glass', 'Metal']",213,frequently,2303
walk/bicycle,No Vehicle,39,No,1,"['Plastic', 'Metal']",250,frequently,2150
walk/bicycle,No Vehicle,9,No,1,['Plastic'],74,very frequently,2743
public,No Vehicle,1886,Yes,5,['Glass'],176,very frequently,3153
public,No Vehicle,1575,Sometimes,3,['Plastic'],286,very frequently,3560
private,diesel,5067,Sometimes,7,"['Glass', 'Metal']",162,never,2342
private,electric,2614,No,5,"['Plastic', 'Metal']",153,never,2152
public,No Vehicle,109,Yes,6,[],229,very frequently,3725
walk/bicycle,No Vehicle,21,Sometimes,7,"['Plastic', 'Glass', 'Metal']",180,frequently,1885
public,No Vehicle,492,Sometimes,2,"['Paper', 'Metal']",96,frequently,1252
public,No Vehicle,358,Yes,6,['Glass'],126,very frequently,2535
walk/bicycle,No Vehicle,10,No,5,['Metal'],228,never,1634
public,No Vehicle,1312,Sometimes,7,['Glass'],221,very frequently,3402
walk/bicycle,No Vehicle,43,No,6,"['Paper', 'Plastic', 'Glass']",256,very frequently,2501
public,No Vehicle,961,No,3,['Plastic'],226,frequently,2283
private,lpg,3981,No,3,[],178,frequently,2863
public,No Vehicle,527,Sometimes,3,"['Plastic', 'Metal']",282,frequently,2335
walk/bicycle,No Vehicle,53,No,4,"['Paper', 'Plastic']",189,frequently,1715
walk/bicycle,No Vehicle,63,Yes,6,"['Paper', 'Glass', 'Metal']",168,never,1827
public,No Vehicle,259,Yes,2,"['Paper', 'Glass', 'Metal']",260,frequently,1224
private,hybrid,9252,Yes,1,"['Paper', 'Glass']",142,never,3011
walk/bicycle,No Vehicle,92,Yes,6,"['Paper', 'Plastic', 'Glass', 'Metal']",74,frequently,2048
private,hybrid,9954,No,6,[],226,never,2970
public,No Vehicle,1552,Yes,6,"['Paper', 'Glass', 'Metal']",271,never,866
private,electric,9794,Yes,7,[],54,rarely,1723
private,hybrid,4105,No,5,"['Paper', 'Plastic', 'Metal']",214,frequently,2590
walk/bicycle,No Vehicle,44,No,4,"['Paper', 'Plastic', 'Glass']",100,never,1088
private,hybrid,8507,No,2,"['Paper', 'Metal']",203,frequently,3335
walk/bicycle,No Vehicle,92,No,1,['Paper'],154,very frequently,1969
private,petrol,3171,Sometimes,5,"['Paper', 'Glass', 'Metal']",67,never,2375
private,petrol,7175,No,3,"['Paper', 'Plastic', 'Metal']",191,very frequently,3852
public,No Vehicle,1341,Sometimes,2,"['Plastic', 'Glass']",115,frequently,2664
walk/bicycle,No Vehicle,72,Sometimes,2,['Metal'],164,never,1343
walk/bicycle,No Vehicle,86,Yes,5,"['Plastic', 'Glass', 'Metal']",65,frequently,1399
walk/bicycle,No Vehicle,14,No,3,['Glass'],88,rarely,1051
public,No Vehicle,1624,Sometimes,4,"['Paper', 'Glass']",223,rarely,2210
private,lpg,8625,Sometimes,3,"['Paper', 'Plastic', 'Glass']",225,rarely,3195
public,No Vehicle,1631,Yes,1,['Plastic'],225,never,1605
public,No Vehicle,1973,Sometimes,5,"['Plastic', 'Metal']",177,rarely,1742
private,diesel,8367,No,7,['Glass'],92,frequently,3926
public,No Vehicle,1553,Yes,1,"['Paper', 'Plastic', 'Glass']",161,rarely,1313
public,No Vehicle,377,No,1,"['Paper', 'Glass', 'Metal']",185,frequently,1392
public,No Vehicle,1664,Sometimes,4,['Plastic'],294,frequently,2238
walk/bicycle,No Vehicle,38,No,7,"['Paper', 'Metal']",222,never,1652
public,No Vehicle,1631,Yes,6,"['Paper', 'Plastic']",197,rarely,1760
private,lpg,6363,No,6,"['Paper', 'Plastic', 'Glass']",130,never,3317
private,electric,485,No,5,"['Glass', 'Metal']",149,frequently,1889
public,No Vehicle,1527,No,3,"['Paper', 'Plastic', 'Metal']",276,rarely,1580
public,No Vehicle,766,Yes,2,"['Paper', 'Plastic', 'Metal']",94,rarely,865
public,No Vehicle,1385,Sometimes,4,['Plastic'],216,very frequently,2880
public,No Vehicle,1002,Yes,6,"['Plastic', 'Metal']",81,never,1171
walk/bicycle,No Vehicle,88,Sometimes,5,['Plastic'],269,frequently,3037
public,No Vehicle,1034,Sometimes,6,['Metal'],123,frequently,1835
public,No Vehicle,1879,Yes,4,[],227,never,1291
walk/bicycle,No Vehicle,0,Sometimes,5,"['Plastic', 'Glass']",273,never,1535
walk/bicycle,No Vehicle,68,Sometimes,2,"['Paper', 'Glass', 'Metal']",188,frequently,1790
walk/bicycle,No Vehicle,69,No,1,"['Glass', 'Metal']",129,rarely,997
private,electric,2321,Yes,5,"['Glass', 'Metal']",126,very frequently,3289
public,No Vehicle,1952,No,1,"['Paper', 'Plastic', 'Glass', 'Metal']",279,rarely,1881
walk/bicycle,No Vehicle,24,Sometimes,4,"['Paper', 'Glass']",85,never,1067
walk/bicycle,No Vehicle,76,Yes,6,"['Plastic', 'Metal']",223,very frequently,2254
private,hybrid,3653,No,2,"['Paper', 'Plastic', 'Metal']",213,never,1552
private,petrol,7745,No,7,"['Paper', 'Plastic', 'Glass', 'Metal']",105,rarely,4022
private,hybrid,1726,No,1,"['Paper', 'Plastic']",109,very frequently,3237
walk/bicycle,No Vehicle,29,Sometimes,2,"['Paper', 'Plastic', 'Metal']",165,very frequently,2530
private,diesel,8360,Sometimes,2,"['Paper', 'Glass']",204,very frequently,5691
walk/bicycle,No Vehicle,72,Sometimes,2,"['Paper', 'Glass', 'Metal']",183,frequently,1448
private,lpg,2202,No,5,['Paper'],232,very frequently,3341
public,No Vehicle,1960,Yes,4,"['Plastic', 'Glass']",88,rarely,1702
public,No Vehicle,1595,Yes,1,['Metal'],126,frequently,1956
walk/bicycle,No Vehicle,84,No,3,['Glass'],239,never,1490
private,hybrid,4420,Sometimes,4,['Plastic'],210,never,2083
private,hybrid,6094,Sometimes,4,"['Paper', 'Glass']",171,very frequently,3739
private,lpg,6713,No,5,"['Glass', 'Metal']",116,very frequently,3820
private,diesel,2027,No,6,"['Plastic', 'Glass', 'Metal']",92,rarely,1311
private,diesel,7319,No,1,"['Glass', 'Metal']",139,very frequently,4195
public,No Vehicle,1317,No,4,['Paper'],209,very frequently,2561
walk/bicycle,No Vehicle,5,No,5,[],296,very frequently,4089
private,electric,6528,No,6,['Plastic'],209,never,1858
walk/bicycle,No Vehicle,48,Yes,7,"['Paper', 'Plastic', 'Metal']",68,rarely,1382
walk/bicycle,No Vehicle,44,Yes,1,"['Plastic', 'Metal']",62,never,925
private,petrol,7782,No,5,"['Paper', 'Plastic']",213,never,4394
private,petrol,6172,Sometimes,6,"['Paper', 'Plastic', 'Metal']",262,never,4478
walk/bicycle,No Vehicle,66,Yes,2,"['Paper', 'Glass']",281,never,1065
private,petrol,8414,No,3,['Metal'],239,never,4833
public,No Vehicle,613,No,2,"['Paper', 'Glass', 'Metal']",59,never,819
walk/bicycle,No Vehicle,75,Sometimes,1,['Paper'],120,rarely,1330
private,hybrid,8961,Sometimes,6,['Metal'],272,never,3669
public,No Vehicle,1356,No,3,"['Paper', 'Plastic']",222,never,1312
public,No Vehicle,1131,Sometimes,3,['Metal'],130,very frequently,3074
walk/bicycle,No Vehicle,81,No,5,"['Paper', 'Plastic', 'Glass']",194,frequently,2135
public,No Vehicle,1522,Sometimes,7,"['Paper', 'Metal']",84,frequently,1865
public,No Vehicle,1943,Yes,4,"['Paper', 'Plastic', 'Glass']",283,very frequently,2467
private,hybrid,7416,Sometimes,7,"['Paper', 'Glass']",255,never,2648
private,diesel,1275,Sometimes,5,"['Paper', 'Plastic']",58,very frequently,2817
walk/bicycle,No Vehicle,69,Yes,2,[],149,rarely,1776
walk/bicycle,No Vehicle,64,No,3,"['Plastic', 'Glass', 'Metal']",55,rarely,1276
private,diesel,3471,Sometimes,2,['Metal'],85,rarely,2966
private,petrol,5557,No,3,"['Paper', 'Plastic', 'Glass', 'Metal']",276,never,4237
public,No Vehicle,237,Sometimes,4,"['Plastic', 'Glass', 'Metal']",283,very frequently,2610
walk/bicycle,No Vehicle,17,No,6,"['Plastic', 'Glass', 'Metal']",74,never,1440
walk/bicycle,No Vehicle,1,Sometimes,4,"['Paper', 'Glass']",129,rarely,1600
walk/bicycle,No Vehicle,75,Sometimes,4,"['Glass', 'Metal']",230,rarely,1490
public,No Vehicle,448,Yes,3,['Glass'],256,rarely,1741
walk/bicycle,No Vehicle,26,Sometimes,2,"['Paper', 'Glass']",179,rarely,1520
walk/bicycle,No Vehicle,12,Sometimes,2,"['Paper', 'Plastic', 'Glass']",209,rarely,1508
public,No Vehicle,1461,Sometimes,5,"['Paper', 'Plastic']",252,very frequently,2599
public,No Vehicle,1818,Sometimes,6,"['Plastic', 'Glass', 'Metal']",208,rarely,1444
walk/bicycle,No Vehicle,6,Sometimes,3,['Glass'],271,rarely,1916
public,No Vehicle,1987,Sometimes,3,"['Plastic', 'Glass']",130,rarely,2603
private,diesel,6568,Sometimes,4,"['Plastic', 'Glass', 'Metal']",272,rarely,3187
public,No Vehicle,1792,Yes,7,"['Paper', 'Plastic', 'Metal']",68,never,1678
public,No Vehicle,1169,Yes,2,"['Paper', 'Plastic', 'Metal']",130,very frequently,3015
public,No Vehicle,138,No,6,"['Paper', 'Glass', 'Metal']",188,never,987
walk/bicycle,No Vehicle,25,Yes,2,"['Paper', 'Plastic', 'Glass', 'Metal']",241,never,928
public,No Vehicle,924,Sometimes,7,"['Plastic', 'Glass']",128,frequently,1765
private,lpg,396,Sometimes,3,['Glass'],260,frequently,2044
private,lpg,3583,No,5,['Metal'],52,never,2907
walk/bicycle,No Vehicle,33,Yes,6,"['Glass', 'Metal']",160,very frequently,3252
public,No Vehicle,917,No,4,"['Plastic', 'Metal']",86,frequently,2806
public,No Vehicle,881,No,3,"['Paper', 'Plastic', 'Glass', 'Metal']",201,frequently,2624
walk/bicycle,No Vehicle,52,Yes,4,"['Paper', 'Plastic', 'Glass', 'Metal']",240,frequently,1820
walk/bicycle,No Vehicle,90,No,3,"['Plastic', 'Metal']",123,never,1095
walk/bicycle,No Vehicle,22,Sometimes,3,"['Glass', 'Metal']",277,rarely,1565
private,electric,7132,Sometimes,1,"['Plastic', 'Glass']",221,rarely,1789
private,petrol,2019,Sometimes,4,[],86,frequently,3514
walk/bicycle,No Vehicle,80,Sometimes,3,"['Paper', 'Glass', 'Metal']",260,frequently,1441
walk/bicycle,No Vehicle,55,Sometimes,1,"['Glass', 'Metal']",293,frequently,1248
walk/bicycle,No Vehicle,89,No,2,"['Plastic', 'Metal']",270,very frequently,2072
public,No Vehicle,986,No,4,[],259,very frequently,2783
walk/bicycle,No Vehicle,17,Yes,7,"['Paper', 'Plastic', 'Glass']",231,rarely,1860
walk/bicycle,No Vehicle,97,Yes,4,['Paper'],143,rarely,1143
public,No Vehicle,1910,No,7,['Paper'],197,very frequently,2721
private,diesel,6969,No,4,"['Paper', 'Metal']",263,rarely,3512
public,No Vehicle,1205,Yes,7,"['Plastic', 'Glass', 'Metal']",262,very frequently,3079
public,No Vehicle,1537,Sometimes,5,"['Plastic', 'Metal']",103,rarely,1906
public,No Vehicle,190,Yes,2,"['Paper', 'Plastic', 'Metal']",228,rarely,1070
walk/bicycle,No Vehicle,21,Yes,5,['Glass'],152,rarely,1148
walk/bicycle,No Vehicle,66,Yes,6,"['Paper', 'Plastic']",57,never,1381
walk/bicycle,No Vehicle,75,Yes,5,"['Paper', 'Plastic', 'Metal']",241,frequently,2495
private,electric,6251,Yes,5,['Plastic'],73,never,1304
public,No Vehicle,328,Sometimes,1,['Plastic'],78,rarely,1001
private,hybrid,2220,No,2,"['Paper', 'Glass']",120,rarely,1953
walk/bicycle,No Vehicle,92,Yes,2,"['Paper', 'Glass']",73,never,392
public,No Vehicle,1826,Yes,2,"['Paper', 'Plastic', 'Glass', 'Metal']",94,very frequently,1943
public,No Vehicle,1183,Yes,3,"['Plastic', 'Metal']",217,rarely,2075
private,hybrid,2088,No,6,"['Paper', 'Plastic', 'Glass']",102,frequently,2082
public,No Vehicle,80,Sometimes,7,"['Paper', 'Plastic', 'Glass']",99,very frequently,2737
public,No Vehicle,1257,Sometimes,7,"['Plastic', 'Glass', 'Metal']",90,never,1454
public,No Vehicle,726,Sometimes,6,"['Glass', 'Metal']",247,never,1794
public,No Vehicle,1824,Sometimes,1,"['Glass', 'Metal']",86,very frequently,2667
private,electric,9401,No,4,"['Plastic', 'Glass']",245,frequently,2988
private,diesel,6352,No,5,"['Paper', 'Plastic', 'Metal']",274,frequently,3278
public,No Vehicle,1463,Yes,1,"['Paper', 'Glass']",273,rarely,1250
private,hybrid,9182,Yes,5,['Glass'],76,rarely,2559
walk/bicycle,No Vehicle,67,No,1,"['Paper', 'Glass', 'Metal']",153,never,531
private,hybrid,5047,No,2,"['Glass', 'Metal']",114,rarely,2617
public,No Vehicle,1578,No,5,['Metal'],135,frequently,2115
walk/bicycle,No Vehicle,8,Sometimes,4,"['Paper', 'Glass', 'Metal']",298,rarely,1439
public,No Vehicle,838,No,6,"['Paper', 'Plastic', 'Metal']",185,never,2096
public,No Vehicle,406,Sometimes,2,"['Plastic', 'Metal']",192,rarely,1368
public,No Vehicle,925,No,7,['Paper'],88,frequently,2746
walk/bicycle,No Vehicle,33,Sometimes,4,"['Plastic', 'Metal']",260,very frequently,2240
public,No Vehicle,1275,Yes,3,['Metal'],182,never,1141
private,petrol,6930,Sometimes,1,"['Glass', 'Metal']",215,very frequently,4298
walk/bicycle,No Vehicle,25,Sometimes,4,"['Paper', 'Glass', 'Metal']",150,never,1037
walk/bicycle,No Vehicle,65,No,2,"['Paper', 'Plastic']",281,very frequently,2940
walk/bicycle,No Vehicle,45,Yes,7,['Glass'],159,never,1428
walk/bicycle,No Vehicle,76,No,6,"['Paper', 'Plastic']",210,never,1591
public,No Vehicle,1136,Sometimes,2,['Glass'],287,very frequently,2649
private,hybrid,7614,No,7,[],291,never,2949
private,diesel,3278,No,3,"['Glass', 'Metal']",69,frequently,2270
public,No Vehicle,539,Yes,2,['Plastic'],246,very frequently,2291
public,No Vehicle,135,Sometimes,7,['Glass'],261,rarely,1332
walk/bicycle,No Vehicle,5,Sometimes,3,"['Paper', 'Plastic']",234,rarely,1273
public,No Vehicle,1539,Sometimes,3,"['Paper', 'Plastic', 'Glass', 'Metal']",281,very frequently,3430
walk/bicycle,No Vehicle,91,No,5,['Plastic'],184,never,1365
walk/bicycle,No Vehicle,21,Yes,3,"['Paper', 'Plastic', 'Glass']",262,very frequently,2522
walk/bicycle,No Vehicle,53,Yes,1,"['Paper', 'Glass', 'Metal']",271,never,1242
public,No Vehicle,643,No,4,"['Paper', 'Metal']",237,rarely,1695
private,electric,5406,Yes,7,['Plastic'],158,frequently,1768
private,hybrid,162,Sometimes,3,['Metal'],142,never,1706
public,No Vehicle,325,Yes,2,"['Paper', 'Plastic']",201,very frequently,2653
walk/bicycle,No Vehicle,36,Sometimes,7,"['Paper', 'Plastic', 'Glass']",50,never,1015
public,No Vehicle,710,Sometimes,3,"['Paper', 'Plastic', 'Metal']",142,rarely,1318
private,diesel,4012,Yes,7,"['Glass', 'Metal']",166,never,1843
public,No Vehicle,1686,Sometimes,1,['Glass'],199,frequently,2369
private,lpg,4850,Sometimes,1,[],163,very frequently,4099
private,diesel,3448,No,2,"['Plastic', 'Glass']",267,very frequently,3621
private,lpg,308,Yes,4,"['Glass', 'Metal']",258,very frequently,2490
private,lpg,1562,No,2,"['Paper', 'Plastic', 'Glass']",197,rarely,2608
walk/bicycle,No Vehicle,43,Sometimes,3,"['Paper', 'Plastic', 'Glass']",143,rarely,1988
walk/bicycle,No Vehicle,42,Yes,5,"['Paper', 'Plastic', 'Metal']",162,frequently,2165
private,electric,1218,Sometimes,1,"['Paper', 'Plastic', 'Glass']",54,very frequently,2591
walk/bicycle,No Vehicle,75,Sometimes,7,['Metal'],95,never,2445
private,electric,2534,Yes,3,['Metal'],283,very frequently,2659
walk/bicycle,No Vehicle,10,Sometimes,7,"['Paper', 'Glass', 'Metal']",104,frequently,2052
private,lpg,8537,Yes,1,"['Paper', 'Metal']",167,rarely,3533
public,No Vehicle,1201,Yes,4,"['Paper', 'Plastic', 'Metal']",94,frequently,2034
private,petrol,5879,Sometimes,5,"['Plastic', 'Metal']",211,very frequently,5354
walk/bicycle,No Vehicle,27,Sometimes,4,['Plastic'],149,very frequently,2484
public,No Vehicle,750,No,3,"['Paper', 'Plastic', 'Metal']",223,very frequently,2924
public,No Vehicle,861,Sometimes,5,['Plastic'],90,never,1350
private,diesel,2634,Yes,4,"['Plastic', 'Glass', 'Metal']",193,very frequently,3893
private,hybrid,7997,No,1,"['Glass', 'Metal']",190,rarely,2706
public,No Vehicle,1910,Sometimes,4,"['Glass', 'Metal']",57,never,1586
walk/bicycle,No Vehicle,1,Sometimes,3,"['Glass', 'Metal']",52,never,1511
public,No Vehicle,368,No,4,"['Glass', 'Metal']",165,very frequently,2317
walk/bicycle,No Vehicle,43,Yes,5,"['Glass', 'Metal']",98,very frequently,2300
private,hybrid,7929,Yes,7,"['Paper', 'Plastic']",261,never,2665
private,petrol,4758,No,4,"['Paper', 'Glass', 'Metal']",178,never,2380
private,lpg,1167,Sometimes,3,"['Plastic', 'Metal']",283,very frequently,3542
walk/bicycle,No Vehicle,35,No,7,['Glass'],204,frequently,1953
private,hybrid,9420,Sometimes,3,"['Paper', 'Glass']",228,rarely,2683
walk/bicycle,No Vehicle,20,Sometimes,1,"['Glass', 'Metal']",126,frequently,1395
walk/bicycle,No Vehicle,54,Sometimes,6,"['Glass', 'Metal']",116,rarely,1204
walk/bicycle,No Vehicle,68,No,7,"['Paper', 'Plastic']",187,frequently,2874
walk/bicycle,No Vehicle,65,Sometimes,3,"['Paper', 'Plastic', 'Glass', 'Metal']",154,frequently,1118
walk/bicycle,No Vehicle,15,Yes,1,"['Paper', 'Plastic', 'Glass', 'Metal']",121,very frequently,2468
walk/bicycle,No Vehicle,54,Yes,4,"['Paper', 'Glass', 'Metal']",179,rarely,1284
walk/bicycle,No Vehicle,83,No,7,"['Paper', 'Metal']",241,never,1871
walk/bicycle,No Vehicle,90,No,3,"['Paper', 'Glass']",245,frequently,1200
private,hybrid,1986,No,4,"['Paper', 'Plastic', 'Glass', 'Metal']",143,never,1153
walk/bicycle,No Vehicle,99,Yes,7,[],127,very frequently,3755
walk/bicycle,No Vehicle,83,Yes,7,"['Paper', 'Glass', 'Metal']",238,never,1860
public,No Vehicle,773,Yes,3,['Glass'],268,never,1066
walk/bicycle,No Vehicle,62,No,6,['Metal'],65,never,1624
private,lpg,2684,Sometimes,2,['Paper'],275,frequently,2908
walk/bicycle,No Vehicle,65,No,2,"['Plastic', 'Glass']",53,very frequently,2712
walk/bicycle,No Vehicle,49,Sometimes,5,"['Paper', 'Plastic']",180,rarely,1713
private,electric,4132,Sometimes,5,['Plastic'],51,rarely,2149
walk/bicycle,No Vehicle,26,Yes,6,"['Paper', 'Plastic', 'Glass', 'Metal']",218,rarely,1730
public,No Vehicle,1020,Yes,2,['Metal'],207,never,790
public,No Vehicle,1046,Sometimes,1,[],149,very frequently,2629
public,No Vehicle,1180,Yes,5,"['Paper', 'Glass', 'Metal']",137,frequently,2419
private,electric,5204,Sometimes,4,['Plastic'],80,never,1079
public,No Vehicle,315,Yes,5,"['Plastic', 'Glass']",228,frequently,2158
walk/bicycle,No Vehicle,69,No,6,['Paper'],100,frequently,1852
private,lpg,7614,Yes,5,"['Paper', 'Plastic', 'Glass', 'Metal']",69,rarely,3123
private,diesel,6576,Yes,5,"['Paper', 'Glass', 'Metal']",89,rarely,2849
walk/bicycle,No Vehicle,36,Sometimes,5,['Plastic'],284,very frequently,3307
public,No Vehicle,1264,No,5,"['Paper', 'Plastic', 'Metal']",105,never,1408
walk/bicycle,No Vehicle,39,Yes,4,"['Plastic', 'Glass']",198,rarely,1777
public,No Vehicle,1035,No,4,"['Paper', 'Plastic', 'Metal']",276,very frequently,2701
public,No Vehicle,1440,Sometimes,6,['Plastic'],249,very frequently,3998
walk/bicycle,No Vehicle,28,Sometimes,2,['Glass'],73,very frequently,2551
private,petrol,5328,Sometimes,2,"['Paper', 'Metal']",79,frequently,3906
walk/bicycle,No Vehicle,30,No,7,"['Paper', 'Plastic', 'Glass', 'Metal']",101,very frequently,2150
private,electric,398,Yes,5,['Paper'],268,never,1754
public,No Vehicle,994,No,5,"['Paper', 'Plastic', 'Glass', 'Metal']",123,frequently,2416
private,petrol,3587,No,7,"['Paper', 'Glass', 'Metal']",133,very frequently,4300
private,lpg,9372,Yes,1,"['Paper', 'Glass']",102,rarely,4312
private,petrol,2183,Sometimes,3,['Glass'],246,very frequently,2510
public,No Vehicle,1972,Sometimes,6,"['Paper', 'Plastic']",257,very frequently,3697
walk/bicycle,No Vehicle,14,Sometimes,6,"['Paper', 'Plastic', 'Glass']",271,never,1974
walk/bicycle,No Vehicle,81,No,1,"['Paper', 'Glass', 'Metal']",224,frequently,2031
private,petrol,1328,Sometimes,4,"['Paper', 'Glass']",292,never,1285
walk/bicycle,No Vehicle,83,Yes,7,"['Plastic', 'Glass']",65,rarely,1735
public,No Vehicle,236,Sometimes,7,['Plastic'],298,never,1089
public,No Vehicle,1099,Yes,4,['Paper'],119,frequently,1389
private,petrol,4586,Yes,5,"['Plastic', 'Glass']",214,very frequently,4457
private,lpg,6179,No,7,['Glass'],146,rarely,3529
walk/bicycle,No Vehicle,20,No,3,"['Plastic', 'Metal']",199,frequently,1467
walk/bicycle,No Vehicle,92,Sometimes,2,"['Plastic', 'Glass']",293,never,1342
public,No Vehicle,872,No,4,"['Paper', 'Plastic', 'Metal']",252,very frequently,3302
public,No Vehicle,1652,Sometimes,4,['Metal'],128,very frequently,2475
private,diesel,3052,Sometimes,4,"['Paper', 'Metal']",88,never,1868
walk/bicycle,No Vehicle,76,No,2,"['Plastic', 'Metal']",106,never,1424
public,No Vehicle,595,No,3,"['Plastic', 'Glass']",100,frequently,2446
public,No Vehicle,1095,Sometimes,4,['Paper'],228,never,1554
walk/bicycle,No Vehicle,94,Yes,5,['Paper'],71,rarely,1480
public,No Vehicle,147,No,4,['Paper'],164,never,956
walk/bicycle,No Vehicle,73,Yes,2,"['Plastic', 'Glass']",233,frequently,1701
public,No Vehicle,249,No,7,['Paper'],113,very frequently,2511
public,No Vehicle,164,No,5,['Plastic'],131,rarely,1455
private,hybrid,2885,No,3,['Metal'],160,never,1650
private,electric,9126,Yes,4,"['Paper', 'Plastic']",208,rarely,1900
walk/bicycle,No Vehicle,38,Sometimes,3,"['Glass', 'Metal']",98,very frequently,2553
private,petrol,3824,Sometimes,5,"['Plastic', 'Glass', 'Metal']",247,never,3968
public,No Vehicle,1535,No,5,"['Paper', 'Plastic', 'Metal']",250,frequently,1875
public,No Vehicle,1928,No,1,"['Paper', 'Plastic', 'Glass']",115,never,889
public,No Vehicle,733,Sometimes,5,"['Plastic', 'Glass', 'Metal']",281,frequently,2801
walk/bicycle,No Vehicle,22,Sometimes,4,"['Plastic', 'Glass', 'Metal']",71,frequently,1658
public,No Vehicle,1922,Sometimes,4,"['Paper', 'Glass']",68,never,1038
private,hybrid,6091,Yes,3,"['Plastic', 'Glass', 'Metal']",273,rarely,2812
private,petrol,2603,Sometimes,2,"['Plastic', 'Glass', 'Metal']",180,never,2369
public,No Vehicle,1815,No,3,"['Plastic', 'Glass']",222,rarely,1754
walk/bicycle,No Vehicle,79,Sometimes,4,"['Glass', 'Metal']",168,very frequently,2964
private,electric,681,Sometimes,7,['Paper'],154,frequently,1941
private,electric,854,Sometimes,3,"['Paper', 'Metal']",90,very frequently,2385
public,No Vehicle,873,No,4,"['Plastic', 'Glass', 'Metal']",252,very frequently,3119
walk/bicycle,No Vehicle,16,Sometimes,2,"['Paper', 'Metal']",153,frequently,2004
private,lpg,2465,Yes,2,"['Glass', 'Metal']",103,rarely,1842
walk/bicycle,No Vehicle,85,Yes,6,"['Paper', 'Glass']",129,rarely,1270
public,No Vehicle,1887,Yes,1,"['Paper', 'Plastic']",170,rarely,1929
public,No Vehicle,459,Sometimes,3,"['Paper', 'Plastic', 'Glass', 'Metal']",89,never,512
private,electric,8854,No,6,"['Paper', 'Glass']",217,very frequently,3886
private,lpg,7389,Sometimes,6,"['Paper', 'Plastic', 'Metal']",112,rarely,3249
private,petrol,13,Sometimes,6,"['Plastic', 'Glass']",130,very frequently,3001
private,hybrid,4039,Yes,2,['Plastic'],126,very frequently,3039
private,electric,14,Yes,1,['Paper'],147,frequently,1581
private,petrol,9710,Sometimes,3,"['Plastic', 'Glass', 'Metal']",230,rarely,4473
private,hybrid,7215,Yes,6,['Paper'],82,never,2666
public,No Vehicle,1132,Sometimes,1,['Glass'],161,frequently,1862
walk/bicycle,No Vehicle,19,Sometimes,2,['Glass'],133,rarely,1709
walk/bicycle,No Vehicle,92,Sometimes,7,"['Paper', 'Metal']",177,frequently,2668
walk/bicycle,No Vehicle,10,Sometimes,4,"['Paper', 'Plastic', 'Glass']",91,rarely,1655
public,No Vehicle,1320,Yes,2,[],70,very frequently,2188
public,No Vehicle,580,Sometimes,1,['Glass'],249,never,1401
public,No Vehicle,332,Sometimes,1,"['Paper', 'Glass']",110,very frequently,1873
public,No Vehicle,1447,No,4,"['Paper', 'Plastic', 'Metal']",204,rarely,1601
public,No Vehicle,883,Sometimes,7,['Metal'],235,frequently,2521
walk/bicycle,No Vehicle,95,Yes,7,['Paper'],228,rarely,2020
public,No Vehicle,472,No,7,['Plastic'],165,rarely,2404
public,No Vehicle,396,Yes,2,['Glass'],113,rarely,2010
private,lpg,1659,Sometimes,6,"['Plastic', 'Glass', 'Metal']",230,frequently,2798
public,No Vehicle,1352,No,3,"['Paper', 'Plastic']",166,never,1512
public,No Vehicle,1025,Yes,4,['Glass'],98,rarely,1359
public,No Vehicle,1861,No,5,"['Plastic', 'Metal']",262,very frequently,3030
walk/bicycle,No Vehicle,22,Sometimes,4,"['Paper', 'Metal']",204,rarely,901
private,lpg,3007,Yes,3,"['Paper', 'Plastic', 'Metal']",249,frequently,3762
walk/bicycle,No Vehicle,54,Yes,1,"['Paper', 'Plastic', 'Glass', 'Metal']",150,very frequently,2007
walk/bicycle,No Vehicle,45,No,4,"['Plastic', 'Metal']",213,very frequently,2039
private,hybrid,8125,No,1,[],279,very frequently,4442
walk/bicycle,No Vehicle,73,Yes,6,['Plastic'],238,frequently,1477
walk/bicycle,No Vehicle,50,Yes,7,"['Paper', 'Glass', 'Metal']",52,rarely,1938
public,No Vehicle,1728,No,7,"['Paper', 'Plastic', 'Glass']",64,never,1657
walk/bicycle,No Vehicle,54,Yes,3,['Metal'],137,frequently,2540
public,No Vehicle,1545,Sometimes,6,"['Paper', 'Plastic', 'Glass', 'Metal']",124,very frequently,2424
walk/bicycle,No Vehicle,68,No,2,"['Paper', 'Plastic']",181,frequently,2598
walk/bicycle,No Vehicle,80,No,5,['Plastic'],272,frequently,3003
walk/bicycle,No Vehicle,80,Sometimes,3,['Paper'],115,very frequently,2626
walk/bicycle,No Vehicle,49,Yes,2,"['Paper', 'Plastic', 'Glass']",71,rarely,1430
private,diesel,7937,Yes,4,"['Plastic', 'Metal']",232,frequently,4077
private,electric,8237,Sometimes,7,"['Paper', 'Plastic', 'Glass', 'Metal']",106,frequently,1538
private,electric,1601,Yes,6,"['Paper', 'Plastic', 'Glass']",168,very frequently,3550
public,No Vehicle,410,No,3,[],72,rarely,1791
private,hybrid,7440,No,3,"['Plastic', 'Metal']",299,rarely,2007
private,diesel,741,No,7,"['Paper', 'Plastic', 'Glass']",275,frequently,2898
public,No Vehicle,1690,Yes,2,"['Plastic', 'Glass']",241,rarely,1474
public,No Vehicle,1088,Yes,7,['Paper'],207,very frequently,3859
private,lpg,4863,Sometimes,7,[],68,frequently,3796
walk/bicycle,No Vehicle,89,Yes,2,['Paper'],219,frequently,2681
walk/bicycle,No Vehicle,75,Yes,6,"['Paper', 'Glass', 'Metal']",60,rarely,1022
walk/bicycle,No Vehicle,13,No,4,"['Paper', 'Metal']",235,very frequently,3053
private,petrol,5221,Sometimes,6,"['Paper', 'Plastic', 'Metal']",287,rarely,3785
public,No Vehicle,412,No,6,"['Paper', 'Plastic', 'Glass']",147,frequently,2010
walk/bicycle,No Vehicle,2,No,4,"['Plastic', 'Glass']",64,very frequently,2342
public,No Vehicle,1867,Sometimes,6,['Glass'],191,rarely,2457
walk/bicycle,No Vehicle,81,Sometimes,1,"['Glass', 'Metal']",264,very frequently,2272
public,No Vehicle,345,Sometimes,7,['Glass'],160,frequently,2746
private,lpg,6367,No,7,"['Paper', 'Glass']",288,never,3961
private,diesel,3643,Sometimes,3,"['Paper', 'Plastic']",264,frequently,3181
public,No Vehicle,1670,Sometimes,2,"['Paper', 'Glass', 'Metal']",81,rarely,1177
walk/bicycle,No Vehicle,64,No,2,"['Plastic', 'Metal']",204,never,1616
public,No Vehicle,741,No,4,"['Paper', 'Glass']",112,frequently,1964
public,No Vehicle,1710,No,1,"['Paper', 'Glass']",227,rarely,2201
private,electric,2836,No,7,[],124,very frequently,2678
walk/bicycle,No Vehicle,16,Yes,1,"['Paper', 'Plastic', 'Glass']",199,very frequently,2625
walk/bicycle,No Vehicle,12,Yes,4,"['Paper', 'Plastic', 'Metal']",103,rarely,1787
private,petrol,6808,No,4,[],268,rarely,4256
walk/bicycle,No Vehicle,19,No,7,"['Paper', 'Glass', 'Metal']",74,rarely,1683
walk/bicycle,No Vehicle,4,Yes,4,"['Paper', 'Plastic', 'Glass']",158,very frequently,2999
public,No Vehicle,313,Sometimes,4,"['Paper', 'Metal']",153,very frequently,2749
private,petrol,469,No,4,"['Paper', 'Glass', 'Metal']",178,never,1730
walk/bicycle,No Vehicle,87,No,7,[],236,frequently,3307
private,hybrid,3119,No,2,['Metal'],137,rarely,1835
private,hybrid,4295,Sometimes,4,['Glass'],79,rarely,2386
walk/bicycle,No Vehicle,30,No,4,"['Plastic', 'Glass', 'Metal']",107,frequently,1965
public,No Vehicle,907,No,4,"['Plastic', 'Metal']",201,never,1738
public,No Vehicle,603,No,7,['Paper'],282,frequently,2419
private,electric,6993,Yes,7,"['Paper', 'Plastic']",172,very frequently,2280
public,No Vehicle,1898,No,2,[],260,rarely,2413
private,diesel,3044,Sometimes,3,"['Paper', 'Glass', 'Metal']",176,never,1786
walk/bicycle,No Vehicle,21,No,1,['Metal'],82,never,556
public,No Vehicle,1195,Yes,1,['Glass'],166,rarely,1412
walk/bicycle,No Vehicle,41,No,2,"['Paper', 'Plastic', 'Metal']",255,rarely,1819
walk/bicycle,No Vehicle,92,No,5,"['Paper', 'Plastic', 'Metal']",103,very frequently,2563
walk/bicycle,No Vehicle,52,Yes,2,"['Paper', 'Glass']",269,frequently,1563
private,electric,8454,Sometimes,2,"['Paper', 'Plastic']",87,frequently,1693
walk/bicycle,No Vehicle,18,Sometimes,7,['Metal'],185,rarely,1824
walk/bicycle,No Vehicle,60,No,1,"['Paper', 'Plastic']",190,never,1001
private,hybrid,3652,Sometimes,4,"['Paper', 'Plastic', 'Metal']",156,frequently,2001
private,electric,7638,No,2,"['Paper', 'Metal']",226,very frequently,2368
public,No Vehicle,715,Sometimes,7,"['Plastic', 'Metal']",59,rarely,1430
walk/bicycle,No Vehicle,40,No,2,"['Paper', 'Glass']",142,very frequently,3236
public,No Vehicle,534,Sometimes,2,"['Paper', 'Metal']",170,rarely,587
walk/bicycle,No Vehicle,2,No,3,"['Plastic', 'Glass', 'Metal']",137,frequently,1873
walk/bicycle,No Vehicle,8,No,3,['Glass'],239,very frequently,2314
private,hybrid,7455,Yes,4,"['Paper', 'Glass', 'Metal']",257,never,3100
walk/bicycle,No Vehicle,10,Yes,4,['Glass'],228,never,1602
walk/bicycle,No Vehicle,30,No,6,['Metal'],259,frequently,2216
private,lpg,90,Yes,1,"['Plastic', 'Glass']",107,very frequently,2640
public,No Vehicle,118,Sometimes,6,"['Paper', 'Plastic']",83,frequently,1899
walk/bicycle,No Vehicle,2,Yes,7,"['Plastic', 'Metal']",94,rarely,1418
walk/bicycle,No Vehicle,10,Sometimes,2,"['Plastic', 'Glass']",272,frequently,2355
public,No Vehicle,841,No,2,['Paper'],87,frequently,2619
walk/bicycle,No Vehicle,41,Sometimes,4,[],142,rarely,1651
public,No Vehicle,1263,Sometimes,3,[],133,never,1935
public,No Vehicle,1996,No,6,"['Paper', 'Metal']",136,never,1716
private,lpg,9012,No,2,['Glass'],103,rarely,2960
public,No Vehicle,1315,Yes,5,"['Paper', 'Glass', 'Metal']",250,rarely,2002
public,No Vehicle,697,No,3,"['Paper', 'Metal']",147,never,1455
private,diesel,8371,Sometimes,1,['Metal'],195,very frequently,5321
walk/bicycle,No Vehicle,25,Sometimes,4,"['Paper', 'Metal']",244,very frequently,2377
public,No Vehicle,307,Yes,4,[],59,very frequently,3093
public,No Vehicle,245,Yes,4,"['Paper', 'Glass', 'Metal']",157,very frequently,1987
public,No Vehicle,1694,Sometimes,3,"['Paper', 'Metal']",149,frequently,2231
walk/bicycle,No Vehicle,20,Yes,1,"['Paper', 'Metal']",254,never,1450
private,petrol,1022,Sometimes,1,"['Paper', 'Glass', 'Metal']",92,never,1387
walk/bicycle,No Vehicle,23,Yes,5,[],168,very frequently,2276
private,lpg,786,Yes,6,"['Glass', 'Metal']",124,frequently,2320
public,No Vehicle,1040,Yes,5,"['Paper', 'Glass']",218,frequently,1996
private,electric,1828,Yes,2,['Paper'],182,rarely,1647
walk/bicycle,No Vehicle,69,No,1,"['Paper', 'Glass', 'Metal']",171,very frequently,1913
walk/bicycle,No Vehicle,23,No,2,['Glass'],130,never,1976
public,No Vehicle,481,Sometimes,1,['Plastic'],153,very frequently,2411
private,diesel,8167,No,4,"['Plastic', 'Metal']",281,frequently,3754
walk/bicycle,No Vehicle,59,Sometimes,3,['Metal'],176,very frequently,2076
public,No Vehicle,745,Yes,5,"['Paper', 'Plastic', 'Glass', 'Metal']",191,never,962
private,lpg,439,No,2,"['Paper', 'Glass', 'Metal']",225,never,1592
private,lpg,3880,No,3,['Plastic'],87,rarely,3246
walk/bicycle,No Vehicle,24,Yes,6,"['Glass', 'Metal']",99,never,1957
private,lpg,7771,Yes,1,"['Paper', 'Plastic', 'Glass', 'Metal']",170,very frequently,4501
public,No Vehicle,1766,No,2,"['Plastic', 'Glass']",294,never,1394
public,No Vehicle,1569,Yes,4,['Paper'],180,frequently,2076
private,petrol,6839,Sometimes,7,"['Plastic', 'Metal']",276,frequently,4030
public,No Vehicle,441,No,1,"['Paper', 'Plastic', 'Glass']",102,never,991
public,No Vehicle,53,No,7,"['Glass', 'Metal']",72,very frequently,4084
public,No Vehicle,1281,Sometimes,4,"['Glass', 'Metal']",133,never,1182
walk/bicycle,No Vehicle,50,Yes,2,[],254,never,1403
public,No Vehicle,174,Sometimes,1,['Plastic'],237,rarely,1467
private,petrol,2402,Yes,3,"['Paper', 'Plastic', 'Glass']",292,very frequently,2655
walk/bicycle,No Vehicle,59,Sometimes,5,"['Paper', 'Metal']",297,very frequently,2889
private,petrol,6287,Yes,6,"['Paper', 'Plastic', 'Glass']",186,very frequently,4574
walk/bicycle,No Vehicle,39,Sometimes,3,"['Plastic', 'Glass']",192,frequently,2364
public,No Vehicle,1159,Sometimes,1,"['Plastic', 'Glass']",116,very frequently,2646
private,lpg,3601,Yes,5,"['Paper', 'Glass', 'Metal']",92,never,1928
public,No Vehicle,1774,Sometimes,1,"['Glass', 'Metal']",66,never,1806
public,No Vehicle,562,No,5,[],134,frequently,2567
private,diesel,2439,Yes,3,"['Paper', 'Glass', 'Metal']",146,frequently,1896
walk/bicycle,No Vehicle,82,No,6,"['Paper', 'Plastic', 'Glass', 'Metal']",125,never,2066
public,No Vehicle,168,Yes,4,[],177,never,2337
private,petrol,160,Yes,6,"['Paper', 'Glass', 'Metal']",210,very frequently,1838
walk/bicycle,No Vehicle,3,Yes,1,"['Paper', 'Glass']",217,never,1280
private,hybrid,1440,Yes,5,[],291,never,2104
walk/bicycle,No Vehicle,5,Sometimes,2,"['Paper', 'Plastic']",158,very frequently,1877
public,No Vehicle,503,No,1,"['Paper', 'Plastic', 'Metal']",92,rarely,1692
public,No Vehicle,1212,Sometimes,4,"['Paper', 'Plastic']",105,rarely,1296
private,hybrid,8379,Sometimes,3,"['Paper', 'Plastic', 'Metal']",106,never,2872
public,No Vehicle,654,Yes,2,['Paper'],234,frequently,1504
public,No Vehicle,1768,No,3,"['Plastic', 'Glass']",159,very frequently,2058
public,No Vehicle,834,Sometimes,1,['Plastic'],237,very frequently,3121
private,hybrid,7572,Yes,3,['Plastic'],297,very frequently,4121
public,No Vehicle,770,No,4,['Paper'],65,never,952
walk/bicycle,No Vehicle,85,Sometimes,5,"['Paper', 'Metal']",180,very frequently,1955
public,No Vehicle,1040,Sometimes,2,"['Paper', 'Glass', 'Metal']",169,never,842
public,No Vehicle,1715,Yes,1,"['Paper', 'Metal']",140,very frequently,1786
public,No Vehicle,839,Yes,6,"['Paper', 'Plastic']",231,frequently,2532
public,No Vehicle,1856,Sometimes,4,[],137,never,2612
public,No Vehicle,90,Sometimes,7,['Plastic'],236,very frequently,2873
walk/bicycle,No Vehicle,12,No,1,"['Paper', 'Plastic']",180,rarely,1497
public,No Vehicle,1486,Yes,2,"['Paper', 'Plastic', 'Metal']",90,very frequently,1894
private,electric,294,Yes,1,"['Paper', 'Plastic', 'Glass']",59,rarely,1077
public,No Vehicle,1563,No,4,"['Paper', 'Plastic', 'Glass', 'Metal']",50,frequently,2312
public,No Vehicle,343,Sometimes,7,['Metal'],182,rarely,1553
public,No Vehicle,1055,Yes,6,"['Paper', 'Plastic', 'Glass', 'Metal']",155,never,1568
walk/bicycle,No Vehicle,84,Yes,2,"['Paper', 'Metal']",106,very frequently,3094
walk/bicycle,No Vehicle,30,Yes,3,"['Paper', 'Glass']",164,frequently,1280
private,hybrid,191,Sometimes,7,['Plastic'],88,rarely,1548
private,diesel,6762,Yes,2,"['Paper', 'Metal']",211,never,3203
private,lpg,7895,Yes,6,"['Glass', 'Metal']",271,rarely,4510
public,No Vehicle,1193,Sometimes,6,"['Paper', 'Glass', 'Metal']",90,never,829
walk/bicycle,No Vehicle,5,Sometimes,5,"['Paper', 'Plastic', 'Glass', 'Metal']",282,never,1380
walk/bicycle,No Vehicle,3,Yes,2,"['Plastic', 'Glass', 'Metal']",109,rarely,1334
private,electric,4605,Sometimes,7,"['Paper', 'Plastic', 'Glass']",291,rarely,2333
walk/bicycle,No Vehicle,82,Yes,1,"['Paper', 'Glass', 'Metal']",292,very frequently,1690
private,lpg,6760,No,3,['Paper'],83,never,3296
walk/bicycle,No Vehicle,97,Yes,7,"['Plastic', 'Metal']",167,frequently,1698
public,No Vehicle,1046,Yes,5,"['Paper', 'Plastic', 'Glass', 'Metal']",221,rarely,1527
walk/bicycle,No Vehicle,85,Sometimes,3,"['Paper', 'Plastic']",253,never,1316
private,petrol,4351,Sometimes,1,"['Plastic', 'Glass', 'Metal']",247,frequently,2994
private,lpg,9111,Sometimes,2,['Paper'],161,rarely,3907
private,diesel,8233,Yes,5,[],148,frequently,3851
public,No Vehicle,563,Sometimes,6,"['Paper', 'Plastic', 'Metal']",240,frequently,3008
walk/bicycle,No Vehicle,86,Sometimes,4,['Metal'],256,rarely,2135
public,No Vehicle,865,Sometimes,1,['Plastic'],170,rarely,1367
private,lpg,4459,Yes,1,"['Paper', 'Glass']",281,rarely,2582
walk/bicycle,No Vehicle,35,Yes,3,"['Paper', 'Glass', 'Metal']",188,rarely,1454
walk/bicycle,No Vehicle,77,Sometimes,4,['Paper'],192,rarely,1790
private,petrol,5372,Yes,4,"['Glass', 'Metal']",257,never,2945
public,No Vehicle,161,No,6,"['Glass', 'Metal']",70,frequently,2181
walk/bicycle,No Vehicle,0,Sometimes,2,"['Plastic', 'Glass', 'Metal']",61,very frequently,2095
walk/bicycle,No Vehicle,41,No,5,"['Plastic', 'Glass']",136,rarely,1660
private,hybrid,8842,Sometimes,6,"['Plastic', 'Glass', 'Metal']",224,frequently,4497
walk/bicycle,No Vehicle,81,Sometimes,1,"['Paper', 'Glass']",154,very frequently,3003
public,No Vehicle,14,No,3,"['Glass', 'Metal']",218,very frequently,3672
public,No Vehicle,1580,Sometimes,3,"['Paper', 'Plastic', 'Glass', 'Metal']",63,never,1048
walk/bicycle,No Vehicle,88,No,5,"['Paper', 'Plastic', 'Metal']",268,very frequently,2778
walk/bicycle,No Vehicle,17,No,7,"['Paper', 'Glass', 'Metal']",85,very frequently,3015
private,diesel,7435,No,7,"['Plastic', 'Glass']",241,frequently,3916
public,No Vehicle,1610,Sometimes,3,"['Paper', 'Plastic', 'Glass', 'Metal']",115,never,818
walk/bicycle,No Vehicle,78,Sometimes,4,"['Plastic', 'Glass', 'Metal']",296,very frequently,2729
walk/bicycle,No Vehicle,85,Yes,6,"['Plastic', 'Glass']",170,never,1625
private,diesel,8772,No,4,"['Paper', 'Plastic']",255,rarely,3306
private,petrol,6813,Yes,7,['Plastic'],296,frequently,4773
private,diesel,5863,Sometimes,7,[],82,very frequently,5750
walk/bicycle,No Vehicle,31,Sometimes,2,"['Plastic', 'Glass', 'Metal']",163,rarely,1392
private,electric,3570,Sometimes,5,"['Glass', 'Metal']",264,very frequently,2937
private,electric,8533,Yes,2,"['Plastic', 'Glass', 'Metal']",169,very frequently,2618
walk/bicycle,No Vehicle,93,Sometimes,3,['Metal'],169,frequently,2388
private,petrol,8840,No,1,"['Paper', 'Glass']",145,rarely,5392
private,petrol,8860,No,3,"['Glass', 'Metal']",132,very frequently,5816
private,diesel,586,Yes,1,['Metal'],279,frequently,1818
private,petrol,2834,Sometimes,6,"['Paper', 'Plastic']",170,frequently,4403
private,electric,2850,No,1,[],182,never,1586
private,hybrid,7829,No,2,"['Paper', 'Glass', 'Metal']",253,never,2448
walk/bicycle,No Vehicle,57,Sometimes,5,"['Paper', 'Plastic', 'Glass']",66,frequently,1393
public,No Vehicle,708,No,7,"['Plastic', 'Glass']",257,rarely,2071
private,hybrid,2765,No,6,"['Plastic', 'Glass', 'Metal']",106,never,2083
walk/bicycle,No Vehicle,8,Sometimes,1,"['Paper', 'Plastic', 'Glass']",79,never,1069
walk/bicycle,No Vehicle,56,Sometimes,5,"['Paper', 'Plastic', 'Metal']",125,rarely,805
walk/bicycle,No Vehicle,99,Sometimes,3,"['Plastic', 'Glass', 'Metal']",90,rarely,1045
private,diesel,3730,Yes,1,"['Paper', 'Plastic']",292,frequently,3659
walk/bicycle,No Vehicle,41,No,6,"['Plastic', 'Glass']",266,rarely,2051
public,No Vehicle,1603,Sometimes,6,"['Plastic', 'Metal']",219,rarely,2163
walk/bicycle,No Vehicle,2,No,5,"['Plastic', 'Metal']",299,very frequently,2787
public,No Vehicle,687,Yes,5,"['Paper', 'Glass', 'Metal']",245,rarely,1765
walk/bicycle,No Vehicle,92,Sometimes,3,"['Paper', 'Plastic', 'Glass']",209,never,809
walk/bicycle,No Vehicle,57,Sometimes,7,"['Paper', 'Plastic', 'Glass']",251,rarely,1593
private,lpg,6019,No,3,"['Paper', 'Metal']",70,rarely,4040
walk/bicycle,No Vehicle,65,No,7,"['Paper', 'Plastic', 'Glass']",202,rarely,1837
walk/bicycle,No Vehicle,51,Sometimes,7,"['Glass', 'Metal']",105,frequently,2690
walk/bicycle,No Vehicle,52,Yes,1,"['Paper', 'Plastic']",253,frequently,1587
private,lpg,6824,Yes,2,['Metal'],63,very frequently,4082
private,diesel,3293,Yes,3,"['Paper', 'Plastic']",182,frequently,2629
private,hybrid,6211,No,5,"['Paper', 'Plastic', 'Glass', 'Metal']",199,very frequently,3700
walk/bicycle,No Vehicle,60,No,2,['Plastic'],83,very frequently,2732
walk/bicycle,No Vehicle,63,Sometimes,6,"['Plastic', 'Glass']",132,very frequently,2946
private,lpg,9941,Sometimes,3,"['Plastic', 'Glass']",250,never,3703
public,No Vehicle,557,Yes,5,['Paper'],190,rarely,1243
private,lpg,4499,Sometimes,6,"['Paper', 'Glass', 'Metal']",64,never,2702
private,electric,8764,Yes,6,['Plastic'],246,never,1815
walk/bicycle,No Vehicle,70,Sometimes,3,"['Paper', 'Glass', 'Metal']",133,very frequently,2204
private,lpg,8786,Yes,4,['Metal'],227,very frequently,5976
public,No Vehicle,1991,Sometimes,2,"['Paper', 'Plastic']",59,never,1009
walk/bicycle,No Vehicle,34,Sometimes,2,"['Paper', 'Glass', 'Metal']",270,frequently,1641
public,No Vehicle,227,No,4,"['Paper', 'Plastic', 'Glass', 'Metal']",214,very frequently,2085
private,diesel,5063,Sometimes,7,['Glass'],236,rarely,2833
walk/bicycle,No Vehicle,47,Yes,2,"['Paper', 'Metal']",260,very frequently,2370
public,No Vehicle,1087,Yes,7,[],276,rarely,1221
public,No Vehicle,748,Yes,2,['Plastic'],245,rarely,2088
public,No Vehicle,1006,Yes,7,['Paper'],281,rarely,1984
walk/bicycle,No Vehicle,6,No,4,"['Plastic', 'Glass']",92,frequently,1378
walk/bicycle,No Vehicle,65,Sometimes,6,['Paper'],113,rarely,1171
walk/bicycle,No Vehicle,59,No,2,"['Paper', 'Glass']",78,rarely,1609
private,diesel,3959,Sometimes,5,"['Glass', 'Metal']",276,very frequently,4662
public,No Vehicle,317,Sometimes,2,"['Paper', 'Plastic', 'Glass']",225,frequently,1847
public,No Vehicle,547,No,7,"['Paper', 'Plastic', 'Glass']",181,very frequently,3456
walk/bicycle,No Vehicle,7,Sometimes,2,['Glass'],135,rarely,1773
walk/bicycle,No Vehicle,12,Sometimes,4,"['Plastic', 'Glass', 'Metal']",172,rarely,1706
walk/bicycle,No Vehicle,13,Sometimes,1,"['Paper', 'Plastic', 'Metal']",73,very frequently,2696
walk/bicycle,No Vehicle,70,Sometimes,2,"['Plastic', 'Metal']",195,rarely,1258
walk/bicycle,No Vehicle,34,No,2,"['Paper', 'Metal']",85,very frequently,2363
walk/bicycle,No Vehicle,96,No,1,['Plastic'],198,never,1162
private,hybrid,6730,No,4,"['Paper', 'Plastic', 'Glass', 'Metal']",124,never,2207
public,No Vehicle,248,No,7,[],144,never,2032
public,No Vehicle,912,No,5,"['Paper', 'Glass']",103,rarely,2190
walk/bicycle,No Vehicle,25,No,6,"['Paper', 'Glass']",251,never,952
public,No Vehicle,328,Yes,4,['Paper'],199,frequently,2312
public,No Vehicle,1406,Yes,4,['Metal'],93,never,1214
private,electric,3022,Sometimes,4,"['Paper', 'Plastic', 'Glass']",163,rarely,1509
public,No Vehicle,1793,No,2,"['Glass', 'Metal']",215,rarely,1845
private,electric,4674,Sometimes,4,"['Plastic', 'Metal']",238,frequently,1830
walk/bicycle,No Vehicle,95,No,6,"['Plastic', 'Metal']",147,never,1132
private,petrol,5356,Sometimes,6,['Paper'],172,never,3219
public,No Vehicle,1819,Sometimes,2,"['Paper', 'Glass']",292,frequently,2000
private,diesel,5474,No,3,"['Paper', 'Plastic', 'Glass', 'Metal']",85,frequently,4061
public,No Vehicle,1460,No,6,[],256,frequently,2976
walk/bicycle,No Vehicle,70,Yes,4,"['Plastic', 'Glass']",249,never,927
private,hybrid,2859,Sometimes,1,"['Paper', 'Plastic', 'Glass', 'Metal']",136,never,1844
public,No Vehicle,904,Yes,1,[],294,very frequently,3246
public,No Vehicle,722,No,3,"['Paper', 'Plastic', 'Metal']",157,frequently,1537
public,No Vehicle,1672,No,1,['Paper'],258,rarely,975
public,No Vehicle,661,No,6,['Paper'],267,very frequently,4132
public,No Vehicle,379,Yes,6,"['Plastic', 'Glass', 'Metal']",281,never,1302
private,lpg,1202,Yes,7,"['Paper', 'Metal']",263,frequently,2214
public,No Vehicle,1747,Yes,2,"['Paper', 'Plastic']",263,frequently,2189
public,No Vehicle,1880,No,4,"['Glass', 'Metal']",157,very frequently,4021
walk/bicycle,No Vehicle,51,Yes,5,"['Plastic', 'Metal']",280,rarely,2819
walk/bicycle,No Vehicle,92,Yes,2,['Metal'],95,never,897
walk/bicycle,No Vehicle,81,Yes,1,['Metal'],280,never,1354
public,No Vehicle,1886,Yes,6,['Glass'],59,very frequently,1885
private,electric,9489,Yes,5,"['Paper', 'Glass', 'Metal']",109,rarely,942
public,No Vehicle,69,No,1,"['Glass', 'Metal']",288,never,1156
walk/bicycle,No Vehicle,9,No,5,[],284,rarely,1491
walk/bicycle,No Vehicle,25,No,1,"['Paper', 'Plastic']",97,rarely,1238
walk/bicycle,No Vehicle,61,Sometimes,7,"['Paper', 'Plastic', 'Metal']",262,frequently,1712
private,hybrid,5508,Yes,2,"['Plastic', 'Glass', 'Metal']",110,rarely,2479
private,lpg,5986,Yes,2,"['Plastic', 'Glass', 'Metal']",180,very frequently,4724
private,electric,8613,Yes,2,"['Plastic', 'Glass']",177,rarely,1221
public,No Vehicle,397,Sometimes,4,"['Paper', 'Glass', 'Metal']",192,very frequently,2213
public,No Vehicle,1492,Yes,7,['Glass'],154,never,2083
private,lpg,4508,Yes,4,"['Plastic', 'Glass', 'Metal']",280,rarely,1977
walk/bicycle,No Vehicle,19,No,4,"['Plastic', 'Glass']",271,frequently,2223
private,electric,7552,No,3,['Glass'],73,frequently,1753
private,lpg,2499,Sometimes,1,['Plastic'],252,frequently,2513
walk/bicycle,No Vehicle,38,Sometimes,5,"['Paper', 'Plastic', 'Metal']",232,rarely,3007
public,No Vehicle,1046,Sometimes,3,"['Plastic', 'Glass', 'Metal']",85,frequently,2264
walk/bicycle,No Vehicle,94,Yes,2,"['Paper', 'Plastic', 'Metal']",189,never,1252
walk/bicycle,No Vehicle,87,Yes,6,"['Paper', 'Plastic']",111,very frequently,2768
public,No Vehicle,1887,Yes,4,"['Paper', 'Glass']",264,frequently,3561
public,No Vehicle,1945,No,6,"['Paper', 'Plastic']",118,frequently,2360
private,hybrid,2888,No,2,"['Plastic', 'Glass', 'Metal']",223,never,1472
private,petrol,544,Sometimes,6,['Glass'],246,very frequently,3437
walk/bicycle,No Vehicle,54,Sometimes,1,"['Plastic', 'Glass', 'Metal']",61,never,1006
private,hybrid,6920,Sometimes,1,"['Paper', 'Plastic', 'Metal']",60,never,2249
walk/bicycle,No Vehicle,4,Sometimes,3,"['Paper', 'Plastic', 'Glass']",123,very frequently,2413
public,No Vehicle,266,Yes,7,[],76,never,2175
private,lpg,5505,Sometimes,3,"['Plastic', 'Metal']",233,very frequently,3375
public,No Vehicle,826,Sometimes,6,['Glass'],94,frequently,2487
walk/bicycle,No Vehicle,99,Yes,1,['Paper'],129,very frequently,2914
public,No Vehicle,1277,Sometimes,4,['Metal'],186,never,1573
private,lpg,8771,Yes,3,"['Paper', 'Plastic']",105,rarely,2919
public,No Vehicle,46,Yes,3,"['Plastic', 'Metal']",138,never,1148
public,No Vehicle,1401,Yes,7,[],112,never,1987
public,No Vehicle,561,No,6,"['Paper', 'Plastic', 'Glass']",109,frequently,1877
public,No Vehicle,1604,Sometimes,3,"['Paper', 'Plastic', 'Metal']",261,very frequently,2673
private,diesel,4265,Sometimes,1,"['Paper', 'Plastic', 'Glass']",249,frequently,2334
walk/bicycle,No Vehicle,77,No,4,"['Glass', 'Metal']",217,rarely,1567
walk/bicycle,No Vehicle,28,Yes,1,"['Glass', 'Metal']",244,very frequently,2798
public,No Vehicle,519,Sometimes,3,"['Paper', 'Metal']",79,frequently,1991
walk/bicycle,No Vehicle,50,Yes,1,['Plastic'],248,rarely,1317
walk/bicycle,No Vehicle,60,No,2,['Glass'],108,frequently,1401
public,No Vehicle,898,Sometimes,1,"['Paper', 'Glass', 'Metal']",180,very frequently,2837
private,hybrid,7425,No,2,[],123,frequently,2649
public,No Vehicle,15,Sometimes,7,['Plastic'],140,rarely,2654
private,electric,2571,Sometimes,7,"['Paper', 'Plastic']",87,frequently,2365
private,diesel,9885,Sometimes,4,"['Plastic', 'Glass']",198,rarely,4051
walk/bicycle,No Vehicle,48,No,3,"['Glass', 'Metal']",228,very frequently,2381
walk/bicycle,No Vehicle,69,Sometimes,6,"['Plastic', 'Glass', 'Metal']",216,frequently,2412
walk/bicycle,No Vehicle,13,Sometimes,2,"['Plastic', 'Glass', 'Metal']",195,very frequently,2284
public,No Vehicle,1996,Sometimes,7,"['Paper', 'Plastic']",198,very frequently,2775
public,No Vehicle,194,Sometimes,1,"['Paper', 'Plastic', 'Glass', 'Metal']",168,rarely,764
walk/bicycle,No Vehicle,8,No,2,"['Paper', 'Plastic', 'Glass', 'Metal']",72,rarely,1554
public,No Vehicle,1923,Sometimes,3,"['Paper', 'Metal']",140,frequently,1879
walk/bicycle,No Vehicle,90,Sometimes,2,"['Plastic', 'Glass', 'Metal']",203,rarely,1777
private,electric,3650,Sometimes,4,"['Paper', 'Glass', 'Metal']",224,rarely,663
walk/bicycle,No Vehicle,90,No,6,[],102,frequently,2244
private,lpg,5769,No,7,"['Paper', 'Glass', 'Metal']",119,frequently,3646
walk/bicycle,No Vehicle,66,Yes,3,"['Paper', 'Plastic', 'Glass']",74,very frequently,2960
walk/bicycle,No Vehicle,62,Sometimes,1,"['Glass', 'Metal']",202,frequently,1556
public,No Vehicle,240,No,2,"['Paper', 'Plastic', 'Glass']",186,frequently,1724
public,No Vehicle,332,Yes,7,"['Paper', 'Glass', 'Metal']",250,frequently,2222
walk/bicycle,No Vehicle,60,Yes,2,"['Paper', 'Metal']",186,very frequently,1862
walk/bicycle,No Vehicle,72,Yes,5,"['Plastic', 'Metal']",183,frequently,2241
walk/bicycle,No Vehicle,91,Yes,2,['Plastic'],98,rarely,1629
walk/bicycle,No Vehicle,77,No,2,"['Plastic', 'Metal']",107,very frequently,2350
walk/bicycle,No Vehicle,73,No,1,['Glass'],199,never,959
private,lpg,2664,Sometimes,5,['Plastic'],172,frequently,3484
private,lpg,2317,Yes,6,"['Plastic', 'Metal']",88,very frequently,2930
public,No Vehicle,1033,Yes,1,['Plastic'],98,never,920
walk/bicycle,No Vehicle,36,No,2,"['Paper', 'Glass', 'Metal']",213,very frequently,3090
walk/bicycle,No Vehicle,52,No,3,['Metal'],241,rarely,1811
walk/bicycle,No Vehicle,32,Yes,2,"['Paper', 'Plastic', 'Glass']",107,very frequently,2305
private,electric,2536,Yes,5,"['Paper', 'Plastic']",71,rarely,1635
public,No Vehicle,972,Sometimes,2,"['Paper', 'Glass']",206,frequently,1308
walk/bicycle,No Vehicle,35,Sometimes,4,"['Plastic', 'Glass']",93,very frequently,2568
public,No Vehicle,1591,Sometimes,6,"['Paper', 'Glass']",285,rarely,1935
private,hybrid,4763,Sometimes,5,"['Paper', 'Plastic', 'Glass']",105,rarely,1897
public,No Vehicle,482,Sometimes,7,"['Paper', 'Plastic', 'Metal']",282,never,1863
public,No Vehicle,1423,Sometimes,5,"['Paper', 'Plastic', 'Metal']",212,very frequently,2501
walk/bicycle,No Vehicle,53,No,2,"['Paper', 'Glass', 'Metal']",267,rarely,1446
private,diesel,5167,Sometimes,3,['Glass'],274,frequently,3698
walk/bicycle,No Vehicle,29,Yes,2,"['Paper', 'Plastic', 'Metal']",83,never,1023
private,electric,2632,No,6,"['Paper', 'Plastic', 'Metal']",123,very frequently,2499
private,petrol,3643,Sometimes,2,"['Paper', 'Glass', 'Metal']",50,frequently,2457
public,No Vehicle,1493,Sometimes,6,[],107,rarely,2636
walk/bicycle,No Vehicle,17,Yes,5,['Paper'],154,frequently,2477
public,No Vehicle,1574,Yes,1,['Plastic'],95,rarely,1219
private,lpg,1427,Sometimes,4,"['Paper', 'Plastic', 'Glass']",278,rarely,1509
public,No Vehicle,772,Sometimes,5,"['Glass', 'Metal']",145,frequently,2013
walk/bicycle,No Vehicle,24,No,4,"['Plastic', 'Glass', 'Metal']",109,frequently,1636
walk/bicycle,No Vehicle,16,Sometimes,3,"['Paper', 'Glass', 'Metal']",201,frequently,1767
private,diesel,4669,Sometimes,7,['Metal'],159,rarely,3469
walk/bicycle,No Vehicle,44,Sometimes,7,['Paper'],294,very frequently,3038
private,hybrid,2131,Yes,7,"['Paper', 'Plastic', 'Glass']",94,never,1767
walk/bicycle,No Vehicle,71,Yes,4,"['Paper', 'Glass']",65,frequently,1712
private,hybrid,4816,Sometimes,2,"['Plastic', 'Metal']",178,rarely,2408
private,diesel,5555,No,5,"['Paper', 'Glass', 'Metal']",175,frequently,3660
private,petrol,9107,Sometimes,3,['Paper'],162,rarely,5293
public,No Vehicle,1707,Yes,3,"['Glass', 'Metal']",145,frequently,2696
private,electric,10,Sometimes,6,"['Paper', 'Plastic', 'Glass']",204,very frequently,2955
walk/bicycle,No Vehicle,75,Sometimes,2,"['Paper', 'Plastic', 'Glass', 'Metal']",228,rarely,1447
private,lpg,4123,No,1,['Glass'],251,very frequently,3415
private,diesel,5619,No,4,['Paper'],168,never,2508
public,No Vehicle,1857,Yes,3,"['Plastic', 'Glass']",92,never,1134
walk/bicycle,No Vehicle,96,No,2,"['Glass', 'Metal']",65,frequently,1711
public,No Vehicle,663,Yes,4,"['Paper', 'Plastic', 'Metal']",270,very frequently,2113
walk/bicycle,No Vehicle,95,Yes,5,"['Paper', 'Plastic', 'Glass']",134,rarely,1672
private,lpg,5198,No,3,"['Paper', 'Metal']",274,frequently,2669
public,No Vehicle,37,Yes,3,"['Plastic', 'Glass']",117,never,995
walk/bicycle,No Vehicle,84,No,1,"['Paper', 'Glass', 'Metal']",116,frequently,1453
walk/bicycle,No Vehicle,11,No,2,['Glass'],93,frequently,1619
walk/bicycle,No Vehicle,83,No,4,"['Plastic', 'Metal']",242,never,1865
private,lpg,7848,No,5,[],145,very frequently,5779
public,No Vehicle,1079,Sometimes,5,"['Paper', 'Glass']",137,frequently,1375
public,No Vehicle,1768,Yes,2,"['Plastic', 'Glass', 'Metal']",200,never,873
public,No Vehicle,1583,Sometimes,3,"['Paper', 'Glass']",185,never,1078
walk/bicycle,No Vehicle,44,Yes,4,"['Paper', 'Plastic']",223,rarely,1723
private,lpg,7864,Yes,5,['Metal'],104,never,3694
walk/bicycle,No Vehicle,8,No,4,"['Plastic', 'Metal']",291,never,1995
walk/bicycle,No Vehicle,94,Sometimes,6,"['Paper', 'Plastic', 'Glass', 'Metal']",245,very frequently,2093
private,hybrid,5836,Yes,3,"['Paper', 'Glass', 'Metal']",249,frequently,3286
public,No Vehicle,789,Sometimes,2,"['Glass', 'Metal']",285,very frequently,2606
walk/bicycle,No Vehicle,7,No,3,"['Paper', 'Glass']",138,very frequently,2981
walk/bicycle,No Vehicle,19,Yes,1,"['Paper', 'Plastic', 'Glass']",292,never,1518
private,lpg,9332,Yes,3,['Paper'],56,rarely,4811
public,No Vehicle,199,Sometimes,5,"['Plastic', 'Metal']",203,rarely,1198
walk/bicycle,No Vehicle,24,Yes,6,"['Paper', 'Plastic', 'Glass', 'Metal']",58,rarely,1611
walk/bicycle,No Vehicle,53,Yes,3,"['Paper', 'Glass']",63,never,542
private,hybrid,6657,Yes,1,"['Paper', 'Glass']",246,never,1565
private,lpg,4783,Sometimes,7,"['Paper', 'Plastic']",149,frequently,3344
walk/bicycle,No Vehicle,4,No,1,['Plastic'],78,rarely,1277
private,petrol,9993,No,4,['Plastic'],103,very frequently,5756
walk/bicycle,No Vehicle,25,No,1,"['Glass', 'Metal']",69,very frequently,2548
private,petrol,2901,Sometimes,6,"['Paper', 'Plastic', 'Glass', 'Metal']",128,very frequently,4488
walk/bicycle,No Vehicle,44,No,2,"['Plastic', 'Metal']",204,very frequently,2757
public,No Vehicle,1584,Sometimes,6,"['Glass', 'Metal']",208,never,1008
private,electric,3636,Yes,1,[],75,rarely,1192
private,electric,9727,No,2,"['Paper', 'Plastic', 'Metal']",252,frequently,1523
private,petrol,1485,No,2,"['Paper', 'Plastic', 'Metal']",192,rarely,2148
walk/bicycle,No Vehicle,51,Yes,6,[],149,never,1278
public,No Vehicle,612,Yes,7,['Metal'],154,frequently,1988
public,No Vehicle,901,Sometimes,5,[],60,never,1647
public,No Vehicle,1371,Yes,6,"['Plastic', 'Glass']",245,never,1759
private,diesel,759,Sometimes,4,"['Glass', 'Metal']",161,never,1790
private,electric,625,Yes,5,"['Plastic', 'Glass', 'Metal']",275,never,1393
public,No Vehicle,1691,Yes,6,"['Plastic', 'Glass', 'Metal']",175,never,1311
walk/bicycle,No Vehicle,80,No,5,"['Plastic', 'Glass', 'Metal']",180,rarely,2071
private,diesel,1846,Yes,2,"['Paper', 'Plastic', 'Metal']",146,frequently,2188
public,No Vehicle,410,Yes,2,"['Glass', 'Metal']",153,frequently,1768
walk/bicycle,No Vehicle,15,Sometimes,7,"['Paper', 'Glass']",132,rarely,1278
walk/bicycle,No Vehicle,92,Yes,3,"['Paper', 'Plastic', 'Glass', 'Metal']",235,rarely,1366
walk/bicycle,No Vehicle,78,No,3,"['Paper', 'Glass']",285,frequently,2516
private,petrol,6109,Sometimes,6,['Plastic'],108,frequently,4717
public,No Vehicle,99,Sometimes,3,"['Paper', 'Glass', 'Metal']",149,rarely,1505
private,electric,670,Sometimes,2,['Glass'],66,never,2026
walk/bicycle,No Vehicle,81,Yes,2,['Metal'],234,rarely,1652
private,diesel,5916,Sometimes,6,"['Plastic', 'Metal']",82,very frequently,4374
private,lpg,3091,No,3,"['Paper', 'Plastic', 'Metal']",174,rarely,2175
public,No Vehicle,1158,Sometimes,1,['Plastic'],271,rarely,1210
private,diesel,6488,Yes,6,"['Paper', 'Metal']",245,very frequently,4859
walk/bicycle,No Vehicle,88,Sometimes,5,"['Paper', 'Glass', 'Metal']",231,frequently,1722
walk/bicycle,No Vehicle,92,No,5,"['Paper', 'Glass']",65,frequently,2309
walk/bicycle,No Vehicle,78,Sometimes,7,"['Paper', 'Glass']",222,never,1993
public,No Vehicle,1182,Sometimes,1,['Plastic'],133,never,1308
private,hybrid,7385,No,6,"['Paper', 'Glass', 'Metal']",219,very frequently,3887
walk/bicycle,No Vehicle,28,No,7,"['Paper', 'Plastic']",166,rarely,2040
walk/bicycle,No Vehicle,15,Yes,5,"['Paper', 'Plastic', 'Glass', 'Metal']",85,frequently,1760
public,No Vehicle,1131,Sometimes,7,"['Paper', 'Plastic', 'Glass']",236,never,3250
private,diesel,2003,Sometimes,2,['Metal'],122,very frequently,2533
public,No Vehicle,179,Yes,7,"['Paper', 'Plastic']",196,very frequently,2199
walk/bicycle,No Vehicle,11,No,4,"['Glass', 'Metal']",174,very frequently,2335
walk/bicycle,No Vehicle,13,Sometimes,6,['Glass'],141,never,1921
public,No Vehicle,1145,No,3,"['Glass', 'Metal']",260,rarely,1615
public,No Vehicle,776,No,1,[],191,rarely,1710
public,No Vehicle,462,No,1,"['Plastic', 'Metal']",185,never,611
walk/bicycle,No Vehicle,97,Sometimes,5,"['Glass', 'Metal']",235,frequently,1368
private,lpg,9395,No,3,"['Paper', 'Glass', 'Metal']",252,never,2867
public,No Vehicle,1688,No,7,"['Plastic', 'Metal']",114,never,1341
private,diesel,2631,Sometimes,3,"['Plastic', 'Glass', 'Metal']",94,rarely,1887
private,petrol,242,Yes,2,"['Paper', 'Glass', 'Metal']",62,very frequently,2542
private,petrol,1480,Sometimes,1,['Paper'],159,never,1488
private,electric,1695,Sometimes,2,"['Plastic', 'Glass', 'Metal']",95,never,1172
public,No Vehicle,1399,Sometimes,5,"['Paper', 'Plastic', 'Glass']",148,never,1645
public,No Vehicle,1996,Sometimes,3,"['Plastic', 'Metal']",60,frequently,2085
public,No Vehicle,1034,No,5,['Plastic'],168,rarely,1516
private,lpg,3318,Sometimes,6,['Paper'],206,frequently,2531
walk/bicycle,No Vehicle,17,Yes,3,"['Paper', 'Plastic']",108,frequently,1439
private,electric,6631,Sometimes,5,['Plastic'],294,never,1741
private,hybrid,257,Sometimes,6,"['Paper', 'Plastic']",57,frequently,2725
public,No Vehicle,1451,Yes,6,['Plastic'],112,never,1778
walk/bicycle,No Vehicle,73,Yes,2,"['Plastic', 'Glass', 'Metal']",206,frequently,1709
walk/bicycle,No Vehicle,97,Sometimes,5,"['Paper', 'Plastic', 'Metal']",201,rarely,1763
walk/bicycle,No Vehicle,97,Yes,5,"['Paper', 'Glass', 'Metal']",221,never,1353
private,petrol,1978,Sometimes,6,"['Glass', 'Metal']",281,frequently,3601
private,hybrid,3329,No,4,"['Paper', 'Glass']",164,very frequently,3774
walk/bicycle,No Vehicle,33,No,6,[],107,rarely,1021
private,diesel,9398,Yes,6,['Plastic'],275,frequently,4306
private,diesel,227,Sometimes,5,['Paper'],141,never,992
walk/bicycle,No Vehicle,73,Yes,6,"['Plastic', 'Glass']",214,frequently,2030
public,No Vehicle,952,Sometimes,1,"['Plastic', 'Metal']",113,frequently,2401
private,lpg,2639,Yes,5,['Plastic'],293,frequently,3080
walk/bicycle,No Vehicle,63,No,2,['Glass'],122,rarely,1277
private,electric,5928,Sometimes,3,"['Paper', 'Plastic', 'Metal']",170,frequently,1890
public,No Vehicle,1045,No,3,"['Plastic', 'Metal']",240,frequently,2502
private,petrol,1868,Sometimes,5,[],180,never,3292
walk/bicycle,No Vehicle,76,No,7,[],106,frequently,3384
public,No Vehicle,1012,Yes,7,"['Paper', 'Plastic']",217,rarely,1781
public,No Vehicle,46,No,6,"['Glass', 'Metal']",216,rarely,2222
walk/bicycle,No Vehicle,31,No,6,"['Paper', 'Plastic', 'Glass']",257,never,1616
public,No Vehicle,107,Sometimes,6,"['Plastic', 'Metal']",135,rarely,1545
private,hybrid,8046,Sometimes,3,"['Plastic', 'Glass', 'Metal']",168,rarely,2334
walk/bicycle,No Vehicle,74,Yes,3,['Glass'],206,rarely,1273
public,No Vehicle,1949,Yes,2,['Paper'],153,rarely,1864
private,electric,2549,Yes,7,"['Paper', 'Plastic']",124,very frequently,2946
walk/bicycle,No Vehicle,66,No,1,"['Glass', 'Metal']",299,very frequently,2069
walk/bicycle,No Vehicle,11,Sometimes,3,"['Paper', 'Glass', 'Metal']",212,never,1286
public,No Vehicle,1219,Yes,1,"['Glass', 'Metal']",192,frequently,1503
private,diesel,7816,Yes,4,"['Paper', 'Plastic', 'Glass', 'Metal']",164,rarely,3063
walk/bicycle,No Vehicle,72,Sometimes,6,"['Paper', 'Glass', 'Metal']",211,frequently,1939
public,No Vehicle,236,No,7,"['Paper', 'Glass']",251,rarely,806
private,lpg,5478,Sometimes,1,"['Paper', 'Plastic', 'Glass']",242,rarely,2781
private,petrol,1795,Yes,5,"['Paper', 'Metal']",194,never,2244
walk/bicycle,No Vehicle,12,No,4,"['Paper', 'Plastic', 'Glass']",58,frequently,1165
walk/bicycle,No Vehicle,28,No,3,"['Paper', 'Plastic', 'Glass', 'Metal']",152,rarely,1310
walk/bicycle,No Vehicle,70,No,5,"['Paper', 'Plastic']",161,never,1539
public,No Vehicle,1934,No,7,"['Paper', 'Plastic', 'Glass', 'Metal']",107,frequently,1635
walk/bicycle,No Vehicle,7,Yes,4,"['Plastic', 'Metal']",151,rarely,984
public,No Vehicle,806,Sometimes,2,"['Paper', 'Glass']",244,frequently,1708
walk/bicycle,No Vehicle,93,No,2,"['Paper', 'Metal']",54,rarely,908
public,No Vehicle,1432,Sometimes,5,['Metal'],181,rarely,1228
private,diesel,5018,No,6,['Paper'],259,rarely,2323
public,No Vehicle,1425,Sometimes,4,"['Plastic', 'Glass', 'Metal']",270,never,1674
walk/bicycle,No Vehicle,87,No,1,"['Paper', 'Plastic', 'Glass', 'Metal']",131,rarely,1433
public,No Vehicle,1227,No,5,['Plastic'],160,never,1774
walk/bicycle,No Vehicle,79,Sometimes,3,"['Glass', 'Metal']",139,frequently,1774
walk/bicycle,No Vehicle,93,Sometimes,6,"['Plastic', 'Glass', 'Metal']",73,never,1226
walk/bicycle,No Vehicle,37,No,5,"['Plastic', 'Glass', 'Metal']",161,never,1336
private,hybrid,8908,Yes,2,['Glass'],133,never,2425
walk/bicycle,No Vehicle,24,No,5,['Glass'],241,never,1497
walk/bicycle,No Vehicle,14,No,6,"['Plastic', 'Glass']",138,frequently,1446
public,No Vehicle,207,No,2,"['Paper', 'Plastic', 'Glass', 'Metal']",279,frequently,2054
walk/bicycle,No Vehicle,85,Sometimes,2,"['Paper', 'Plastic', 'Metal']",272,never,1393
private,electric,8805,Yes,7,"['Plastic', 'Glass']",150,never,1563
walk/bicycle,No Vehicle,97,No,3,"['Paper', 'Glass']",78,never,1432
walk/bicycle,No Vehicle,19,No,2,"['Plastic', 'Glass', 'Metal']",106,never,821
private,petrol,1485,Yes,7,"['Plastic', 'Metal']",192,frequently,4086
walk/bicycle,No Vehicle,24,No,1,['Plastic'],89,very frequently,2457
walk/bicycle,No Vehicle,10,Sometimes,2,"['Plastic', 'Metal']",284,never,1556
public,No Vehicle,486,No,4,[],272,never,2223
public,No Vehicle,582,Sometimes,1,[],294,frequently,2001
walk/bicycle,No Vehicle,81,No,7,['Paper'],126,rarely,1753
public,No Vehicle,79,Yes,6,"['Paper', 'Glass', 'Metal']",185,very frequently,3231
public,No Vehicle,1618,Sometimes,5,"['Plastic', 'Metal']",70,never,1738
public,No Vehicle,1933,No,1,"['Paper', 'Metal']",73,frequently,1522
private,lpg,8463,No,5,[],147,frequently,4818
walk/bicycle,No Vehicle,31,Sometimes,1,"['Paper', 'Plastic', 'Glass', 'Metal']",150,never,501
walk/bicycle,No Vehicle,69,No,1,"['Paper', 'Plastic']",109,frequently,2087
public,No Vehicle,1764,Yes,1,"['Paper', 'Glass']",177,very frequently,2554
private,petrol,7150,Yes,2,"['Paper', 'Glass', 'Metal']",278,rarely,4286
walk/bicycle,No Vehicle,49,Yes,6,"['Paper', 'Plastic']",91,very frequently,2643
private,hybrid,3121,Sometimes,4,['Metal'],205,frequently,2248
private,lpg,8476,Yes,1,"['Paper', 'Plastic', 'Metal']",166,rarely,3343
walk/bicycle,No Vehicle,73,Sometimes,3,[],147,very frequently,2454
private,electric,7850,Yes,7,[],238,frequently,2326
walk/bicycle,No Vehicle,70,Sometimes,4,"['Paper', 'Glass', 'Metal']",158,never,822
walk/bicycle,No Vehicle,4,Sometimes,2,"['Paper', 'Glass']",123,never,1138
walk/bicycle,No Vehicle,3,Sometimes,1,"['Plastic', 'Glass']",209,very frequently,2746
walk/bicycle,No Vehicle,9,No,5,['Metal'],247,very frequently,2821
private,hybrid,8944,Sometimes,1,['Plastic'],284,very frequently,3422
walk/bicycle,No Vehicle,79,No,5,"['Paper', 'Metal']",235,never,1775
walk/bicycle,No Vehicle,21,Yes,3,"['Paper', 'Glass', 'Metal']",124,never,1164
public,No Vehicle,413,Yes,3,"['Plastic', 'Metal']",226,rarely,1586
public,No Vehicle,789,Yes,6,"['Glass', 'Metal']",274,rarely,2263
public,No Vehicle,1963,No,4,"['Paper', 'Plastic']",225,frequently,2247
public,No Vehicle,145,Yes,2,"['Paper', 'Glass', 'Metal']",238,never,563
private,lpg,6986,Yes,7,"['Paper', 'Glass', 'Metal']",221,rarely,4187
private,hybrid,1737,Yes,4,[],191,rarely,2121
public,No Vehicle,619,Sometimes,4,"['Paper', 'Plastic', 'Metal']",260,very frequently,2499
walk/bicycle,No Vehicle,33,Sometimes,2,"['Paper', 'Glass']",181,never,1439
walk/bicycle,No Vehicle,7,No,3,"['Plastic', 'Glass']",59,frequently,1836
private,electric,523,Sometimes,1,['Plastic'],164,rarely,1491
private,petrol,3384,Yes,3,"['Plastic', 'Glass']",236,never,2199
private,lpg,9215,Yes,3,['Metal'],67,frequently,4471
private,electric,6243,Yes,6,['Plastic'],66,frequently,2587
public,No Vehicle,263,Yes,3,"['Plastic', 'Metal']",134,never,1434
walk/bicycle,No Vehicle,24,Sometimes,7,"['Paper', 'Plastic', 'Glass', 'Metal']",145,rarely,1659
walk/bicycle,No Vehicle,60,No,6,"['Plastic', 'Glass', 'Metal']",227,frequently,2669
private,electric,1008,No,2,"['Plastic', 'Glass']",231,very frequently,3206
public,No Vehicle,1208,Sometimes,6,['Metal'],168,rarely,2267
public,No Vehicle,1840,Yes,4,"['Paper', 'Metal']",145,frequently,1740
public,No Vehicle,1083,No,6,['Plastic'],53,rarely,1841
walk/bicycle,No Vehicle,34,Sometimes,2,['Glass'],58,rarely,1266
walk/bicycle,No Vehicle,66,No,7,"['Paper', 'Plastic']",287,frequently,1973
public,No Vehicle,1753,No,4,"['Paper', 'Plastic', 'Glass']",277,rarely,2477
private,electric,5441,Sometimes,3,"['Paper', 'Metal']",207,never,775
private,hybrid,5263,Sometimes,3,"['Plastic', 'Glass']",276,frequently,2297
walk/bicycle,No Vehicle,2,No,6,"['Paper', 'Plastic', 'Glass']",207,very frequently,2342
walk/bicycle,No Vehicle,9,Yes,6,['Glass'],261,rarely,1859
private,diesel,975,No,3,"['Paper', 'Plastic', 'Glass']",171,frequently,1484
public,No Vehicle,720,Yes,5,"['Glass', 'Metal']",279,very frequently,2345
public,No Vehicle,1215,Sometimes,1,"['Plastic', 'Glass', 'Metal']",179,very frequently,2186
public,No Vehicle,1612,Yes,4,['Plastic'],124,very frequently,3666
public,No Vehicle,1499,Sometimes,6,"['Paper', 'Glass']",286,very frequently,3298
public,No Vehicle,1713,No,6,"['Paper', 'Plastic']",271,very frequently,2167
walk/bicycle,No Vehicle,59,Yes,5,"['Paper', 'Plastic', 'Glass', 'Metal']",71,never,1553
private,diesel,3433,Yes,1,"['Paper', 'Glass', 'Metal']",129,never,2013
walk/bicycle,No Vehicle,59,No,7,"['Glass', 'Metal']",114,very frequently,3213
public,No Vehicle,350,Yes,7,"['Paper', 'Plastic', 'Glass']",72,rarely,2005
walk/bicycle,No Vehicle,87,Sometimes,6,"['Paper', 'Glass', 'Metal']",188,never,949
public,No Vehicle,1655,No,6,['Plastic'],227,never,1625
public,No Vehicle,1486,Yes,3,['Paper'],284,frequently,2457
public,No Vehicle,458,Sometimes,6,"['Plastic', 'Metal']",194,never,1479
walk/bicycle,No Vehicle,42,No,7,"['Paper', 'Metal']",214,very frequently,2640
private,diesel,8338,Sometimes,4,[],248,frequently,3780
public,No Vehicle,688,Yes,3,['Glass'],64,never,1303
private,diesel,3847,Sometimes,1,['Paper'],263,rarely,2516
walk/bicycle,No Vehicle,94,Yes,2,['Metal'],254,very frequently,2842
public,No Vehicle,1376,Yes,5,[],150,very frequently,3810
public,No Vehicle,1230,Sometimes,5,[],245,never,2076
private,lpg,1960,No,1,"['Paper', 'Glass', 'Metal']",84,never,1286
public,No Vehicle,1486,Sometimes,6,"['Paper', 'Glass', 'Metal']",108,frequently,1819
walk/bicycle,No Vehicle,9,Sometimes,5,[],134,never,1681
walk/bicycle,No Vehicle,1,No,7,"['Paper', 'Plastic', 'Metal']",53,never,941
public,No Vehicle,173,Yes,5,"['Plastic', 'Glass', 'Metal']",79,frequently,1593
walk/bicycle,No Vehicle,96,Sometimes,5,"['Plastic', 'Glass']",180,very frequently,1848
public,No Vehicle,957,No,4,['Glass'],116,rarely,1886
public,No Vehicle,1066,Yes,3,['Paper'],179,never,1491
private,diesel,3890,Yes,1,[],102,rarely,2148
private,diesel,2453,Yes,7,"['Paper', 'Plastic']",143,rarely,2261
walk/bicycle,No Vehicle,92,No,4,['Paper'],209,frequently,2012
private,petrol,6956,Sometimes,1,['Metal'],61,never,2713
walk/bicycle,No Vehicle,19,Yes,7,"['Paper', 'Glass']",290,very frequently,2317
public,No Vehicle,987,Sometimes,7,['Metal'],72,very frequently,2395
public,No Vehicle,1620,Sometimes,7,"['Plastic', 'Glass', 'Metal']",299,rarely,2082
public,No Vehicle,1085,Yes,7,"['Paper', 'Plastic']",238,frequently,2216
walk/bicycle,No Vehicle,83,Yes,2,['Glass'],173,very frequently,2358
walk/bicycle,No Vehicle,77,Yes,7,"['Paper', 'Plastic', 'Glass']",57,very frequently,3531
private,petrol,3730,No,1,"['Paper', 'Metal']",211,rarely,2401
public,No Vehicle,1193,No,5,"['Paper', 'Glass']",219,never,1616
private,electric,1707,Yes,4,"['Paper', 'Plastic', 'Metal']",171,frequently,2597
public,No Vehicle,936,Sometimes,3,['Metal'],239,never,1261
public,No Vehicle,405,Yes,4,['Metal'],108,very frequently,2095
walk/bicycle,No Vehicle,85,Yes,2,"['Paper', 'Plastic', 'Metal']",193,never,1220
walk/bicycle,No Vehicle,70,Yes,6,[],62,frequently,2171
walk/bicycle,No Vehicle,83,Yes,6,"['Paper', 'Plastic', 'Metal']",143,rarely,755
private,hybrid,2187,Sometimes,6,"['Paper', 'Glass']",235,very frequently,3923
private,petrol,5473,No,4,"['Paper', 'Glass', 'Metal']",129,frequently,3905
public,No Vehicle,238,Sometimes,4,"['Plastic', 'Metal']",185,rarely,1190
public,No Vehicle,1886,No,5,['Plastic'],67,rarely,1321
public,No Vehicle,635,Sometimes,1,"['Plastic', 'Glass', 'Metal']",66,very frequently,2426
walk/bicycle,No Vehicle,31,Yes,1,"['Paper', 'Plastic']",219,frequently,2471
public,No Vehicle,1968,Sometimes,1,"['Paper', 'Metal']",92,frequently,1517
public,No Vehicle,952,No,4,"['Paper', 'Plastic', 'Metal']",173,rarely,2130
walk/bicycle,No Vehicle,97,No,7,['Paper'],122,very frequently,2598
walk/bicycle,No Vehicle,32,Sometimes,6,[],228,very frequently,3256
private,diesel,4555,Sometimes,2,"['Paper', 'Plastic', 'Metal']",62,never,2067
walk/bicycle,No Vehicle,70,Sometimes,4,"['Plastic', 'Glass']",212,very frequently,3328
public,No Vehicle,406,Sometimes,5,"['Plastic', 'Glass']",274,very frequently,2696
private,electric,589,No,7,"['Plastic', 'Glass', 'Metal']",83,rarely,1822
public,No Vehicle,1484,Yes,3,['Plastic'],219,never,1397
private,diesel,8809,Sometimes,7,['Glass'],196,never,3807
private,petrol,9316,Yes,5,"['Paper', 'Plastic']",107,never,4797
walk/bicycle,No Vehicle,70,Sometimes,2,"['Paper', 'Glass']",191,never,931
public,No Vehicle,630,No,6,"['Paper', 'Glass', 'Metal']",146,frequently,2079
public,No Vehicle,1319,Sometimes,5,['Glass'],208,never,1777
walk/bicycle,No Vehicle,91,No,1,"['Plastic', 'Glass']",156,very frequently,2466
private,hybrid,2891,Yes,6,"['Paper', 'Glass']",192,frequently,2447
private,electric,4538,Yes,5,"['Paper', 'Plastic', 'Glass']",77,frequently,2249
walk/bicycle,No Vehicle,64,Yes,4,"['Paper', 'Glass']",112,frequently,1804
walk/bicycle,No Vehicle,36,Yes,3,['Metal'],238,rarely,1548
public,No Vehicle,647,Sometimes,3,[],289,frequently,2106
private,lpg,8242,Sometimes,2,['Metal'],263,very frequently,5399
public,No Vehicle,1274,Sometimes,7,['Plastic'],151,never,2137
private,lpg,1817,No,2,"['Paper', 'Plastic', 'Glass', 'Metal']",218,never,1610
public,No Vehicle,631,Yes,1,"['Paper', 'Glass']",54,very frequently,2455
walk/bicycle,No Vehicle,11,Sometimes,4,"['Plastic', 'Glass']",170,very frequently,3279
walk/bicycle,No Vehicle,50,Sometimes,2,"['Paper', 'Glass', 'Metal']",126,never,1279
walk/bicycle,No Vehicle,5,No,5,"['Paper', 'Glass']",286,rarely,1845
private,petrol,5762,Yes,7,"['Paper', 'Glass']",295,rarely,3962
public,No Vehicle,1481,No,6,"['Plastic', 'Glass', 'Metal']",69,very frequently,2636
walk/bicycle,No Vehicle,25,No,6,"['Paper', 'Plastic']",234,never,1181
public,No Vehicle,1792,Sometimes,2,['Plastic'],200,never,1366
public,No Vehicle,1047,Sometimes,1,['Plastic'],81,very frequently,2658
private,electric,6414,No,7,"['Plastic', 'Metal']",135,very frequently,3526
private,electric,6105,No,4,"['Plastic', 'Metal']",81,never,545
public,No Vehicle,423,Sometimes,5,"['Paper', 'Glass', 'Metal']",64,very frequently,2180
private,hybrid,6044,Sometimes,2,['Paper'],85,never,2232
private,diesel,9193,No,5,"['Paper', 'Plastic', 'Glass', 'Metal']",280,never,4007
private,diesel,2016,Sometimes,7,['Paper'],276,very frequently,2942
public,No Vehicle,151,Sometimes,1,"['Paper', 'Glass']",60,never,877
public,No Vehicle,838,No,2,"['Plastic', 'Metal']",225,frequently,2181
public,No Vehicle,279,No,5,"['Paper', 'Plastic']",284,rarely,1561
walk/bicycle,No Vehicle,69,No,1,['Plastic'],231,rarely,1097
public,No Vehicle,1808,Yes,6,['Paper'],229,very frequently,3235
walk/bicycle,No Vehicle,58,Sometimes,2,"['Paper', 'Plastic']",163,never,1718
public,No Vehicle,1489,Sometimes,2,"['Paper', 'Metal']",272,rarely,977
walk/bicycle,No Vehicle,97,Yes,6,['Paper'],88,frequently,1253
walk/bicycle,No Vehicle,46,No,4,"['Paper', 'Plastic', 'Glass', 'Metal']",297,very frequently,1862
private,electric,9410,Sometimes,3,['Plastic'],214,very frequently,3104
walk/bicycle,No Vehicle,91,No,7,"['Plastic', 'Metal']",106,never,1520
walk/bicycle,No Vehicle,65,No,4,"['Plastic', 'Metal']",93,very frequently,2926
private,lpg,90,No,4,"['Paper', 'Plastic']",275,rarely,1408
walk/bicycle,No Vehicle,39,Yes,5,"['Paper', 'Plastic', 'Glass', 'Metal']",265,frequently,2247
private,hybrid,5685,Yes,2,"['Paper', 'Metal']",204,very frequently,3110
private,diesel,3544,Sometimes,1,['Paper'],58,never,2141
public,No Vehicle,1978,Sometimes,1,['Paper'],145,never,1391
public,No Vehicle,1403,Sometimes,3,"['Paper', 'Plastic', 'Glass', 'Metal']",143,rarely,1376
private,electric,5437,No,3,"['Paper', 'Plastic']",232,never,925
walk/bicycle,No Vehicle,38,No,6,"['Paper', 'Glass', 'Metal']",84,never,1101
public,No Vehicle,850,Yes,4,"['Plastic', 'Glass', 'Metal']",253,very frequently,2206
public,No Vehicle,856,Yes,7,"['Paper', 'Glass', 'Metal']",69,never,1394
public,No Vehicle,1781,Sometimes,4,[],89,very frequently,3031
walk/bicycle,No Vehicle,83,Yes,5,"['Plastic', 'Metal']",175,very frequently,3022
public,No Vehicle,1955,Sometimes,4,[],209,rarely,1211
public,No Vehicle,1477,Sometimes,5,"['Paper', 'Plastic']",173,never,1267
walk/bicycle,No Vehicle,4,Sometimes,5,"['Glass', 'Metal']",137,very frequently,2664
walk/bicycle,No Vehicle,24,Sometimes,5,"['Plastic', 'Metal']",97,never,1590
public,No Vehicle,1006,Sometimes,7,"['Plastic', 'Metal']",249,frequently,1933
private,petrol,5647,Yes,3,"['Paper', 'Glass']",275,never,3338
walk/bicycle,No Vehicle,55,Sometimes,6,"['Paper', 'Plastic', 'Glass']",228,rarely,2366
walk/bicycle,No Vehicle,98,No,6,"['Plastic', 'Metal']",50,rarely,1254
public,No Vehicle,880,Sometimes,3,['Plastic'],149,rarely,1563
public,No Vehicle,759,No,4,[],178,very frequently,3257
walk/bicycle,No Vehicle,46,No,7,"['Glass', 'Metal']",273,never,2115
walk/bicycle,No Vehicle,44,Yes,2,['Paper'],141,frequently,1381
public,No Vehicle,1425,Yes,2,"['Paper', 'Plastic', 'Metal']",206,frequently,1965
walk/bicycle,No Vehicle,1,No,3,"['Paper', 'Plastic', 'Glass', 'Metal']",139,very frequently,2478
walk/bicycle,No Vehicle,38,Yes,3,"['Paper', 'Metal']",115,rarely,1289
walk/bicycle,No Vehicle,92,Yes,7,[],181,rarely,1476
public,No Vehicle,1332,Yes,1,['Metal'],102,very frequently,2731
private,hybrid,8641,Sometimes,2,"['Paper', 'Plastic']",226,never,2928
walk/bicycle,No Vehicle,21,Sometimes,1,"['Glass', 'Metal']",213,very frequently,3308
private,petrol,2060,No,7,"['Plastic', 'Glass']",53,very frequently,3067
walk/bicycle,No Vehicle,99,Yes,5,"['Plastic', 'Metal']",118,never,1370
private,petrol,3899,No,4,"['Glass', 'Metal']",208,rarely,3272
walk/bicycle,No Vehicle,14,Sometimes,2,"['Paper', 'Plastic']",186,very frequently,2351
walk/bicycle,No Vehicle,39,Sometimes,4,"['Glass', 'Metal']",189,rarely,1007
public,No Vehicle,1308,No,5,[],282,rarely,1942
private,diesel,6583,No,1,['Metal'],183,rarely,2912
public,No Vehicle,401,No,5,['Metal'],298,never,1720
public,No Vehicle,1388,No,6,"['Paper', 'Metal']",152,frequently,2232
private,diesel,1841,Yes,2,['Paper'],203,very frequently,2599
public,No Vehicle,841,Yes,7,"['Paper', 'Plastic']",119,frequently,2290
private,petrol,9272,No,7,"['Paper', 'Glass']",275,rarely,5707
public,No Vehicle,1568,No,6,['Metal'],298,frequently,1749
walk/bicycle,No Vehicle,48,No,1,['Glass'],67,never,443
private,petrol,1325,Sometimes,5,"['Paper', 'Plastic', 'Glass']",245,frequently,3491
private,petrol,7545,Yes,2,"['Plastic', 'Metal']",95,rarely,3531
walk/bicycle,No Vehicle,74,Yes,7,[],133,frequently,2575
private,petrol,4762,No,6,[],55,frequently,4882
public,No Vehicle,1944,No,2,"['Paper', 'Plastic', 'Glass', 'Metal']",127,frequently,1843
public,No Vehicle,438,No,1,"['Paper', 'Glass', 'Metal']",147,very frequently,2268
walk/bicycle,No Vehicle,86,Yes,6,"['Plastic', 'Metal']",178,rarely,1496
walk/bicycle,No Vehicle,11,No,6,"['Plastic', 'Glass']",210,frequently,1961
private,diesel,4028,Sometimes,6,[],212,never,2619
private,hybrid,4071,No,1,"['Plastic', 'Glass']",96,rarely,1983
public,No Vehicle,1507,Yes,5,"['Paper', 'Glass']",116,frequently,2046
public,No Vehicle,301,Sometimes,4,"['Paper', 'Plastic', 'Glass', 'Metal']",69,frequently,1150
public,No Vehicle,141,Sometimes,2,"['Paper', 'Glass', 'Metal']",264,frequently,1559
walk/bicycle,No Vehicle,62,Yes,7,['Glass'],58,rarely,1168
public,No Vehicle,1298,No,1,"['Plastic', 'Glass']",162,never,1619
private,lpg,1486,Sometimes,4,"['Plastic', 'Glass']",207,very frequently,3522
walk/bicycle,No Vehicle,19,No,6,['Paper'],250,never,1123
public,No Vehicle,734,Yes,4,['Paper'],239,never,1204
private,petrol,7266,Yes,6,"['Paper', 'Metal']",138,never,4155
public,No Vehicle,1454,No,1,"['Plastic', 'Glass']",60,frequently,2134
walk/bicycle,No Vehicle,17,Yes,4,[],205,rarely,2307
private,diesel,3997,Yes,4,['Paper'],158,never,2963
walk/bicycle,No Vehicle,31,Yes,5,"['Paper', 'Metal']",272,rarely,1699
private,hybrid,8652,Yes,4,"['Glass', 'Metal']",222,rarely,3395
public,No Vehicle,1687,Yes,6,"['Paper', 'Plastic', 'Glass']",144,never,2331
public,No Vehicle,1884,No,6,"['Plastic', 'Glass', 'Metal']",68,never,951
private,diesel,430,No,4,['Glass'],93,never,1287
public,No Vehicle,76,Sometimes,6,"['Plastic', 'Glass', 'Metal']",266,never,1405
public,No Vehicle,1210,No,3,['Glass'],68,very frequently,2388
private,lpg,8083,Sometimes,1,[],161,rarely,3223
public,No Vehicle,977,Yes,5,['Paper'],180,rarely,1633
private,petrol,4698,No,5,"['Paper', 'Metal']",173,very frequently,5679
private,electric,5698,Yes,7,"['Glass', 'Metal']",128,frequently,2251
walk/bicycle,No Vehicle,73,Sometimes,3,"['Paper', 'Plastic', 'Glass', 'Metal']",275,never,751
walk/bicycle,No Vehicle,63,Yes,1,"['Paper', 'Plastic', 'Glass']",221,never,488
public,No Vehicle,1997,Yes,5,"['Paper', 'Metal']",224,rarely,1376
walk/bicycle,No Vehicle,35,Sometimes,1,"['Paper', 'Plastic', 'Metal']",124,never,1449
private,diesel,5920,No,1,['Paper'],230,never,3363
private,petrol,140,Yes,7,"['Paper', 'Metal']",263,very frequently,2438
private,diesel,7000,Yes,5,['Metal'],263,frequently,3712
public,No Vehicle,154,Yes,3,['Glass'],260,frequently,2364
private,hybrid,5937,Yes,5,"['Plastic', 'Glass']",114,never,1935
walk/bicycle,No Vehicle,34,No,2,"['Paper', 'Plastic']",111,never,1329
private,lpg,7097,No,4,"['Paper', 'Plastic', 'Metal']",194,rarely,3300
private,petrol,3532,No,6,"['Plastic', 'Glass']",144,very frequently,3773
walk/bicycle,No Vehicle,7,Sometimes,1,"['Paper', 'Metal']",108,frequently,1644
private,electric,5186,Yes,3,['Paper'],180,rarely,2161
public,No Vehicle,1166,Sometimes,2,[],276,frequently,1675
walk/bicycle,No Vehicle,54,Sometimes,5,[],162,frequently,2184
walk/bicycle,No Vehicle,18,No,5,"['Paper', 'Glass', 'Metal']",235,frequently,2751
public,No Vehicle,931,Sometimes,7,"['Plastic', 'Glass']",263,rarely,2461
public,No Vehicle,1946,No,6,"['Paper', 'Plastic', 'Glass']",84,rarely,1538
private,lpg,9951,Sometimes,5,['Paper'],84,very frequently,5747
public,No Vehicle,397,Sometimes,6,"['Paper', 'Plastic', 'Metal']",253,very frequently,2109
private,electric,7999,Yes,5,"['Paper', 'Metal']",280,rarely,1736
walk/bicycle,No Vehicle,76,No,5,"['Paper', 'Plastic', 'Glass']",163,very frequently,3446
private,petrol,8720,Yes,6,"['Paper', 'Plastic', 'Glass']",281,rarely,4779
walk/bicycle,No Vehicle,62,Yes,7,[],72,frequently,2253
public,No Vehicle,1921,Yes,4,['Glass'],58,never,1535
private,electric,2653,Yes,1,"['Plastic', 'Glass', 'Metal']",222,rarely,1025
public,No Vehicle,1024,Sometimes,3,"['Paper', 'Plastic', 'Glass', 'Metal']",221,very frequently,3116
walk/bicycle,No Vehicle,55,Yes,5,"['Paper', 'Glass']",273,frequently,2494
walk/bicycle,No Vehicle,64,Sometimes,4,['Metal'],235,rarely,1092
public,No Vehicle,1598,Yes,3,"['Paper', 'Glass']",161,frequently,1091
private,lpg,744,Yes,7,['Plastic'],135,rarely,3184
private,petrol,2095,Sometimes,4,"['Paper', 'Metal']",66,frequently,2482
walk/bicycle,No Vehicle,62,Yes,7,"['Paper', 'Plastic', 'Glass', 'Metal']",50,very frequently,2154
private,electric,4325,Yes,1,"['Paper', 'Plastic', 'Glass']",171,rarely,1412
walk/bicycle,No Vehicle,6,Yes,2,"['Glass', 'Metal']",146,frequently,1927
public,No Vehicle,1472,Yes,1,"['Glass', 'Metal']",292,frequently,1840
private,lpg,4191,Yes,2,"['Paper', 'Plastic', 'Glass']",192,rarely,2400
public,No Vehicle,293,Yes,7,['Plastic'],130,never,1763
walk/bicycle,No Vehicle,84,No,2,"['Paper', 'Plastic']",297,very frequently,2682
private,diesel,804,No,7,"['Glass', 'Metal']",249,very frequently,3533
walk/bicycle,No Vehicle,74,No,5,"['Paper', 'Glass', 'Metal']",147,rarely,1422
public,No Vehicle,466,No,5,"['Plastic', 'Glass']",256,very frequently,3280
public,No Vehicle,466,Sometimes,7,[],173,never,1837
walk/bicycle,No Vehicle,85,Sometimes,6,['Plastic'],161,never,1425
public,No Vehicle,499,Sometimes,6,[],223,rarely,2828
public,No Vehicle,453,Yes,1,"['Paper', 'Metal']",165,frequently,1802
private,petrol,6653,Sometimes,3,"['Plastic', 'Glass', 'Metal']",247,never,4059
public,No Vehicle,1028,Sometimes,1,"['Paper', 'Plastic', 'Glass', 'Metal']",194,frequently,1640
walk/bicycle,No Vehicle,76,No,6,"['Paper', 'Glass', 'Metal']",295,very frequently,2390
private,diesel,3789,Yes,6,"['Paper', 'Glass', 'Metal']",152,frequently,2856
public,No Vehicle,1556,Yes,2,['Metal'],226,rarely,1575
public,No Vehicle,931,Yes,7,"['Glass', 'Metal']",92,never,2005
private,lpg,7388,Yes,6,[],69,frequently,4879
private,lpg,1225,Sometimes,2,"['Paper', 'Glass', 'Metal']",50,rarely,1234
public,No Vehicle,406,Yes,7,"['Paper', 'Plastic', 'Metal']",88,never,1558
public,No Vehicle,629,Yes,3,"['Plastic', 'Glass']",282,very frequently,3108
private,petrol,2868,No,1,"['Plastic', 'Glass', 'Metal']",220,never,1962
walk/bicycle,No Vehicle,94,Sometimes,2,"['Paper', 'Plastic', 'Glass']",88,never,1431
private,petrol,1083,Yes,4,"['Paper', 'Glass', 'Metal']",55,rarely,1864
public,No Vehicle,1078,Sometimes,6,['Glass'],283,rarely,2097
private,lpg,4145,Yes,4,"['Paper', 'Glass']",203,frequently,2913
walk/bicycle,No Vehicle,46,No,6,"['Plastic', 'Metal']",128,never,1692
private,diesel,3634,Sometimes,2,['Paper'],118,very frequently,2938
public,No Vehicle,1367,Sometimes,4,"['Plastic', 'Glass']",72,rarely,1299
public,No Vehicle,685,No,6,"['Plastic', 'Glass', 'Metal']",224,frequently,2390
public,No Vehicle,667,Yes,3,"['Paper', 'Glass', 'Metal']",289,very frequently,3131
walk/bicycle,No Vehicle,74,No,7,"['Paper', 'Metal']",261,frequently,2109
public,No Vehicle,1941,No,2,"['Plastic', 'Glass', 'Metal']",273,never,533
private,hybrid,4685,Sometimes,7,"['Paper', 'Glass']",103,never,1535
public,No Vehicle,767,No,1,"['Glass', 'Metal']",250,frequently,2018
public,No Vehicle,1692,No,5,"['Paper', 'Glass']",136,never,1733
walk/bicycle,No Vehicle,94,Yes,6,"['Paper', 'Plastic', 'Glass']",192,never,771
public,No Vehicle,1855,Yes,1,"['Glass', 'Metal']",280,frequently,1577
public,No Vehicle,700,No,1,"['Plastic', 'Glass', 'Metal']",185,rarely,1181
walk/bicycle,No Vehicle,10,No,4,"['Paper', 'Plastic', 'Glass', 'Metal']",218,never,1812
walk/bicycle,No Vehicle,98,No,5,[],257,rarely,2165
walk/bicycle,No Vehicle,83,Yes,6,"['Paper', 'Plastic', 'Glass', 'Metal']",74,very frequently,2653
public,No Vehicle,164,No,4,"['Paper', 'Plastic']",258,very frequently,3027
walk/bicycle,No Vehicle,62,Sometimes,3,['Paper'],180,frequently,2181
walk/bicycle,No Vehicle,49,Sometimes,6,"['Paper', 'Plastic', 'Glass']",171,frequently,2023
public,No Vehicle,1126,No,1,"['Paper', 'Plastic', 'Metal']",211,frequently,1223
private,lpg,9179,Sometimes,6,"['Paper', 'Glass']",205,never,4261
walk/bicycle,No Vehicle,66,Yes,3,['Paper'],234,very frequently,1676
walk/bicycle,No Vehicle,7,Yes,5,"['Plastic', 'Glass']",264,frequently,1742
public,No Vehicle,756,Sometimes,5,"['Plastic', 'Glass', 'Metal']",272,frequently,2109
walk/bicycle,No Vehicle,76,No,4,"['Paper', 'Plastic']",169,very frequently,2178
public,No Vehicle,1110,Sometimes,7,['Glass'],57,rarely,1629
private,diesel,2165,Sometimes,2,"['Plastic', 'Glass']",264,frequently,3226
public,No Vehicle,1632,Sometimes,2,"['Paper', 'Glass', 'Metal']",171,frequently,1353
public,No Vehicle,1735,Yes,1,"['Plastic', 'Glass']",209,frequently,1572
public,No Vehicle,341,No,7,"['Paper', 'Plastic']",175,never,1066
private,lpg,3722,Yes,1,"['Plastic', 'Glass']",148,never,1843
walk/bicycle,No Vehicle,15,Yes,3,['Plastic'],137,frequently,1918
private,electric,3913,Yes,7,"['Paper', 'Glass']",259,frequently,3229
walk/bicycle,No Vehicle,94,Yes,6,"['Plastic', 'Metal']",267,rarely,1850
private,lpg,3116,Sometimes,4,['Glass'],77,frequently,2787
public,No Vehicle,1031,Sometimes,6,"['Paper', 'Plastic', 'Glass']",199,frequently,1571
private,electric,8782,Sometimes,3,"['Paper', 'Metal']",113,very frequently,2087
private,lpg,4384,No,4,"['Plastic', 'Metal']",277,very frequently,4013
private,hybrid,2943,No,4,"['Plastic', 'Glass', 'Metal']",274,never,2323
private,hybrid,3616,No,1,"['Paper', 'Glass', 'Metal']",239,frequently,2860
walk/bicycle,No Vehicle,32,Sometimes,6,"['Paper', 'Plastic', 'Metal']",243,very frequently,2531
walk/bicycle,No Vehicle,66,Yes,4,"['Paper', 'Glass']",90,rarely,932
public,No Vehicle,1040,No,3,"['Paper', 'Plastic', 'Glass']",208,never,1299
private,petrol,213,No,5,['Metal'],250,rarely,1263
public,No Vehicle,1739,No,5,"['Paper', 'Plastic', 'Glass']",223,frequently,1732
walk/bicycle,No Vehicle,70,Sometimes,7,[],268,very frequently,3399
public,No Vehicle,440,Sometimes,1,"['Paper', 'Glass', 'Metal']",115,very frequently,2129
private,petrol,30,Yes,4,['Glass'],52,very frequently,2242
public,No Vehicle,1307,No,3,"['Glass', 'Metal']",295,never,2009
public,No Vehicle,983,Sometimes,1,"['Paper', 'Glass']",248,frequently,1781
walk/bicycle,No Vehicle,58,Yes,4,"['Paper', 'Glass', 'Metal']",78,very frequently,2338
private,hybrid,8374,No,5,"['Paper', 'Plastic', 'Glass', 'Metal']",138,frequently,4213
walk/bicycle,No Vehicle,85,Yes,7,"['Paper', 'Plastic', 'Metal']",217,very frequently,2495
private,lpg,9742,Yes,7,"['Paper', 'Plastic', 'Metal']",52,rarely,5041
walk/bicycle,No Vehicle,53,Sometimes,7,['Glass'],118,rarely,1930
private,electric,7282,Sometimes,3,"['Paper', 'Glass', 'Metal']",145,rarely,843
private,hybrid,8005,Yes,2,"['Paper', 'Plastic', 'Glass', 'Metal']",265,rarely,2568
public,No Vehicle,961,Sometimes,5,"['Paper', 'Glass']",230,very frequently,2065
public,No Vehicle,1507,Sometimes,7,"['Glass', 'Metal']",101,rarely,2383
walk/bicycle,No Vehicle,50,Yes,5,['Paper'],196,very frequently,3044
walk/bicycle,No Vehicle,24,Yes,2,"['Glass', 'Metal']",159,rarely,1433
private,petrol,9622,Yes,5,"['Paper', 'Glass']",110,never,4437
walk/bicycle,No Vehicle,98,Sometimes,2,"['Paper', 'Plastic', 'Glass', 'Metal']",217,rarely,1218
public,No Vehicle,312,Sometimes,6,[],222,never,1992
private,hybrid,5413,Yes,3,"['Paper', 'Plastic', 'Glass']",158,rarely,2430
walk/bicycle,No Vehicle,60,Sometimes,3,"['Paper', 'Plastic', 'Metal']",235,frequently,1552
walk/bicycle,No Vehicle,34,No,6,['Paper'],219,rarely,2000
public,No Vehicle,826,Yes,7,"['Plastic', 'Glass', 'Metal']",288,never,1618
private,diesel,1510,No,2,"['Plastic', 'Glass']",85,frequently,2431
walk/bicycle,No Vehicle,11,Yes,6,"['Paper', 'Plastic', 'Glass']",144,frequently,1432
public,No Vehicle,801,Sometimes,3,"['Paper', 'Metal']",129,never,1562
public,No Vehicle,1717,No,4,['Plastic'],264,rarely,1517
private,diesel,5457,Sometimes,3,"['Paper', 'Plastic', 'Glass']",198,never,2251
walk/bicycle,No Vehicle,42,No,5,"['Paper', 'Glass']",179,frequently,2310
walk/bicycle,No Vehicle,60,No,2,"['Glass', 'Metal']",284,never,1171
walk/bicycle,No Vehicle,15,Sometimes,3,"['Paper', 'Glass']",141,never,1168
private,hybrid,1703,Yes,6,"['Glass', 'Metal']",103,never,1595
private,electric,1088,Sometimes,4,[],92,never,1656
public,No Vehicle,1764,Sometimes,7,"['Plastic', 'Glass', 'Metal']",50,rarely,1349
private,diesel,5808,Sometimes,7,['Glass'],136,rarely,3015
private,lpg,3873,Yes,5,['Paper'],176,very frequently,4784
public,No Vehicle,286,Yes,4,['Paper'],70,frequently,1470
private,hybrid,8305,Yes,2,"['Paper', 'Plastic']",267,never,2877
walk/bicycle,No Vehicle,67,No,1,[],201,rarely,1302
walk/bicycle,No Vehicle,94,Yes,3,"['Plastic', 'Glass', 'Metal']",245,frequently,2349
walk/bicycle,No Vehicle,34,Yes,5,"['Plastic', 'Glass', 'Metal']",261,frequently,2423
walk/bicycle,No Vehicle,82,Yes,1,"['Paper', 'Metal']",289,never,924
walk/bicycle,No Vehicle,75,No,2,"['Paper', 'Plastic', 'Glass', 'Metal']",59,rarely,1284
walk/bicycle,No Vehicle,72,Yes,2,"['Paper', 'Plastic', 'Metal']",153,rarely,1077
public,No Vehicle,1759,Yes,6,"['Plastic', 'Glass']",101,very frequently,2632
private,lpg,8699,Sometimes,4,"['Paper', 'Metal']",132,never,4737
walk/bicycle,No Vehicle,93,Sometimes,2,"['Paper', 'Plastic', 'Glass']",235,rarely,1023
public,No Vehicle,773,No,2,['Metal'],61,rarely,1437
walk/bicycle,No Vehicle,91,Sometimes,2,['Plastic'],182,frequently,2111
public,No Vehicle,449,No,1,[],120,never,2458
walk/bicycle,No Vehicle,92,Yes,2,"['Paper', 'Plastic', 'Glass', 'Metal']",122,never,837
private,lpg,5071,Yes,2,"['Plastic', 'Metal']",294,frequently,3317
walk/bicycle,No Vehicle,71,Yes,3,"['Paper', 'Metal']",184,frequently,1835
private,diesel,9351,Yes,4,"['Paper', 'Plastic']",178,rarely,4489
public,No Vehicle,683,Yes,3,"['Paper', 'Plastic']",125,very frequently,2010
walk/bicycle,No Vehicle,87,Sometimes,1,[],277,rarely,1214
public,No Vehicle,1301,Sometimes,6,"['Glass', 'Metal']",83,rarely,2127
private,petrol,9789,Sometimes,3,[],110,frequently,6447
private,lpg,3438,Yes,1,['Glass'],293,rarely,2522
walk/bicycle,No Vehicle,30,Yes,3,"['Paper', 'Plastic', 'Glass']",176,rarely,1223
private,electric,5467,Sometimes,4,['Paper'],83,rarely,1424
private,lpg,5492,Sometimes,7,['Metal'],88,never,2815
walk/bicycle,No Vehicle,56,No,5,"['Paper', 'Plastic']",209,very frequently,2830
private,lpg,4638,Sometimes,1,"['Glass', 'Metal']",130,very frequently,3395
private,lpg,4770,No,2,['Paper'],138,rarely,3662
private,diesel,2157,No,7,"['Paper', 'Plastic', 'Glass', 'Metal']",145,frequently,2588
private,petrol,7561,No,4,"['Paper', 'Plastic', 'Metal']",260,rarely,4359
private,lpg,8831,Yes,2,"['Paper', 'Plastic']",222,rarely,3032
walk/bicycle,No Vehicle,31,Sometimes,5,"['Glass', 'Metal']",244,rarely,1359
private,hybrid,2576,Sometimes,5,"['Paper', 'Plastic', 'Glass', 'Metal']",58,very frequently,2549
private,electric,6830,No,1,"['Paper', 'Plastic', 'Metal']",168,rarely,1144
walk/bicycle,No Vehicle,23,Sometimes,1,[],219,rarely,1409
walk/bicycle,No Vehicle,92,No,4,"['Paper', 'Glass', 'Metal']",133,never,956
public,No Vehicle,1301,No,3,"['Paper', 'Plastic', 'Metal']",159,rarely,1309
walk/bicycle,No Vehicle,90,Sometimes,5,"['Paper', 'Glass']",154,very frequently,2677
public,No Vehicle,1770,Sometimes,2,"['Paper', 'Plastic', 'Metal']",236,never,1438
private,petrol,1291,No,6,['Paper'],216,very frequently,3363
private,lpg,3495,Yes,1,['Paper'],240,rarely,2572
walk/bicycle,No Vehicle,55,Sometimes,5,['Glass'],132,frequently,2021
public,No Vehicle,834,Yes,7,"['Paper', 'Glass']",101,very frequently,2776
walk/bicycle,No Vehicle,89,No,6,"['Plastic', 'Glass']",209,very frequently,3586
public,No Vehicle,1821,Yes,1,"['Plastic', 'Glass', 'Metal']",136,rarely,617
public,No Vehicle,1337,Sometimes,3,"['Paper', 'Glass']",294,rarely,2623
public,No Vehicle,1027,Yes,1,"['Paper', 'Glass']",233,never,1928
private,electric,1937,Yes,7,"['Paper', 'Metal']",288,frequently,2120
private,hybrid,2971,Sometimes,6,"['Paper', 'Glass', 'Metal']",97,frequently,2679
walk/bicycle,No Vehicle,23,No,1,"['Paper', 'Glass']",298,frequently,1723
public,No Vehicle,1619,No,7,"['Paper', 'Plastic']",150,very frequently,2142
walk/bicycle,No Vehicle,52,Sometimes,3,"['Paper', 'Glass']",80,very frequently,2773
public,No Vehicle,1704,No,3,"['Paper', 'Plastic']",103,never,1884
walk/bicycle,No Vehicle,76,Yes,3,"['Plastic', 'Glass']",267,rarely,2137
public,No Vehicle,1346,Yes,7,['Glass'],134,never,2444
walk/bicycle,No Vehicle,32,Sometimes,6,"['Paper', 'Plastic', 'Metal']",283,very frequently,2974
walk/bicycle,No Vehicle,30,Sometimes,4,"['Plastic', 'Glass', 'Metal']",64,frequently,1861
walk/bicycle,No Vehicle,79,No,4,"['Paper', 'Plastic', 'Metal']",81,rarely,1214
private,lpg,2946,Sometimes,7,"['Paper', 'Plastic']",75,very frequently,3004
private,petrol,6418,No,3,"['Paper', 'Metal']",52,very frequently,4155
private,hybrid,4180,Sometimes,5,"['Paper', 'Plastic', 'Glass', 'Metal']",254,frequently,2232
private,hybrid,4358,Yes,4,"['Paper', 'Plastic', 'Metal']",185,never,1185
private,electric,449,No,1,"['Paper', 'Glass']",66,never,802
walk/bicycle,No Vehicle,36,Yes,5,"['Plastic', 'Glass', 'Metal']",166,very frequently,2916
private,electric,9124,Sometimes,5,"['Plastic', 'Glass']",194,never,1678
walk/bicycle,No Vehicle,38,Yes,4,"['Plastic', 'Metal']",266,frequently,1602
private,lpg,4909,No,3,['Plastic'],226,rarely,2690
public,No Vehicle,1632,No,2,"['Paper', 'Plastic', 'Metal']",261,never,1323
walk/bicycle,No Vehicle,24,Yes,5,['Plastic'],75,frequently,1974
private,lpg,7909,Sometimes,3,"['Paper', 'Plastic', 'Glass', 'Metal']",190,never,2959
public,No Vehicle,1813,Yes,7,"['Paper', 'Metal']",125,never,1260
walk/bicycle,No Vehicle,13,No,5,['Glass'],155,frequently,1998
private,lpg,8404,Yes,3,"['Plastic', 'Glass']",275,very frequently,5071
public,No Vehicle,1299,Sometimes,6,"['Paper', 'Plastic', 'Glass', 'Metal']",152,rarely,1717
private,petrol,4296,Sometimes,3,['Glass'],279,frequently,4053
private,electric,6338,Sometimes,7,"['Paper', 'Plastic', 'Metal']",115,frequently,2068
private,diesel,8037,Yes,7,"['Plastic', 'Glass']",294,very frequently,4652
private,lpg,3349,No,2,['Plastic'],219,frequently,3560
private,electric,1444,Sometimes,1,"['Plastic', 'Glass']",185,never,2491
walk/bicycle,No Vehicle,96,No,5,"['Plastic', 'Glass', 'Metal']",183,rarely,1425
public,No Vehicle,542,Sometimes,1,['Plastic'],77,very frequently,3043
public,No Vehicle,426,No,5,"['Paper', 'Metal']",71,never,1779
public,No Vehicle,1964,Sometimes,7,"['Paper', 'Glass']",250,very frequently,2760
private,electric,3238,No,1,['Glass'],72,very frequently,2189
public,No Vehicle,205,Sometimes,7,"['Paper', 'Metal']",131,rarely,1909
public,No Vehicle,1121,Sometimes,4,"['Paper', 'Plastic', 'Glass']",261,never,1821
walk/bicycle,No Vehicle,68,No,2,['Paper'],293,very frequently,2470
walk/bicycle,No Vehicle,3,Sometimes,1,"['Paper', 'Glass']",238,very frequently,2720
walk/bicycle,No Vehicle,20,Sometimes,2,[],192,never,1592
walk/bicycle,No Vehicle,10,Sometimes,3,"['Plastic', 'Metal']",62,rarely,1255
walk/bicycle,No Vehicle,89,Yes,2,[],81,never,1558
private,petrol,4268,Yes,4,"['Paper', 'Glass', 'Metal']",230,very frequently,3968
public,No Vehicle,1876,No,7,"['Paper', 'Glass']",58,frequently,1723
public,No Vehicle,275,No,4,['Metal'],62,rarely,1309
public,No Vehicle,257,No,4,['Paper'],118,frequently,2187
walk/bicycle,No Vehicle,61,No,6,"['Paper', 'Plastic', 'Glass']",271,very frequently,2257
walk/bicycle,No Vehicle,82,Sometimes,6,"['Paper', 'Glass', 'Metal']",52,frequently,2933
walk/bicycle,No Vehicle,34,Sometimes,6,"['Paper', 'Glass', 'Metal']",162,never,1848
walk/bicycle,No Vehicle,61,Yes,6,"['Paper', 'Glass']",270,very frequently,2926
public,No Vehicle,838,Yes,2,['Metal'],262,never,1344
public,No Vehicle,950,Sometimes,5,"['Plastic', 'Metal']",196,rarely,1607
private,petrol,8021,Sometimes,3,"['Paper', 'Glass', 'Metal']",114,rarely,3426
walk/bicycle,No Vehicle,56,Yes,5,"['Paper', 'Glass']",236,frequently,2614
private,lpg,5878,Sometimes,5,"['Plastic', 'Glass']",97,never,3370
walk/bicycle,No Vehicle,95,Sometimes,3,"['Paper', 'Metal']",196,very frequently,1803
walk/bicycle,No Vehicle,88,Yes,4,"['Plastic', 'Glass']",64,very frequently,2601
walk/bicycle,No Vehicle,42,No,6,"['Glass', 'Metal']",203,rarely,1766
public,No Vehicle,1050,No,4,"['Paper', 'Plastic']",212,never,1783
public,No Vehicle,1269,Yes,4,"['Paper', 'Metal']",100,frequently,2100
private,petrol,3808,Yes,4,"['Paper', 'Plastic', 'Glass']",272,rarely,3434
walk/bicycle,No Vehicle,24,Sometimes,3,[],160,rarely,1724
private,diesel,1396,No,7,"['Paper', 'Glass', 'Metal']",58,never,1033
public,No Vehicle,132,Sometimes,7,"['Glass', 'Metal']",125,never,1128
public,No Vehicle,1968,No,6,"['Paper', 'Plastic', 'Metal']",260,very frequently,2243
private,petrol,1048,Yes,1,"['Paper', 'Plastic']",82,very frequently,2425
private,diesel,2936,No,6,[],105,rarely,2791
private,electric,4792,Yes,1,"['Paper', 'Plastic']",103,very frequently,2662
walk/bicycle,No Vehicle,82,No,6,"['Paper', 'Plastic', 'Glass', 'Metal']",204,rarely,1291
walk/bicycle,No Vehicle,1,No,5,"['Paper', 'Metal']",165,never,1530
walk/bicycle,No Vehicle,21,Yes,1,"['Plastic', 'Metal']",180,rarely,1363
private,electric,9511,Yes,4,"['Paper', 'Plastic', 'Glass']",128,rarely,1797
public,No Vehicle,672,No,5,['Metal'],168,rarely,2084
public,No Vehicle,292,Sometimes,6,"['Paper', 'Plastic', 'Glass']",135,very frequently,2603
walk/bicycle,No Vehicle,33,Yes,4,"['Paper', 'Glass']",209,never,1734
public,No Vehicle,465,Yes,6,['Metal'],285,frequently,1854
private,lpg,8034,Sometimes,6,"['Plastic', 'Glass', 'Metal']",141,rarely,4223
public,No Vehicle,1901,Sometimes,7,"['Paper', 'Plastic', 'Metal']",261,frequently,1790
private,petrol,4458,Sometimes,4,"['Paper', 'Plastic', 'Glass', 'Metal']",145,never,2021
private,diesel,9562,Sometimes,5,[],171,frequently,4300
walk/bicycle,No Vehicle,22,Yes,6,['Paper'],107,frequently,2706
walk/bicycle,No Vehicle,72,Yes,6,"['Paper', 'Glass']",255,never,1495
private,petrol,7246,No,1,"['Paper', 'Metal']",140,rarely,3757
private,lpg,7840,Sometimes,4,"['Paper', 'Plastic', 'Metal']",212,very frequently,3925
public,No Vehicle,434,No,1,['Glass'],150,never,1616
private,hybrid,2052,Sometimes,3,"['Paper', 'Glass']",158,very frequently,2279
walk/bicycle,No Vehicle,54,No,2,[],279,rarely,1061
walk/bicycle,No Vehicle,29,Sometimes,3,"['Paper', 'Metal']",147,frequently,1168
walk/bicycle,No Vehicle,4,Yes,3,"['Paper', 'Glass', 'Metal']",215,rarely,1167
walk/bicycle,No Vehicle,85,Yes,7,[],272,very frequently,2672
private,petrol,5602,Sometimes,2,['Glass'],118,never,3094
walk/bicycle,No Vehicle,43,No,2,"['Glass', 'Metal']",52,never,656
walk/bicycle,No Vehicle,53,Yes,1,[],69,very frequently,1943
private,electric,8091,Yes,5,"['Plastic', 'Glass', 'Metal']",176,very frequently,2728
public,No Vehicle,117,Sometimes,6,"['Glass', 'Metal']",219,never,1501
public,No Vehicle,136,No,1,"['Plastic', 'Metal']",85,very frequently,2182
private,petrol,8522,No,1,"['Paper', 'Glass', 'Metal']",94,rarely,4598
public,No Vehicle,1877,No,5,"['Paper', 'Plastic', 'Glass']",230,very frequently,2164
walk/bicycle,No Vehicle,38,Yes,1,"['Plastic', 'Glass']",114,rarely,1223
public,No Vehicle,542,Sometimes,4,['Paper'],97,rarely,1687
walk/bicycle,No Vehicle,37,No,4,"['Paper', 'Plastic']",272,frequently,2081
public,No Vehicle,1843,Sometimes,6,"['Paper', 'Plastic', 'Glass', 'Metal']",261,very frequently,2931
public,No Vehicle,880,Sometimes,5,"['Paper', 'Plastic']",201,rarely,1707
walk/bicycle,No Vehicle,29,No,7,"['Paper', 'Glass', 'Metal']",256,very frequently,3343
public,No Vehicle,944,Yes,5,['Metal'],95,frequently,1654
private,diesel,5556,Yes,4,['Paper'],219,rarely,3114
walk/bicycle,No Vehicle,39,No,2,"['Paper', 'Plastic']",111,very frequently,2158
public,No Vehicle,1287,Sometimes,7,"['Paper', 'Plastic', 'Metal']",222,never,1410
public,No Vehicle,1778,Yes,7,"['Paper', 'Plastic', 'Metal']",63,never,1444
walk/bicycle,No Vehicle,6,Yes,5,[],52,never,723
public,No Vehicle,695,Yes,1,['Plastic'],162,rarely,1651
walk/bicycle,No Vehicle,72,No,1,"['Paper', 'Metal']",115,frequently,955
private,electric,4771,Sometimes,4,"['Plastic', 'Glass', 'Metal']",144,frequently,2014
private,petrol,8567,Sometimes,7,"['Glass', 'Metal']",147,never,4994
walk/bicycle,No Vehicle,57,Sometimes,2,['Metal'],286,rarely,1767
walk/bicycle,No Vehicle,89,Sometimes,3,[],262,rarely,2686
public,No Vehicle,1067,Sometimes,2,"['Plastic', 'Glass', 'Metal']",206,never,1629
walk/bicycle,No Vehicle,3,Sometimes,7,"['Paper', 'Glass', 'Metal']",50,never,1943
public,No Vehicle,1122,Sometimes,4,"['Plastic', 'Glass']",65,never,976
public,No Vehicle,1373,Sometimes,3,"['Plastic', 'Glass', 'Metal']",281,never,1714
private,petrol,2847,Yes,4,"['Paper', 'Plastic']",187,very frequently,3121
public,No Vehicle,1719,Sometimes,4,"['Paper', 'Plastic']",181,rarely,1681
private,diesel,3337,No,3,['Glass'],58,rarely,3361
private,hybrid,197,No,5,"['Paper', 'Glass', 'Metal']",201,rarely,915
walk/bicycle,No Vehicle,92,Yes,3,[],98,frequently,2096
private,petrol,7070,Yes,4,"['Plastic', 'Glass', 'Metal']",245,rarely,3995
private,electric,681,No,1,[],215,never,1178
private,lpg,9245,Yes,1,"['Paper', 'Plastic', 'Glass', 'Metal']",91,frequently,4151
public,No Vehicle,1392,Sometimes,4,['Paper'],179,never,1936
private,hybrid,2663,Sometimes,4,"['Paper', 'Glass', 'Metal']",257,rarely,1781
walk/bicycle,No Vehicle,88,Yes,4,"['Paper', 'Plastic', 'Glass', 'Metal']",99,frequently,1654
public,No Vehicle,5,No,1,[],51,very frequently,2188
private,petrol,6138,Yes,6,"['Paper', 'Glass', 'Metal']",264,rarely,3647
public,No Vehicle,1990,Yes,3,"['Paper', 'Glass']",287,very frequently,3758
walk/bicycle,No Vehicle,82,Sometimes,7,"['Paper', 'Plastic']",116,frequently,2061
public,No Vehicle,53,Yes,5,[],192,never,1635
public,No Vehicle,1714,No,1,"['Paper', 'Plastic', 'Glass', 'Metal']",174,rarely,884
private,diesel,6859,No,6,"['Paper', 'Metal']",255,frequently,3895
public,No Vehicle,1957,No,2,['Paper'],169,rarely,1204
private,petrol,6087,Sometimes,2,"['Paper', 'Glass', 'Metal']",211,rarely,3284
private,petrol,1810,No,3,"['Glass', 'Metal']",164,frequently,3118
private,petrol,7666,Yes,6,"['Paper', 'Plastic', 'Glass', 'Metal']",194,rarely,4102
public,No Vehicle,877,Yes,3,['Paper'],199,rarely,1264
private,lpg,9075,No,6,['Metal'],298,frequently,3719
public,No Vehicle,489,No,5,['Metal'],262,never,1678
walk/bicycle,No Vehicle,59,No,4,[],51,very frequently,3140
public,No Vehicle,527,Sometimes,7,"['Paper', 'Plastic', 'Metal']",99,frequently,2201
public,No Vehicle,910,Sometimes,7,['Glass'],240,frequently,3184
private,petrol,174,No,6,"['Paper', 'Plastic', 'Glass']",261,rarely,2400
walk/bicycle,No Vehicle,96,No,7,"['Paper', 'Plastic', 'Metal']",178,never,1035
walk/bicycle,No Vehicle,47,Sometimes,7,['Metal'],128,frequently,3171
public,No Vehicle,253,Sometimes,2,"['Paper', 'Metal']",181,very frequently,2472
public,No Vehicle,1637,Sometimes,6,['Plastic'],226,rarely,1582
walk/bicycle,No Vehicle,82,Sometimes,6,"['Paper', 'Glass', 'Metal']",78,rarely,1535
private,hybrid,5156,Yes,7,"['Glass', 'Metal']",188,very frequently,4368
public,No Vehicle,207,Yes,6,"['Paper', 'Plastic', 'Glass', 'Metal']",167,never,1801
walk/bicycle,No Vehicle,29,No,5,"['Plastic', 'Metal']",248,very frequently,2875
private,electric,3197,Yes,7,"['Plastic', 'Metal']",186,frequently,2257
public,No Vehicle,1445,No,5,[],205,very frequently,3007
walk/bicycle,No Vehicle,51,Sometimes,1,"['Paper', 'Glass']",284,very frequently,2840
private,petrol,6231,Sometimes,7,['Metal'],81,rarely,5952
private,diesel,2887,Sometimes,7,"['Plastic', 'Metal']",74,rarely,2224
private,hybrid,3749,Sometimes,4,"['Paper', 'Metal']",127,never,2099
public,No Vehicle,667,Yes,7,"['Paper', 'Plastic', 'Glass']",239,frequently,2254
private,diesel,7158,No,2,"['Plastic', 'Metal']",264,very frequently,5920
private,diesel,7826,Yes,2,[],249,never,2352
public,No Vehicle,1542,Yes,2,"['Paper', 'Plastic', 'Glass']",250,very frequently,2563
walk/bicycle,No Vehicle,26,No,7,"['Paper', 'Plastic', 'Metal']",214,frequently,2059
walk/bicycle,No Vehicle,37,No,6,['Plastic'],286,never,2283
walk/bicycle,No Vehicle,7,No,5,"['Paper', 'Plastic', 'Metal']",101,rarely,1070
public,No Vehicle,1178,Yes,1,"['Paper', 'Plastic']",66,frequently,1207
public,No Vehicle,1654,No,5,"['Paper', 'Plastic', 'Metal']",120,rarely,2443
private,petrol,171,Yes,5,"['Glass', 'Metal']",280,very frequently,2751
private,electric,3431,Sometimes,1,"['Plastic', 'Metal']",214,very frequently,2477
walk/bicycle,No Vehicle,55,Yes,5,"['Glass', 'Metal']",294,never,1296
public,No Vehicle,932,No,2,"['Paper', 'Glass', 'Metal']",179,rarely,1061
walk/bicycle,No Vehicle,38,Sometimes,6,['Paper'],158,frequently,2110
walk/bicycle,No Vehicle,92,Sometimes,6,['Paper'],210,never,1293
public,No Vehicle,1228,Yes,3,"['Paper', 'Plastic', 'Glass']",225,never,1498
public,No Vehicle,1897,No,5,"['Paper', 'Metal']",191,never,1642
private,diesel,5221,Yes,4,"['Paper', 'Plastic']",77,very frequently,4646
private,electric,5174,Yes,4,['Paper'],248,rarely,2009
public,No Vehicle,1563,No,3,"['Plastic', 'Glass']",101,very frequently,2970
public,No Vehicle,1565,Yes,3,"['Plastic', 'Glass', 'Metal']",59,very frequently,2363
private,electric,6693,No,5,['Plastic'],246,rarely,1936
private,hybrid,4129,Sometimes,7,"['Paper', 'Plastic', 'Metal']",179,frequently,2393
private,lpg,9460,Sometimes,6,['Glass'],66,very frequently,5703
public,No Vehicle,1573,Sometimes,4,"['Plastic', 'Metal']",210,rarely,1864
public,No Vehicle,1105,Sometimes,2,"['Paper', 'Glass', 'Metal']",170,very frequently,2254
walk/bicycle,No Vehicle,22,Sometimes,1,['Plastic'],244,frequently,1934
public,No Vehicle,612,Yes,3,"['Plastic', 'Glass', 'Metal']",172,never,1332
public,No Vehicle,1940,No,4,"['Paper', 'Plastic', 'Glass', 'Metal']",82,never,2025
walk/bicycle,No Vehicle,15,Yes,7,"['Paper', 'Plastic']",126,frequently,1622
walk/bicycle,No Vehicle,47,Yes,1,"['Paper', 'Plastic', 'Metal']",101,rarely,1273
walk/bicycle,No Vehicle,21,No,1,"['Paper', 'Glass']",214,frequently,1962
public,No Vehicle,1926,Yes,3,"['Paper', 'Glass', 'Metal']",155,very frequently,1995
walk/bicycle,No Vehicle,19,No,3,"['Paper', 'Plastic']",251,rarely,1850
private,diesel,1122,No,4,"['Paper', 'Plastic', 'Glass', 'Metal']",67,very frequently,1866
walk/bicycle,No Vehicle,50,No,2,"['Paper', 'Glass']",256,frequently,2035
private,lpg,9525,Sometimes,7,['Plastic'],75,very frequently,4642
public,No Vehicle,1660,Sometimes,5,"['Paper', 'Metal']",188,very frequently,2253
walk/bicycle,No Vehicle,56,No,7,"['Paper', 'Plastic', 'Glass', 'Metal']",255,very frequently,2752
private,hybrid,8374,Yes,7,"['Paper', 'Glass']",213,very frequently,4578
public,No Vehicle,1466,No,1,"['Paper', 'Plastic', 'Glass']",56,never,886
private,diesel,325,Yes,5,['Glass'],247,frequently,2380
walk/bicycle,No Vehicle,92,No,4,[],288,very frequently,2526
public,No Vehicle,719,Yes,1,['Glass'],260,rarely,1582
walk/bicycle,No Vehicle,3,Sometimes,1,"['Plastic', 'Glass', 'Metal']",219,very frequently,1586
private,electric,1441,Yes,2,"['Paper', 'Glass']",91,frequently,1803
walk/bicycle,No Vehicle,10,Sometimes,5,[],64,never,1280
private,lpg,6311,Sometimes,4,['Glass'],279,frequently,3752
walk/bicycle,No Vehicle,64,Yes,7,[],172,very frequently,3073
public,No Vehicle,1004,Sometimes,4,"['Paper', 'Glass']",283,never,1905
public,No Vehicle,1558,Yes,3,['Metal'],66,very frequently,3264
public,No Vehicle,473,No,2,"['Paper', 'Plastic']",243,never,1212
public,No Vehicle,1943,Sometimes,3,"['Paper', 'Plastic', 'Metal']",79,never,1804
walk/bicycle,No Vehicle,64,Sometimes,3,"['Plastic', 'Metal']",117,never,1546
public,No Vehicle,1043,Yes,2,"['Plastic', 'Glass', 'Metal']",279,rarely,1339
public,No Vehicle,141,Yes,4,"['Paper', 'Glass']",274,frequently,2100
walk/bicycle,No Vehicle,37,Yes,5,"['Paper', 'Plastic', 'Metal']",242,frequently,1778
public,No Vehicle,224,Yes,2,"['Paper', 'Plastic', 'Glass']",200,frequently,1319
public,No Vehicle,884,Sometimes,5,"['Paper', 'Plastic', 'Glass', 'Metal']",192,very frequently,2992
walk/bicycle,No Vehicle,14,Yes,2,"['Paper', 'Plastic', 'Glass']",169,very frequently,2623
public,No Vehicle,1644,No,5,['Metal'],195,never,1590
public,No Vehicle,238,Yes,1,"['Paper', 'Glass']",278,rarely,1167
private,electric,4240,Sometimes,6,"['Plastic', 'Metal']",59,never,1050
public,No Vehicle,1980,No,7,['Metal'],68,very frequently,2452
walk/bicycle,No Vehicle,54,Yes,1,"['Paper', 'Plastic', 'Glass', 'Metal']",199,frequently,1296
walk/bicycle,No Vehicle,95,Sometimes,4,"['Paper', 'Plastic', 'Metal']",52,frequently,1085
private,petrol,5038,No,4,"['Paper', 'Plastic', 'Glass']",282,frequently,4085
walk/bicycle,No Vehicle,48,No,4,"['Plastic', 'Glass', 'Metal']",203,frequently,1426
walk/bicycle,No Vehicle,90,No,5,['Glass'],140,never,1615
public,No Vehicle,1730,Sometimes,2,"['Paper', 'Glass', 'Metal']",225,rarely,1145
walk/bicycle,No Vehicle,98,No,6,['Glass'],217,never,1698
walk/bicycle,No Vehicle,75,Yes,5,"['Paper', 'Glass']",86,rarely,1554
walk/bicycle,No Vehicle,7,No,3,"['Paper', 'Plastic', 'Glass']",277,never,1418
public,No Vehicle,822,Sometimes,3,"['Paper', 'Metal']",146,never,1226
walk/bicycle,No Vehicle,3,Yes,5,['Paper'],111,frequently,2664
walk/bicycle,No Vehicle,7,Yes,5,"['Paper', 'Metal']",277,rarely,1338
public,No Vehicle,1981,Sometimes,1,['Paper'],299,rarely,1651
walk/bicycle,No Vehicle,45,No,4,"['Paper', 'Glass', 'Metal']",219,very frequently,2996
private,hybrid,3233,Yes,4,"['Plastic', 'Glass']",150,frequently,2923
public,No Vehicle,1697,No,4,['Glass'],293,very frequently,3904
walk/bicycle,No Vehicle,94,No,2,['Paper'],262,very frequently,2675
walk/bicycle,No Vehicle,88,No,3,['Metal'],172,very frequently,2778
public,No Vehicle,512,Sometimes,7,"['Paper', 'Plastic']",278,never,1842
public,No Vehicle,696,No,1,"['Paper', 'Metal']",105,rarely,1349
walk/bicycle,No Vehicle,7,Sometimes,7,['Glass'],69,never,1638
private,petrol,2416,No,5,"['Paper', 'Plastic', 'Glass', 'Metal']",91,very frequently,4267
private,diesel,9315,No,7,['Glass'],167,very frequently,6142
walk/bicycle,No Vehicle,46,Sometimes,5,"['Plastic', 'Metal']",63,very frequently,2631
public,No Vehicle,196,Yes,4,['Metal'],154,frequently,2176
walk/bicycle,No Vehicle,58,Yes,2,"['Paper', 'Metal']",166,frequently,1279
walk/bicycle,No Vehicle,43,Yes,4,"['Paper', 'Glass']",207,frequently,2666
public,No Vehicle,1445,No,2,"['Paper', 'Glass', 'Metal']",104,frequently,2022
private,lpg,725,Yes,5,"['Paper', 'Plastic']",118,very frequently,2183
walk/bicycle,No Vehicle,73,Yes,3,"['Glass', 'Metal']",245,frequently,2322
walk/bicycle,No Vehicle,70,Yes,5,['Plastic'],290,never,1383
walk/bicycle,No Vehicle,13,No,2,['Paper'],167,frequently,1350
private,electric,5917,Yes,5,"['Paper', 'Plastic', 'Metal']",293,frequently,1671
walk/bicycle,No Vehicle,81,Sometimes,3,"['Plastic', 'Metal']",273,rarely,1929
public,No Vehicle,334,No,3,['Glass'],105,frequently,2065
private,diesel,6580,No,4,[],284,never,3759
public,No Vehicle,1653,No,6,"['Glass', 'Metal']",99,frequently,2804
walk/bicycle,No Vehicle,54,No,7,"['Paper', 'Glass']",170,frequently,1854
private,hybrid,2824,Sometimes,2,"['Plastic', 'Glass']",284,never,2259
private,hybrid,4019,Sometimes,3,"['Paper', 'Plastic', 'Glass']",258,frequently,2429
walk/bicycle,No Vehicle,8,No,1,"['Paper', 'Glass']",158,rarely,1662
public,No Vehicle,1888,Yes,2,"['Plastic', 'Glass']",103,frequently,1600
walk/bicycle,No Vehicle,45,Yes,4,"['Paper', 'Glass', 'Metal']",266,never,819
walk/bicycle,No Vehicle,63,Sometimes,3,"['Paper', 'Glass', 'Metal']",88,never,1201
private,hybrid,452,No,1,['Glass'],266,rarely,1161
walk/bicycle,No Vehicle,57,Sometimes,4,"['Plastic', 'Glass', 'Metal']",148,very frequently,2553
walk/bicycle,No Vehicle,25,Sometimes,1,"['Paper', 'Plastic', 'Glass']",83,very frequently,1856
walk/bicycle,No Vehicle,95,Sometimes,7,"['Paper', 'Glass', 'Metal']",176,frequently,2791
walk/bicycle,No Vehicle,95,Yes,1,"['Paper', 'Glass']",222,rarely,1111
walk/bicycle,No Vehicle,60,Sometimes,5,"['Glass', 'Metal']",231,frequently,2000
private,lpg,3106,Sometimes,2,"['Paper', 'Plastic', 'Glass', 'Metal']",138,never,1918
walk/bicycle,No Vehicle,64,Sometimes,6,"['Plastic', 'Glass', 'Metal']",112,rarely,1622
private,electric,6809,No,3,['Metal'],144,never,1368
private,electric,8258,Yes,6,"['Glass', 'Metal']",242,very frequently,2887
walk/bicycle,No Vehicle,59,Yes,2,"['Plastic', 'Glass']",148,rarely,1674
public,No Vehicle,1005,Sometimes,1,[],151,never,1664
walk/bicycle,No Vehicle,64,No,6,"['Glass', 'Metal']",129,frequently,1902
private,hybrid,4110,Sometimes,4,['Metal'],62,never,2102
public,No Vehicle,701,Sometimes,1,"['Glass', 'Metal']",72,very frequently,2219
walk/bicycle,No Vehicle,0,No,3,"['Paper', 'Plastic']",76,very frequently,2246
private,hybrid,1194,Yes,6,['Plastic'],296,rarely,2671
private,lpg,942,Sometimes,2,"['Paper', 'Metal']",247,frequently,1812
public,No Vehicle,882,No,7,['Glass'],141,frequently,3293
private,diesel,4870,Yes,6,"['Paper', 'Plastic', 'Metal']",276,never,2830
walk/bicycle,No Vehicle,61,Sometimes,6,"['Glass', 'Metal']",111,very frequently,2483
walk/bicycle,No Vehicle,70,No,7,['Plastic'],231,very frequently,2755
walk/bicycle,No Vehicle,59,No,1,"['Paper', 'Plastic', 'Metal']",247,frequently,1688
private,hybrid,179,No,6,['Plastic'],173,rarely,1386
public,No Vehicle,736,Yes,1,['Glass'],173,rarely,1768
private,electric,9191,Sometimes,7,"['Paper', 'Metal']",166,very frequently,2369
walk/bicycle,No Vehicle,34,Yes,3,"['Paper', 'Plastic']",280,never,1539
private,petrol,7319,No,7,"['Plastic', 'Metal']",100,frequently,4087
walk/bicycle,No Vehicle,12,Yes,1,"['Paper', 'Metal']",293,very frequently,1916
walk/bicycle,No Vehicle,76,Sometimes,2,[],129,rarely,1017
walk/bicycle,No Vehicle,31,No,7,"['Glass', 'Metal']",287,frequently,2645
private,lpg,357,Sometimes,4,"['Plastic', 'Glass']",130,rarely,1596
public,No Vehicle,1962,Sometimes,4,"['Paper', 'Metal']",168,frequently,1840
private,lpg,4733,Sometimes,2,"['Paper', 'Plastic', 'Glass', 'Metal']",297,never,2356
public,No Vehicle,1869,Sometimes,5,"['Glass', 'Metal']",222,very frequently,3941
public,No Vehicle,788,Sometimes,4,"['Paper', 'Plastic']",122,frequently,1675
private,petrol,5016,Yes,3,"['Paper', 'Glass', 'Metal']",96,frequently,3704
private,electric,1427,No,7,"['Plastic', 'Glass']",280,rarely,1214
walk/bicycle,No Vehicle,72,Sometimes,7,"['Plastic', 'Glass']",225,very frequently,4102
walk/bicycle,No Vehicle,91,Yes,5,"['Plastic', 'Metal']",150,never,1482
public,No Vehicle,205,Sometimes,5,"['Paper', 'Plastic', 'Glass', 'Metal']",277,frequently,1704
private,petrol,7366,Sometimes,4,['Plastic'],177,frequently,5254
private,hybrid,5816,Yes,5,"['Paper', 'Plastic', 'Metal']",76,never,1696
walk/bicycle,No Vehicle,21,Yes,7,"['Paper', 'Glass', 'Metal']",85,never,1300
private,diesel,2222,Yes,7,"['Paper', 'Plastic', 'Glass', 'Metal']",216,very frequently,5150
walk/bicycle,No Vehicle,20,Yes,3,['Paper'],200,never,1238
walk/bicycle,No Vehicle,82,No,3,"['Paper', 'Glass']",222,very frequently,2876
public,No Vehicle,1240,Yes,3,['Plastic'],94,frequently,1468
public,No Vehicle,1931,Yes,1,"['Paper', 'Plastic', 'Glass']",272,rarely,1625
private,lpg,664,Yes,7,"['Paper', 'Plastic', 'Metal']",130,rarely,1996
private,diesel,8246,No,2,"['Paper', 'Plastic', 'Glass']",110,frequently,4099
public,No Vehicle,37,Sometimes,2,"['Paper', 'Plastic']",290,rarely,1255
private,electric,6159,No,2,"['Paper', 'Glass']",181,rarely,1432
private,hybrid,9131,Sometimes,4,"['Plastic', 'Metal']",127,never,3234
public,No Vehicle,337,Sometimes,3,"['Paper', 'Metal']",174,rarely,1163
walk/bicycle,No Vehicle,98,No,5,"['Paper', 'Plastic', 'Metal']",268,frequently,2678
private,electric,9197,Sometimes,6,[],176,rarely,2366
public,No Vehicle,1043,Sometimes,4,"['Paper', 'Plastic', 'Metal']",289,frequently,1532
public,No Vehicle,421,No,2,"['Plastic', 'Metal']",52,very frequently,3301
walk/bicycle,No Vehicle,30,Sometimes,2,"['Paper', 'Plastic', 'Metal']",66,very frequently,2233
walk/bicycle,No Vehicle,28,No,2,"['Paper', 'Plastic', 'Metal']",155,frequently,2271
walk/bicycle,No Vehicle,78,No,7,"['Paper', 'Glass']",230,very frequently,3371
public,No Vehicle,1044,Sometimes,1,"['Plastic', 'Glass', 'Metal']",205,rarely,1220
private,petrol,5000,Sometimes,2,"['Paper', 'Glass', 'Metal']",208,very frequently,4219
private,diesel,2948,Sometimes,1,['Glass'],203,very frequently,4061
walk/bicycle,No Vehicle,40,Sometimes,5,[],123,very frequently,2926
private,electric,5469,No,2,[],59,rarely,1601
public,No Vehicle,1863,No,7,"['Paper', 'Plastic', 'Metal']",132,very frequently,2562
private,diesel,8263,Yes,6,"['Plastic', 'Glass']",273,very frequently,4726
private,petrol,9616,No,6,"['Plastic', 'Metal']",105,rarely,5314
public,No Vehicle,685,Sometimes,5,[],275,never,1934
public,No Vehicle,1791,Yes,7,"['Plastic', 'Metal']",50,rarely,2061
public,No Vehicle,722,No,2,"['Paper', 'Plastic', 'Glass']",120,never,1084
public,No Vehicle,870,No,5,"['Paper', 'Plastic', 'Glass']",259,rarely,1198
private,diesel,7961,Sometimes,7,"['Plastic', 'Glass']",51,rarely,4159
private,lpg,7713,Yes,1,"['Plastic', 'Metal']",235,very frequently,3599
walk/bicycle,No Vehicle,56,No,4,['Plastic'],169,never,1728
walk/bicycle,No Vehicle,4,No,5,"['Paper', 'Plastic', 'Metal']",67,very frequently,2340
private,electric,5788,Yes,3,"['Paper', 'Plastic', 'Glass']",219,rarely,1172
walk/bicycle,No Vehicle,42,No,7,"['Paper', 'Plastic', 'Glass', 'Metal']",80,rarely,1566
public,No Vehicle,1772,Yes,6,"['Paper', 'Plastic']",175,never,1983
public,No Vehicle,123,Sometimes,4,['Metal'],134,rarely,956
private,diesel,3782,Sometimes,7,"['Paper', 'Glass']",75,very frequently,3207
walk/bicycle,No Vehicle,80,No,4,"['Paper', 'Glass']",244,never,611
private,diesel,2323,Sometimes,6,"['Plastic', 'Metal']",160,never,2079
private,diesel,6081,Yes,7,"['Glass', 'Metal']",203,never,2803
walk/bicycle,No Vehicle,1,Yes,2,['Paper'],257,rarely,1389
private,petrol,5192,Yes,6,"['Paper', 'Plastic', 'Glass']",238,never,4276
private,hybrid,7794,No,5,"['Plastic', 'Metal']",243,frequently,3339
walk/bicycle,No Vehicle,97,Yes,1,"['Plastic', 'Glass', 'Metal']",150,very frequently,2491
public,No Vehicle,84,Sometimes,2,"['Paper', 'Glass']",228,never,1183
public,No Vehicle,911,Sometimes,1,"['Paper', 'Glass']",133,very frequently,2048
private,lpg,2856,Yes,7,"['Plastic', 'Glass', 'Metal']",249,very frequently,3522
public,No Vehicle,1600,No,4,['Metal'],53,frequently,1447
public,No Vehicle,1480,No,6,['Metal'],273,frequently,2093
private,petrol,2243,Sometimes,2,"['Plastic', 'Glass', 'Metal']",216,never,1761
private,hybrid,8904,Yes,2,"['Glass', 'Metal']",180,never,2235
walk/bicycle,No Vehicle,15,Sometimes,2,"['Paper', 'Glass', 'Metal']",161,frequently,1825
public,No Vehicle,1152,No,3,"['Paper', 'Plastic', 'Metal']",232,never,1765
public,No Vehicle,1636,No,1,['Plastic'],108,never,1423
public,No Vehicle,918,Sometimes,1,['Plastic'],279,very frequently,2956
walk/bicycle,No Vehicle,4,Sometimes,3,"['Paper', 'Plastic', 'Metal']",68,frequently,1554
public,No Vehicle,1381,Sometimes,3,"['Paper', 'Plastic']",191,never,1352
private,petrol,3436,No,7,"['Paper', 'Plastic', 'Glass', 'Metal']",121,frequently,2785
public,No Vehicle,1678,Sometimes,5,"['Paper', 'Glass', 'Metal']",287,very frequently,3019
walk/bicycle,No Vehicle,26,Sometimes,6,"['Paper', 'Plastic', 'Metal']",58,frequently,1420
public,No Vehicle,576,No,7,"['Paper', 'Plastic', 'Glass', 'Metal']",219,never,1389
private,hybrid,5177,Sometimes,2,"['Paper', 'Glass']",231,very frequently,3238
walk/bicycle,No Vehicle,90,No,4,"['Plastic', 'Glass']",131,very frequently,3781
walk/bicycle,No Vehicle,20,Sometimes,1,"['Paper', 'Plastic', 'Glass', 'Metal']",168,never,946
public,No Vehicle,180,Yes,2,"['Glass', 'Metal']",134,never,1338
walk/bicycle,No Vehicle,7,Sometimes,4,['Metal'],103,rarely,924
walk/bicycle,No Vehicle,2,Yes,5,[],166,never,2787
public,No Vehicle,381,No,4,"['Plastic', 'Glass']",217,rarely,2187
public,No Vehicle,959,Yes,7,"['Paper', 'Plastic']",190,never,1361
public,No Vehicle,1563,No,1,"['Plastic', 'Glass', 'Metal']",284,very frequently,2744
walk/bicycle,No Vehicle,21,Sometimes,2,"['Paper', 'Metal']",125,never,917
public,No Vehicle,389,No,2,"['Plastic', 'Glass', 'Metal']",96,rarely,1683
walk/bicycle,No Vehicle,68,Yes,2,"['Glass', 'Metal']",261,rarely,1395
private,lpg,8277,Yes,3,"['Glass', 'Metal']",268,very frequently,4584
walk/bicycle,No Vehicle,40,No,7,"['Paper', 'Plastic']",116,never,1790
public,No Vehicle,1463,Yes,3,"['Paper', 'Plastic']",262,never,609
public,No Vehicle,1234,No,4,"['Plastic', 'Metal']",175,frequently,2286
public,No Vehicle,1783,Sometimes,3,"['Paper', 'Glass']",182,rarely,1618
private,lpg,7003,Yes,2,"['Paper', 'Plastic', 'Glass', 'Metal']",272,never,3310
private,hybrid,9787,Yes,4,"['Paper', 'Glass']",64,very frequently,3277
walk/bicycle,No Vehicle,91,No,4,['Plastic'],200,frequently,1654
private,electric,5997,Sometimes,1,"['Glass', 'Metal']",128,frequently,1547
private,diesel,8394,Yes,5,"['Paper', 'Plastic', 'Glass', 'Metal']",50,very frequently,3812
private,electric,7755,Yes,6,"['Plastic', 'Glass']",242,never,1367
private,petrol,3841,No,1,[],263,frequently,3824
private,petrol,9819,Sometimes,4,"['Paper', 'Metal']",270,never,4086
walk/bicycle,No Vehicle,14,Sometimes,4,"['Paper', 'Plastic', 'Glass', 'Metal']",272,rarely,1341
private,electric,6440,Yes,3,['Metal'],174,rarely,1373
walk/bicycle,No Vehicle,49,Yes,5,['Metal'],105,rarely,1737
public,No Vehicle,1727,No,5,[],118,very frequently,2702
public,No Vehicle,346,Yes,2,[],98,never,1532
private,diesel,454,Yes,3,['Glass'],64,very frequently,3311
private,diesel,3349,Yes,5,"['Paper', 'Plastic']",77,frequently,2189
private,hybrid,6445,No,4,['Metal'],182,never,3095
private,petrol,7994,No,5,"['Paper', 'Glass', 'Metal']",241,rarely,4492
walk/bicycle,No Vehicle,66,Sometimes,6,"['Glass', 'Metal']",123,rarely,1072
private,petrol,49,Yes,1,"['Plastic', 'Glass', 'Metal']",112,very frequently,2529
private,lpg,441,Sometimes,7,"['Paper', 'Plastic', 'Glass']",283,rarely,1693
walk/bicycle,No Vehicle,38,Yes,5,"['Paper', 'Plastic', 'Glass']",60,very frequently,2228
public,No Vehicle,1493,No,4,['Glass'],250,never,1928
private,lpg,8676,Sometimes,2,"['Glass', 'Metal']",60,frequently,4606
private,hybrid,8074,Sometimes,1,['Metal'],75,frequently,2523
walk/bicycle,No Vehicle,39,Sometimes,5,"['Paper', 'Plastic', 'Metal']",78,never,1301
public,No Vehicle,710,Sometimes,4,"['Paper', 'Plastic', 'Glass']",233,never,2244
walk/bicycle,No Vehicle,98,Sometimes,4,"['Paper', 'Plastic', 'Glass']",129,very frequently,2774
walk/bicycle,No Vehicle,36,Sometimes,7,"['Paper', 'Plastic', 'Glass']",189,never,1172
walk/bicycle,No Vehicle,31,No,2,"['Glass', 'Metal']",88,rarely,1155
walk/bicycle,No Vehicle,38,No,3,['Glass'],273,never,1890
public,No Vehicle,1206,No,4,"['Paper', 'Plastic']",91,very frequently,3620
public,No Vehicle,52,Sometimes,7,[],109,very frequently,2427
private,lpg,9244,Sometimes,2,"['Paper', 'Metal']",186,rarely,3876
walk/bicycle,No Vehicle,13,Sometimes,6,['Metal'],137,rarely,1980
public,No Vehicle,1594,No,5,"['Paper', 'Plastic', 'Glass']",226,rarely,2247
private,diesel,1722,Sometimes,2,"['Paper', 'Glass', 'Metal']",257,very frequently,2408
private,lpg,7762,Yes,6,"['Paper', 'Glass', 'Metal']",153,very frequently,5500
walk/bicycle,No Vehicle,46,No,3,['Glass'],215,very frequently,3558
private,lpg,8716,Sometimes,4,"['Plastic', 'Glass']",218,very frequently,5236
public,No Vehicle,68,Yes,1,['Paper'],54,very frequently,2737
public,No Vehicle,304,Yes,3,"['Paper', 'Plastic', 'Glass']",193,rarely,1705
walk/bicycle,No Vehicle,65,Yes,5,['Metal'],69,frequently,1363
walk/bicycle,No Vehicle,82,Yes,1,"['Plastic', 'Glass']",275,never,730
private,diesel,862,No,4,"['Paper', 'Plastic', 'Glass']",156,very frequently,3114
walk/bicycle,No Vehicle,12,Yes,2,['Metal'],296,rarely,1216
walk/bicycle,No Vehicle,9,Yes,7,"['Paper', 'Glass', 'Metal']",289,never,1651
private,electric,6736,No,4,['Metal'],79,rarely,1347
public,No Vehicle,655,No,7,"['Plastic', 'Metal']",101,rarely,1419
private,petrol,9333,No,5,['Glass'],273,frequently,4807
public,No Vehicle,821,Yes,5,"['Paper', 'Glass']",265,frequently,2141
public,No Vehicle,977,No,4,"['Plastic', 'Glass']",271,very frequently,2414
walk/bicycle,No Vehicle,56,Sometimes,3,"['Paper', 'Plastic', 'Metal']",82,rarely,1266
private,hybrid,9549,Yes,5,"['Plastic', 'Metal']",197,never,3136
private,petrol,3443,Yes,1,['Plastic'],192,rarely,2887
walk/bicycle,No Vehicle,3,Sometimes,3,"['Paper', 'Plastic', 'Glass', 'Metal']",255,frequently,1826
walk/bicycle,No Vehicle,79,Sometimes,7,"['Paper', 'Plastic', 'Metal']",174,frequently,1274
walk/bicycle,No Vehicle,90,Yes,6,"['Plastic', 'Glass']",84,very frequently,2193
private,diesel,2074,No,2,"['Plastic', 'Metal']",235,never,1438
walk/bicycle,No Vehicle,91,Sometimes,7,"['Plastic', 'Glass', 'Metal']",242,rarely,1724
public,No Vehicle,1529,Yes,3,"['Glass', 'Metal']",259,never,630
walk/bicycle,No Vehicle,52,No,2,[],297,rarely,1626
walk/bicycle,No Vehicle,78,Sometimes,4,"['Plastic', 'Metal']",77,never,1529
private,lpg,4936,Yes,6,[],204,rarely,3664
public,No Vehicle,1217,Sometimes,4,['Paper'],282,frequently,2059
walk/bicycle,No Vehicle,68,No,2,"['Plastic', 'Glass', 'Metal']",218,very frequently,2476
walk/bicycle,No Vehicle,98,Sometimes,3,"['Paper', 'Metal']",223,rarely,1538
private,petrol,7258,Yes,7,"['Plastic', 'Glass']",225,frequently,5146
private,lpg,20,No,5,"['Paper', 'Plastic']",230,rarely,1249
public,No Vehicle,1704,No,6,"['Plastic', 'Glass']",221,rarely,1614
walk/bicycle,No Vehicle,50,Sometimes,1,['Plastic'],215,very frequently,2263
private,petrol,2300,Yes,3,['Metal'],87,rarely,2709
walk/bicycle,No Vehicle,37,Sometimes,3,"['Paper', 'Glass']",138,never,1441
private,petrol,7961,No,5,"['Plastic', 'Glass', 'Metal']",240,frequently,5194
private,electric,209,Yes,4,[],201,never,1700
public,No Vehicle,1683,Yes,7,"['Paper', 'Metal']",68,very frequently,2901
walk/bicycle,No Vehicle,64,No,6,"['Paper', 'Plastic']",252,never,971
public,No Vehicle,1179,Yes,4,['Plastic'],291,never,2243
private,petrol,7917,Yes,7,"['Paper', 'Glass']",232,rarely,4383
private,petrol,6387,Yes,5,['Plastic'],249,very frequently,7295
walk/bicycle,No Vehicle,12,No,1,"['Paper', 'Plastic', 'Metal']",56,rarely,1195
public,No Vehicle,1800,No,5,"['Paper', 'Glass', 'Metal']",291,very frequently,2165
private,electric,7088,No,4,"['Paper', 'Plastic', 'Glass']",104,very frequently,2307
private,diesel,4990,Sometimes,6,"['Glass', 'Metal']",185,very frequently,4304
walk/bicycle,No Vehicle,40,Sometimes,6,"['Paper', 'Plastic']",287,frequently,1993
walk/bicycle,No Vehicle,60,Sometimes,6,"['Paper', 'Glass', 'Metal']",184,rarely,1705
public,No Vehicle,1041,Yes,2,"['Plastic', 'Metal']",104,frequently,1537
walk/bicycle,No Vehicle,10,No,1,"['Paper', 'Glass', 'Metal']",152,never,1322
walk/bicycle,No Vehicle,24,Yes,3,"['Paper', 'Glass', 'Metal']",189,frequently,2066
public,No Vehicle,1825,Sometimes,7,"['Paper', 'Plastic', 'Glass', 'Metal']",213,very frequently,2411
walk/bicycle,No Vehicle,89,No,7,"['Plastic', 'Glass', 'Metal']",145,frequently,1680
private,electric,4922,Sometimes,6,['Metal'],119,rarely,1959
public,No Vehicle,656,Yes,1,['Metal'],182,frequently,2035
public,No Vehicle,404,Yes,4,['Plastic'],258,never,2321
walk/bicycle,No Vehicle,41,No,1,"['Paper', 'Glass', 'Metal']",178,very frequently,2732
private,petrol,7482,Yes,1,[],273,frequently,4917
walk/bicycle,No Vehicle,22,No,1,"['Paper', 'Plastic', 'Glass', 'Metal']",152,rarely,936
public,No Vehicle,361,Sometimes,7,"['Paper', 'Plastic', 'Glass', 'Metal']",91,frequently,2131
public,No Vehicle,415,Yes,5,"['Paper', 'Plastic']",147,rarely,2089
public,No Vehicle,975,Yes,4,"['Paper', 'Plastic', 'Glass']",293,very frequently,2110
public,No Vehicle,322,Sometimes,6,"['Paper', 'Plastic', 'Metal']",291,very frequently,3481
walk/bicycle,No Vehicle,58,No,7,['Paper'],75,very frequently,2837
walk/bicycle,No Vehicle,54,No,3,"['Plastic', 'Glass']",142,frequently,2303
private,lpg,4677,No,1,"['Glass', 'Metal']",65,frequently,2286
public,No Vehicle,375,Sometimes,3,"['Paper', 'Metal']",158,rarely,1902
public,No Vehicle,1336,Yes,4,"['Paper', 'Plastic', 'Glass']",274,frequently,2181
walk/bicycle,No Vehicle,5,No,4,['Paper'],284,very frequently,3071
public,No Vehicle,538,No,6,"['Plastic', 'Glass']",236,rarely,3043
walk/bicycle,No Vehicle,32,No,6,"['Paper', 'Glass']",235,rarely,1312
walk/bicycle,No Vehicle,42,Sometimes,4,[],275,very frequently,2836
walk/bicycle,No Vehicle,72,Yes,4,['Plastic'],153,very frequently,2060
private,lpg,1584,Sometimes,2,"['Paper', 'Metal']",142,never,2131
private,petrol,9486,Yes,6,"['Glass', 'Metal']",262,very frequently,5480
public,No Vehicle,1515,Sometimes,4,['Paper'],220,rarely,1438
public,No Vehicle,1484,Sometimes,3,"['Paper', 'Glass']",83,rarely,1922
private,electric,8925,No,2,['Paper'],280,very frequently,2148
private,lpg,967,Sometimes,3,"['Glass', 'Metal']",287,very frequently,2383
public,No Vehicle,104,Yes,7,"['Plastic', 'Glass']",192,never,1304
walk/bicycle,No Vehicle,35,Yes,6,['Plastic'],199,never,1619
private,lpg,6721,Sometimes,7,"['Paper', 'Glass', 'Metal']",166,frequently,3563
public,No Vehicle,1117,Yes,4,[],111,rarely,1660
walk/bicycle,No Vehicle,62,Yes,3,['Plastic'],245,rarely,1565
walk/bicycle,No Vehicle,14,Sometimes,1,['Plastic'],241,never,1341
walk/bicycle,No Vehicle,34,No,4,['Metal'],290,frequently,1545
walk/bicycle,No Vehicle,87,No,1,"['Paper', 'Plastic', 'Glass', 'Metal']",298,frequently,1578
public,No Vehicle,559,Yes,6,"['Plastic', 'Glass']",285,rarely,1437
private,hybrid,7411,Sometimes,3,"['Paper', 'Plastic']",255,rarely,2698
walk/bicycle,No Vehicle,44,Sometimes,4,"['Plastic', 'Metal']",235,rarely,1718
walk/bicycle,No Vehicle,82,Yes,3,"['Paper', 'Plastic', 'Metal']",191,never,1511
private,electric,5406,Yes,7,['Metal'],160,frequently,2662
walk/bicycle,No Vehicle,8,Yes,1,['Metal'],192,never,1080
public,No Vehicle,454,Sometimes,3,"['Paper', 'Plastic', 'Metal']",245,frequently,1623
walk/bicycle,No Vehicle,19,Sometimes,1,"['Paper', 'Plastic']",110,never,666
walk/bicycle,No Vehicle,98,Sometimes,7,"['Paper', 'Plastic', 'Metal']",207,frequently,1726
walk/bicycle,No Vehicle,12,No,6,"['Paper', 'Plastic', 'Glass', 'Metal']",249,rarely,2095
private,electric,6721,Yes,7,['Glass'],177,never,1736
public,No Vehicle,33,No,1,"['Paper', 'Metal']",284,rarely,1458
walk/bicycle,No Vehicle,59,Sometimes,7,"['Paper', 'Plastic', 'Glass']",216,never,1581
public,No Vehicle,1801,Sometimes,2,"['Paper', 'Plastic']",198,very frequently,2111
public,No Vehicle,26,No,5,['Metal'],89,very frequently,2932
private,electric,1117,Sometimes,5,"['Plastic', 'Glass']",187,never,1616
private,electric,9102,Sometimes,7,['Glass'],151,very frequently,2270
walk/bicycle,No Vehicle,23,No,7,"['Paper', 'Glass']",186,never,1122
public,No Vehicle,388,No,6,"['Plastic', 'Metal']",96,rarely,1875
public,No Vehicle,322,No,6,['Metal'],75,very frequently,3239
walk/bicycle,No Vehicle,25,No,5,['Plastic'],243,rarely,2180
private,hybrid,302,Yes,4,"['Plastic', 'Glass', 'Metal']",258,frequently,1778
walk/bicycle,No Vehicle,64,Sometimes,1,"['Plastic', 'Glass', 'Metal']",176,never,1664
public,No Vehicle,676,Sometimes,7,"['Paper', 'Metal']",97,very frequently,3110
private,electric,1606,Sometimes,7,['Paper'],122,frequently,2338
public,No Vehicle,1715,Yes,6,['Metal'],123,frequently,2940
public,No Vehicle,315,Yes,4,['Plastic'],140,very frequently,2442
public,No Vehicle,957,No,7,"['Paper', 'Glass']",212,rarely,1688
walk/bicycle,No Vehicle,86,No,4,"['Paper', 'Glass', 'Metal']",157,frequently,2178
walk/bicycle,No Vehicle,62,Sometimes,2,[],156,frequently,1453
walk/bicycle,No Vehicle,25,No,3,"['Paper', 'Plastic']",248,rarely,1663
walk/bicycle,No Vehicle,63,Yes,6,"['Paper', 'Metal']",196,frequently,2214
public,No Vehicle,820,No,5,['Glass'],185,never,1113
walk/bicycle,No Vehicle,80,No,3,"['Paper', 'Metal']",227,frequently,2248
walk/bicycle,No Vehicle,99,Yes,2,"['Paper', 'Glass', 'Metal']",202,rarely,1170
private,hybrid,6207,Sometimes,6,"['Paper', 'Plastic', 'Glass', 'Metal']",254,very frequently,4281
private,lpg,1145,No,5,"['Plastic', 'Metal']",104,never,1861
walk/bicycle,No Vehicle,73,Sometimes,7,"['Plastic', 'Glass', 'Metal']",84,never,854
public,No Vehicle,492,Sometimes,3,['Metal'],118,rarely,1897
private,lpg,3718,Sometimes,7,['Paper'],181,rarely,2333
public,No Vehicle,74,No,6,"['Plastic', 'Glass']",156,never,2112
private,lpg,4465,Sometimes,7,['Metal'],143,frequently,3068
walk/bicycle,No Vehicle,37,No,2,['Metal'],204,never,1706
public,No Vehicle,613,Sometimes,2,"['Paper', 'Plastic']",231,frequently,1311
public,No Vehicle,1950,No,6,[],285,very frequently,4087
walk/bicycle,No Vehicle,77,Yes,1,['Paper'],188,very frequently,1983
private,lpg,3011,Sometimes,6,['Metal'],253,rarely,2627
public,No Vehicle,210,Yes,6,[],214,rarely,1514
walk/bicycle,No Vehicle,62,No,7,"['Paper', 'Plastic', 'Glass', 'Metal']",190,never,821
private,lpg,4772,Sometimes,6,"['Paper', 'Glass', 'Metal']",60,never,2165
walk/bicycle,No Vehicle,38,Sometimes,3,"['Glass', 'Metal']",259,very frequently,2654
private,diesel,5490,Sometimes,1,['Glass'],85,rarely,2893
private,hybrid,9501,Yes,3,"['Plastic', 'Glass']",224,frequently,4087
private,petrol,7032,Yes,1,['Paper'],267,rarely,3294
walk/bicycle,No Vehicle,75,No,1,[],143,very frequently,2113
walk/bicycle,No Vehicle,5,Yes,4,[],200,frequently,1653
walk/bicycle,No Vehicle,26,No,3,"['Plastic', 'Metal']",94,frequently,2466
walk/bicycle,No Vehicle,52,No,6,"['Plastic', 'Metal']",246,never,2019
private,petrol,8706,Yes,2,[],283,never,5025
public,No Vehicle,1114,Yes,5,"['Paper', 'Plastic', 'Glass', 'Metal']",166,rarely,1136
walk/bicycle,No Vehicle,19,Sometimes,3,[],113,very frequently,3123
private,electric,4981,Sometimes,4,['Metal'],92,never,1762
private,electric,3475,No,2,"['Glass', 'Metal']",289,frequently,1632
public,No Vehicle,152,Sometimes,7,"['Paper', 'Glass']",142,never,1591
private,lpg,8803,No,1,"['Paper', 'Metal']",219,never,3067
private,electric,1774,Yes,3,"['Plastic', 'Glass']",136,never,1200
private,hybrid,466,Yes,5,"['Paper', 'Metal']",101,very frequently,3670
walk/bicycle,No Vehicle,31,Yes,6,['Glass'],146,rarely,1884
public,No Vehicle,1275,Sometimes,1,"['Plastic', 'Metal']",263,very frequently,3596
private,electric,9765,Yes,2,['Paper'],162,never,830
walk/bicycle,No Vehicle,82,Sometimes,7,['Glass'],123,frequently,3048
private,electric,9197,Sometimes,7,"['Plastic', 'Glass', 'Metal']",69,never,721
private,electric,4519,Yes,6,"['Plastic', 'Glass', 'Metal']",155,never,1429
walk/bicycle,No Vehicle,78,Sometimes,1,"['Paper', 'Glass']",54,very frequently,2503
private,electric,9413,No,1,"['Plastic', 'Glass']",212,never,1045
public,No Vehicle,266,No,6,"['Glass', 'Metal']",111,never,1301
private,hybrid,2960,No,3,[],267,frequently,2538
public,No Vehicle,622,No,4,"['Plastic', 'Metal']",223,very frequently,2353
walk/bicycle,No Vehicle,23,Yes,6,"['Plastic', 'Metal']",170,frequently,2737
private,petrol,203,No,7,['Glass'],261,never,2069
walk/bicycle,No Vehicle,9,No,5,"['Plastic', 'Metal']",213,never,1882
walk/bicycle,No Vehicle,95,Yes,3,"['Paper', 'Plastic']",156,frequently,2078
private,petrol,6540,No,2,"['Paper', 'Plastic']",78,rarely,4549
walk/bicycle,No Vehicle,55,Yes,4,"['Glass', 'Metal']",72,never,1293
walk/bicycle,No Vehicle,62,Sometimes,2,"['Plastic', 'Glass', 'Metal']",227,rarely,1687
walk/bicycle,No Vehicle,33,No,7,"['Glass', 'Metal']",201,very frequently,3060
public,No Vehicle,1946,No,1,['Metal'],221,frequently,2131
public,No Vehicle,1736,Sometimes,3,"['Paper', 'Plastic', 'Metal']",149,rarely,1432
walk/bicycle,No Vehicle,44,Sometimes,2,"['Paper', 'Glass', 'Metal']",250,frequently,1423
walk/bicycle,No Vehicle,80,Yes,5,['Metal'],68,rarely,1848
public,No Vehicle,16,Sometimes,2,"['Plastic', 'Glass', 'Metal']",54,rarely,1363
walk/bicycle,No Vehicle,66,Yes,7,"['Paper', 'Plastic', 'Metal']",235,never,1869
walk/bicycle,No Vehicle,76,Yes,2,['Paper'],160,never,854
public,No Vehicle,1566,Yes,2,['Metal'],96,very frequently,2512
private,hybrid,5343,No,5,"['Paper', 'Glass', 'Metal']",252,very frequently,3585
private,hybrid,552,Sometimes,2,"['Glass', 'Metal']",199,frequently,1476
private,diesel,8531,Yes,4,"['Paper', 'Metal']",134,frequently,3793
public,No Vehicle,113,Yes,7,"['Paper', 'Metal']",62,never,1184
private,lpg,819,No,6,"['Paper', 'Plastic', 'Glass', 'Metal']",71,never,1538
walk/bicycle,No Vehicle,58,Sometimes,7,['Plastic'],78,never,2121
public,No Vehicle,254,Yes,5,"['Paper', 'Plastic', 'Glass', 'Metal']",255,very frequently,2573
public,No Vehicle,1485,Sometimes,4,"['Paper', 'Plastic', 'Glass']",247,never,1196
walk/bicycle,No Vehicle,35,No,5,"['Paper', 'Plastic']",221,never,1251
private,petrol,2800,Yes,1,"['Paper', 'Plastic']",54,frequently,2210
public,No Vehicle,192,Sometimes,2,"['Paper', 'Plastic']",206,rarely,674
walk/bicycle,No Vehicle,98,Sometimes,4,"['Paper', 'Plastic', 'Metal']",109,rarely,1348
private,diesel,8842,Yes,1,['Paper'],165,rarely,3355
public,No Vehicle,1506,No,6,['Paper'],249,rarely,2117
public,No Vehicle,1421,No,2,['Paper'],180,rarely,1434
private,diesel,433,Yes,2,"['Paper', 'Plastic', 'Metal']",139,rarely,1309
public,No Vehicle,1134,Sometimes,6,"['Paper', 'Plastic', 'Metal']",259,very frequently,2808
public,No Vehicle,587,Yes,7,[],234,very frequently,2565
private,lpg,5460,Yes,7,['Paper'],172,rarely,3048
private,lpg,3604,No,2,"['Paper', 'Plastic']",203,rarely,2602
public,No Vehicle,261,No,1,['Metal'],98,never,1308
walk/bicycle,No Vehicle,28,Yes,3,['Metal'],118,never,2017
public,No Vehicle,333,Yes,2,"['Paper', 'Metal']",155,rarely,1604
public,No Vehicle,242,No,3,"['Paper', 'Plastic', 'Metal']",246,very frequently,2385
walk/bicycle,No Vehicle,78,Yes,4,"['Plastic', 'Metal']",157,frequently,2556
walk/bicycle,No Vehicle,92,Sometimes,4,"['Paper', 'Plastic', 'Glass']",222,very frequently,2680
private,diesel,4865,Sometimes,3,[],153,very frequently,4038
private,petrol,9881,Yes,4,['Plastic'],270,rarely,5753
private,lpg,2716,Sometimes,5,"['Paper', 'Metal']",193,never,2247
public,No Vehicle,1364,Sometimes,3,"['Paper', 'Glass']",207,never,1130
public,No Vehicle,971,Yes,2,['Glass'],259,very frequently,2500
public,No Vehicle,1852,Sometimes,1,['Metal'],227,never,1571
public,No Vehicle,313,Sometimes,3,"['Plastic', 'Glass']",254,frequently,1916
walk/bicycle,No Vehicle,3,No,5,['Glass'],210,never,1514
public,No Vehicle,373,No,1,"['Paper', 'Plastic', 'Glass', 'Metal']",260,very frequently,2766
public,No Vehicle,273,No,6,"['Paper', 'Metal']",231,frequently,2753
walk/bicycle,No Vehicle,60,No,2,"['Paper', 'Glass']",161,rarely,1702
public,No Vehicle,1619,Yes,7,"['Paper', 'Glass', 'Metal']",264,never,2180
walk/bicycle,No Vehicle,66,No,5,"['Paper', 'Glass']",266,never,949
public,No Vehicle,335,Yes,3,['Plastic'],88,very frequently,2812
walk/bicycle,No Vehicle,98,Yes,6,"['Plastic', 'Glass', 'Metal']",94,very frequently,2340
public,No Vehicle,1940,Yes,3,"['Plastic', 'Glass']",231,rarely,977
private,diesel,7570,Yes,4,"['Paper', 'Plastic']",177,very frequently,3634
walk/bicycle,No Vehicle,71,No,1,"['Paper', 'Plastic', 'Glass']",226,very frequently,2260
walk/bicycle,No Vehicle,97,No,3,"['Plastic', 'Glass', 'Metal']",264,never,1379
walk/bicycle,No Vehicle,66,Sometimes,1,"['Plastic', 'Glass', 'Metal']",64,very frequently,1833
private,lpg,7150,Yes,5,['Metal'],223,rarely,5432
public,No Vehicle,389,Yes,4,"['Paper', 'Glass']",235,very frequently,2794
walk/bicycle,No Vehicle,28,No,7,"['Paper', 'Glass', 'Metal']",224,never,1951
public,No Vehicle,380,No,2,"['Glass', 'Metal']",64,never,1197
walk/bicycle,No Vehicle,90,Yes,1,['Metal'],95,never,907
walk/bicycle,No Vehicle,31,Yes,7,"['Glass', 'Metal']",156,never,1874
private,hybrid,5680,Sometimes,5,"['Paper', 'Plastic', 'Glass']",94,never,1875
private,electric,5935,Yes,1,"['Paper', 'Plastic', 'Metal']",178,very frequently,2517
private,lpg,3285,No,1,"['Plastic', 'Glass', 'Metal']",93,very frequently,2935
walk/bicycle,No Vehicle,17,No,3,[],180,rarely,2647
private,hybrid,8945,Sometimes,2,"['Plastic', 'Glass', 'Metal']",149,very frequently,3223
walk/bicycle,No Vehicle,44,No,7,"['Paper', 'Metal']",82,never,1699
walk/bicycle,No Vehicle,97,Yes,7,"['Paper', 'Metal']",112,rarely,1374
private,electric,5696,No,1,"['Paper', 'Glass', 'Metal']",143,frequently,1674
private,diesel,7972,Sometimes,5,"['Plastic', 'Metal']",117,very frequently,4789
private,diesel,4078,Yes,2,['Paper'],229,frequently,2800
public,No Vehicle,959,Sometimes,3,"['Paper', 'Plastic', 'Glass', 'Metal']",142,frequently,1196
private,electric,8348,No,5,"['Paper', 'Glass']",74,rarely,1594
walk/bicycle,No Vehicle,80,Sometimes,2,['Metal'],95,never,974
public,No Vehicle,1340,Yes,1,"['Paper', 'Metal']",79,never,1646
private,lpg,8761,No,2,['Paper'],292,rarely,4302
private,petrol,4676,No,1,"['Paper', 'Plastic']",184,never,1973
private,diesel,8950,Sometimes,6,['Metal'],146,rarely,3571
walk/bicycle,No Vehicle,43,Yes,6,"['Glass', 'Metal']",96,frequently,1585
private,petrol,2899,Sometimes,1,"['Paper', 'Glass', 'Metal']",143,very frequently,4367
walk/bicycle,No Vehicle,80,Yes,1,[],202,never,1620
walk/bicycle,No Vehicle,45,Yes,5,"['Paper', 'Glass', 'Metal']",191,never,1043
private,lpg,5848,Yes,7,"['Plastic', 'Metal']",52,very frequently,4281
walk/bicycle,No Vehicle,87,No,1,['Plastic'],284,frequently,1478
private,lpg,5750,Yes,5,['Glass'],139,frequently,4328
public,No Vehicle,521,Sometimes,6,['Paper'],281,rarely,1876
private,diesel,6188,Yes,5,"['Paper', 'Plastic', 'Metal']",106,never,2680
walk/bicycle,No Vehicle,51,Yes,5,"['Paper', 'Plastic', 'Glass']",281,frequently,1697
walk/bicycle,No Vehicle,58,Sometimes,2,['Metal'],132,never,974
public,No Vehicle,126,Yes,1,"['Paper', 'Glass', 'Metal']",240,never,1148
private,diesel,5501,Yes,1,['Glass'],181,very frequently,3357
walk/bicycle,No Vehicle,64,Sometimes,3,"['Glass', 'Metal']",64,frequently,1493
walk/bicycle,No Vehicle,46,No,2,['Paper'],272,never,1043
walk/bicycle,No Vehicle,10,Yes,4,[],260,frequently,1867
private,electric,1744,Sometimes,3,['Plastic'],74,very frequently,3062
public,No Vehicle,884,Sometimes,5,"['Paper', 'Plastic', 'Metal']",102,rarely,1537
walk/bicycle,No Vehicle,36,Sometimes,5,"['Plastic', 'Glass']",113,never,999
public,No Vehicle,1292,Yes,3,"['Paper', 'Glass', 'Metal']",202,very frequently,2013
public,No Vehicle,577,Yes,5,"['Paper', 'Plastic', 'Glass']",139,rarely,1685
walk/bicycle,No Vehicle,83,Sometimes,2,"['Paper', 'Plastic']",188,frequently,1665
walk/bicycle,No Vehicle,62,Sometimes,7,"['Paper', 'Plastic', 'Metal']",182,very frequently,2588
walk/bicycle,No Vehicle,91,Sometimes,4,"['Paper', 'Glass']",153,never,657
private,electric,6403,No,7,"['Paper', 'Plastic', 'Metal']",121,frequently,1696
walk/bicycle,No Vehicle,8,No,5,"['Paper', 'Glass']",81,frequently,1363
walk/bicycle,No Vehicle,72,No,7,"['Paper', 'Plastic']",167,rarely,1135
public,No Vehicle,507,Sometimes,7,"['Paper', 'Plastic', 'Glass', 'Metal']",181,rarely,1442
public,No Vehicle,220,Sometimes,3,"['Paper', 'Glass', 'Metal']",147,very frequently,2103
private,lpg,3178,Yes,4,"['Glass', 'Metal']",64,frequently,2912
private,hybrid,4845,No,5,[],168,never,2220
public,No Vehicle,1363,Yes,2,"['Plastic', 'Metal']",73,frequently,1907
walk/bicycle,No Vehicle,14,Yes,4,"['Plastic', 'Metal']",70,rarely,1546
public,No Vehicle,942,Sometimes,4,"['Paper', 'Plastic', 'Glass']",286,very frequently,2264
private,hybrid,3894,No,4,['Paper'],106,very frequently,2619
walk/bicycle,No Vehicle,70,No,5,"['Paper', 'Glass', 'Metal']",140,never,846
private,hybrid,1277,Yes,7,"['Paper', 'Glass', 'Metal']",250,never,1310
private,diesel,6122,No,5,['Glass'],109,very frequently,3769
private,diesel,8192,Sometimes,4,"['Paper', 'Glass', 'Metal']",220,rarely,2774
private,hybrid,7242,Sometimes,2,['Plastic'],128,rarely,1758
walk/bicycle,No Vehicle,62,Yes,3,"['Glass', 'Metal']",238,frequently,1694
walk/bicycle,No Vehicle,71,Yes,4,"['Paper', 'Plastic']",183,very frequently,3181
public,No Vehicle,1576,No,1,"['Paper', 'Glass', 'Metal']",128,frequently,1074
private,lpg,7899,Sometimes,2,"['Plastic', 'Glass']",271,frequently,3888
walk/bicycle,No Vehicle,20,Yes,2,"['Glass', 'Metal']",133,frequently,1763
public,No Vehicle,1634,No,6,"['Paper', 'Plastic', 'Glass', 'Metal']",204,never,1092
private,electric,5074,Sometimes,7,"['Paper', 'Plastic', 'Glass', 'Metal']",258,frequently,1915
public,No Vehicle,780,Yes,2,['Paper'],108,never,1256
public,No Vehicle,149,Yes,6,"['Paper', 'Plastic', 'Glass']",144,rarely,2087
walk/bicycle,No Vehicle,35,Sometimes,1,"['Plastic', 'Metal']",284,rarely,998
walk/bicycle,No Vehicle,84,Yes,4,"['Paper', 'Plastic']",109,very frequently,2600
public,No Vehicle,375,No,4,"['Paper', 'Plastic']",128,rarely,965
private,hybrid,4861,No,7,"['Paper', 'Glass']",61,rarely,2221
walk/bicycle,No Vehicle,75,Yes,6,['Metal'],179,never,2231
public,No Vehicle,404,No,2,"['Paper', 'Plastic', 'Metal']",275,rarely,1674
walk/bicycle,No Vehicle,44,Sometimes,1,"['Paper', 'Plastic', 'Glass']",118,rarely,1111
private,lpg,7731,Yes,7,[],208,very frequently,5541
walk/bicycle,No Vehicle,85,No,2,"['Paper', 'Plastic']",279,rarely,1466
public,No Vehicle,1080,Yes,3,['Paper'],83,never,1048
walk/bicycle,No Vehicle,3,Yes,4,['Paper'],151,never,769
walk/bicycle,No Vehicle,17,No,6,[],278,rarely,2167
walk/bicycle,No Vehicle,14,No,5,"['Paper', 'Glass']",215,rarely,2114
public,No Vehicle,1081,Yes,6,"['Paper', 'Glass', 'Metal']",93,rarely,1563
public,No Vehicle,1319,No,3,"['Paper', 'Glass']",270,never,1367
private,diesel,7069,Sometimes,5,['Paper'],173,frequently,3698
walk/bicycle,No Vehicle,84,Yes,5,['Glass'],210,frequently,2491
private,electric,5375,Yes,3,"['Paper', 'Plastic']",141,frequently,2285
public,No Vehicle,363,No,1,"['Paper', 'Glass', 'Metal']",249,very frequently,2084
private,diesel,8425,No,4,"['Plastic', 'Metal']",139,rarely,3277
walk/bicycle,No Vehicle,42,Yes,2,['Plastic'],222,rarely,1647
walk/bicycle,No Vehicle,55,Sometimes,2,"['Paper', 'Plastic']",91,rarely,1036
walk/bicycle,No Vehicle,87,Sometimes,1,"['Paper', 'Plastic', 'Glass', 'Metal']",144,rarely,1084
public,No Vehicle,401,No,1,['Paper'],229,rarely,1756
walk/bicycle,No Vehicle,98,Yes,3,"['Paper', 'Metal']",238,very frequently,2345
walk/bicycle,No Vehicle,98,Yes,5,"['Paper', 'Glass', 'Metal']",277,never,1986
walk/bicycle,No Vehicle,82,Sometimes,7,[],129,frequently,1993
walk/bicycle,No Vehicle,14,Yes,2,"['Plastic', 'Glass', 'Metal']",293,frequently,2158
walk/bicycle,No Vehicle,14,Sometimes,1,"['Plastic', 'Glass']",263,frequently,1692
walk/bicycle,No Vehicle,29,No,3,['Glass'],62,frequently,2676
private,diesel,1851,Sometimes,5,"['Paper', 'Plastic']",146,frequently,2765
public,No Vehicle,225,Yes,2,['Paper'],212,rarely,1469
public,No Vehicle,1651,Sometimes,3,"['Paper', 'Glass']",274,rarely,1348
walk/bicycle,No Vehicle,47,Yes,6,"['Paper', 'Metal']",215,very frequently,4191
walk/bicycle,No Vehicle,9,Sometimes,7,['Plastic'],89,never,1359
walk/bicycle,No Vehicle,69,Sometimes,5,['Paper'],54,never,1026
private,diesel,5746,Yes,7,"['Plastic', 'Metal']",124,frequently,2809
private,lpg,8498,Yes,3,[],70,frequently,4010
walk/bicycle,No Vehicle,71,Sometimes,1,['Glass'],218,rarely,1319
public,No Vehicle,1157,No,5,"['Paper', 'Plastic', 'Glass', 'Metal']",241,frequently,1573
walk/bicycle,No Vehicle,87,Sometimes,7,"['Plastic', 'Glass']",151,frequently,2397
public,No Vehicle,603,No,4,"['Paper', 'Plastic', 'Metal']",165,frequently,2235
private,lpg,2472,Yes,1,"['Paper', 'Plastic']",223,never,1498
public,No Vehicle,105,Sometimes,5,['Glass'],200,very frequently,2525
private,hybrid,8048,Yes,4,"['Glass', 'Metal']",237,frequently,3440
private,lpg,9984,No,3,"['Plastic', 'Glass', 'Metal']",118,frequently,5254
walk/bicycle,No Vehicle,57,Yes,4,"['Plastic', 'Metal']",116,very frequently,2589
public,No Vehicle,1262,No,3,"['Paper', 'Metal']",234,very frequently,2438
public,No Vehicle,1759,No,6,"['Plastic', 'Metal']",100,frequently,2113
public,No Vehicle,1832,No,6,"['Plastic', 'Glass', 'Metal']",56,frequently,2177
private,petrol,6150,No,5,"['Paper', 'Plastic', 'Glass']",224,rarely,4105
walk/bicycle,No Vehicle,52,Sometimes,2,"['Paper', 'Plastic', 'Metal']",186,frequently,2016
public,No Vehicle,1975,Sometimes,6,"['Paper', 'Metal']",102,never,1630
private,hybrid,9480,Sometimes,7,"['Paper', 'Plastic']",123,never,2768
private,electric,7960,Sometimes,1,"['Paper', 'Glass', 'Metal']",79,frequently,1989
public,No Vehicle,1936,Yes,4,['Glass'],266,frequently,2190
walk/bicycle,No Vehicle,66,No,1,['Metal'],162,never,1585
walk/bicycle,No Vehicle,95,No,5,"['Paper', 'Metal']",296,frequently,1335
walk/bicycle,No Vehicle,75,Sometimes,7,[],207,rarely,2473
walk/bicycle,No Vehicle,45,No,2,"['Paper', 'Glass']",154,frequently,1807
walk/bicycle,No Vehicle,96,No,6,[],186,frequently,2461
public,No Vehicle,20,Yes,2,"['Paper', 'Glass', 'Metal']",248,frequently,1721
public,No Vehicle,477,Sometimes,5,"['Paper', 'Metal']",148,never,1377
walk/bicycle,No Vehicle,71,Sometimes,5,"['Paper', 'Glass']",265,very frequently,2007
public,No Vehicle,323,Sometimes,1,"['Glass', 'Metal']",224,never,817
private,electric,8677,Yes,1,"['Paper', 'Glass']",270,very frequently,3116
private,lpg,4020,No,6,"['Glass', 'Metal']",93,never,3582
public,No Vehicle,1265,Sometimes,1,"['Plastic', 'Glass']",218,rarely,1626
walk/bicycle,No Vehicle,99,Sometimes,5,"['Paper', 'Plastic', 'Glass', 'Metal']",264,frequently,1918
public,No Vehicle,705,No,6,['Paper'],297,rarely,1690
public,No Vehicle,1861,Yes,3,"['Paper', 'Glass', 'Metal']",292,frequently,1887
walk/bicycle,No Vehicle,54,Yes,5,"['Plastic', 'Metal']",170,very frequently,3722
walk/bicycle,No Vehicle,88,Sometimes,6,[],228,frequently,2827
public,No Vehicle,1032,Yes,6,"['Paper', 'Plastic', 'Glass', 'Metal']",131,frequently,2487
private,electric,7192,Yes,2,"['Plastic', 'Metal']",59,never,1194
walk/bicycle,No Vehicle,39,Sometimes,2,"['Plastic', 'Metal']",252,frequently,1727
public,No Vehicle,711,Sometimes,3,"['Paper', 'Plastic', 'Glass', 'Metal']",59,rarely,1706
private,hybrid,6761,Sometimes,6,"['Plastic', 'Glass']",69,very frequently,4352
walk/bicycle,No Vehicle,29,Sometimes,5,"['Glass', 'Metal']",179,frequently,1643
public,No Vehicle,112,Sometimes,1,"['Paper', 'Plastic', 'Glass']",230,very frequently,2666
public,No Vehicle,836,No,4,['Glass'],290,rarely,1797
walk/bicycle,No Vehicle,75,Sometimes,5,"['Paper', 'Glass', 'Metal']",248,very frequently,2736
walk/bicycle,No Vehicle,42,Yes,6,"['Paper', 'Glass']",284,never,1855
private,hybrid,160,Sometimes,6,"['Plastic', 'Metal']",272,never,1775
public,No Vehicle,306,Sometimes,7,"['Paper', 'Glass', 'Metal']",170,never,1323
public,No Vehicle,1447,No,2,"['Glass', 'Metal']",67,very frequently,2768
private,petrol,5305,Sometimes,3,"['Glass', 'Metal']",155,frequently,3511
private,electric,3335,Yes,7,['Plastic'],231,frequently,2230
walk/bicycle,No Vehicle,86,Sometimes,6,"['Paper', 'Plastic', 'Glass', 'Metal']",149,very frequently,2656
private,hybrid,8700,No,1,[],232,rarely,2472
walk/bicycle,No Vehicle,68,Sometimes,2,"['Plastic', 'Glass', 'Metal']",268,rarely,1061
private,diesel,1579,Yes,7,['Metal'],55,frequently,2400
walk/bicycle,No Vehicle,99,Sometimes,6,['Plastic'],182,never,1436
walk/bicycle,No Vehicle,38,No,7,"['Plastic', 'Glass']",136,rarely,1458
private,petrol,7526,No,2,"['Paper', 'Metal']",182,rarely,3540
walk/bicycle,No Vehicle,24,Yes,4,"['Paper', 'Glass', 'Metal']",240,rarely,1085
public,No Vehicle,547,No,1,"['Paper', 'Plastic', 'Glass', 'Metal']",122,very frequently,1724
walk/bicycle,No Vehicle,32,Sometimes,3,"['Plastic', 'Metal']",59,very frequently,2780
public,No Vehicle,1799,Sometimes,6,"['Paper', 'Metal']",251,never,1725
private,hybrid,7914,No,7,"['Glass', 'Metal']",266,rarely,3992
walk/bicycle,No Vehicle,7,Yes,7,"['Paper', 'Metal']",279,rarely,1635
public,No Vehicle,1539,Sometimes,2,"['Paper', 'Plastic']",67,never,1116
walk/bicycle,No Vehicle,17,Sometimes,3,"['Plastic', 'Metal']",92,very frequently,2400
walk/bicycle,No Vehicle,59,Sometimes,1,"['Plastic', 'Glass']",237,never,1265
walk/bicycle,No Vehicle,17,Sometimes,6,"['Paper', 'Glass']",283,never,1890
walk/bicycle,No Vehicle,37,No,3,"['Paper', 'Glass', 'Metal']",171,rarely,874
walk/bicycle,No Vehicle,43,No,1,"['Paper', 'Metal']",136,rarely,1380
private,diesel,7137,Yes,2,"['Paper', 'Glass']",56,rarely,2777
public,No Vehicle,1134,No,1,"['Paper', 'Plastic', 'Glass', 'Metal']",178,never,1096
walk/bicycle,No Vehicle,0,Sometimes,2,"['Glass', 'Metal']",71,never,1390
private,electric,7030,Yes,1,[],79,rarely,2072
public,No Vehicle,230,Yes,3,"['Plastic', 'Metal']",258,very frequently,2420
walk/bicycle,No Vehicle,40,Yes,2,['Metal'],169,frequently,1801
public,No Vehicle,1966,No,6,"['Paper', 'Plastic']",246,rarely,3106
walk/bicycle,No Vehicle,45,Yes,7,"['Paper', 'Plastic', 'Glass', 'Metal']",92,frequently,2361
private,petrol,5242,Yes,5,"['Glass', 'Metal']",190,rarely,3506
private,hybrid,7450,Yes,5,"['Paper', 'Plastic', 'Glass', 'Metal']",280,very frequently,3712
private,petrol,5594,Sometimes,1,"['Glass', 'Metal']",58,frequently,3801
walk/bicycle,No Vehicle,72,Sometimes,4,"['Plastic', 'Metal']",243,frequently,1871
public,No Vehicle,685,No,7,['Metal'],58,never,1517
public,No Vehicle,1012,Yes,1,"['Paper', 'Plastic', 'Glass', 'Metal']",177,very frequently,1859
private,petrol,9791,Yes,6,"['Paper', 'Glass']",210,very frequently,8377
private,electric,4252,Yes,1,"['Paper', 'Plastic', 'Glass']",51,frequently,1652
private,lpg,5915,No,2,"['Paper', 'Metal']",182,very frequently,4976
walk/bicycle,No Vehicle,46,Yes,3,['Glass'],86,rarely,1583
public,No Vehicle,498,Yes,4,"['Paper', 'Glass']",257,never,1065
walk/bicycle,No Vehicle,65,No,1,"['Paper', 'Metal']",207,rarely,1116
walk/bicycle,No Vehicle,65,No,4,['Glass'],101,rarely,1897
public,No Vehicle,1786,Sometimes,1,"['Paper', 'Plastic', 'Metal']",167,frequently,1183
public,No Vehicle,613,Yes,7,['Metal'],207,rarely,1728
walk/bicycle,No Vehicle,71,Sometimes,7,"['Paper', 'Plastic', 'Glass', 'Metal']",268,frequently,1693
public,No Vehicle,1674,Yes,7,"['Paper', 'Glass', 'Metal']",292,very frequently,4113
private,petrol,9196,Sometimes,3,"['Paper', 'Metal']",87,frequently,5686
walk/bicycle,No Vehicle,11,Yes,6,"['Glass', 'Metal']",275,rarely,1285
walk/bicycle,No Vehicle,32,Sometimes,3,"['Glass', 'Metal']",142,never,1507
public,No Vehicle,313,No,4,[],134,frequently,2587
walk/bicycle,No Vehicle,67,Sometimes,1,"['Paper', 'Plastic', 'Glass', 'Metal']",73,frequently,1875
private,hybrid,3626,Yes,4,"['Glass', 'Metal']",239,frequently,2313
private,hybrid,1044,No,7,['Glass'],297,never,2573
walk/bicycle,No Vehicle,59,Sometimes,3,"['Paper', 'Plastic', 'Glass']",114,very frequently,2692
public,No Vehicle,972,Yes,5,['Metal'],137,never,2269
walk/bicycle,No Vehicle,4,Sometimes,4,"['Paper', 'Plastic', 'Glass']",254,very frequently,2775
walk/bicycle,No Vehicle,99,Sometimes,4,['Paper'],233,very frequently,3523
private,diesel,3167,Sometimes,4,['Paper'],115,very frequently,3156
walk/bicycle,No Vehicle,98,Sometimes,2,"['Paper', 'Metal']",264,never,777
walk/bicycle,No Vehicle,86,Sometimes,7,"['Paper', 'Metal']",242,very frequently,3129
walk/bicycle,No Vehicle,36,Sometimes,2,['Glass'],195,rarely,1436
walk/bicycle,No Vehicle,71,No,5,"['Paper', 'Plastic']",141,very frequently,3686
walk/bicycle,No Vehicle,71,Yes,4,"['Plastic', 'Glass']",234,frequently,1622
private,electric,3959,Sometimes,3,"['Paper', 'Metal']",139,rarely,798
private,diesel,4410,Yes,7,"['Plastic', 'Glass']",164,never,2211
walk/bicycle,No Vehicle,0,Sometimes,2,"['Paper', 'Plastic', 'Metal']",266,never,1709
public,No Vehicle,1540,Sometimes,7,"['Glass', 'Metal']",162,never,2563
public,No Vehicle,491,No,2,['Paper'],127,rarely,1966
walk/bicycle,No Vehicle,6,Yes,3,"['Plastic', 'Glass']",108,frequently,1652
private,hybrid,7944,Sometimes,2,['Metal'],171,very frequently,3764
private,hybrid,8155,No,7,['Glass'],115,very frequently,4388
public,No Vehicle,1799,No,2,"['Plastic', 'Glass']",254,very frequently,3678
private,lpg,4024,No,3,['Metal'],120,rarely,2524
private,electric,6049,No,1,"['Glass', 'Metal']",223,very frequently,2144
private,petrol,6094,Yes,1,"['Paper', 'Glass', 'Metal']",141,never,2718
public,No Vehicle,887,No,7,['Paper'],87,never,2231
private,electric,9897,No,1,"['Plastic', 'Glass']",171,never,1212
walk/bicycle,No Vehicle,60,Sometimes,6,['Metal'],75,rarely,888
private,electric,5291,Yes,3,"['Glass', 'Metal']",88,very frequently,3350
private,petrol,5409,Sometimes,2,"['Paper', 'Plastic']",59,very frequently,3795
walk/bicycle,No Vehicle,46,Sometimes,1,"['Plastic', 'Metal']",218,never,1552
private,petrol,9676,Sometimes,3,"['Paper', 'Glass', 'Metal']",99,very frequently,5240
private,electric,2798,Yes,1,"['Plastic', 'Glass', 'Metal']",165,very frequently,2531
public,No Vehicle,183,Sometimes,4,"['Paper', 'Glass', 'Metal']",241,very frequently,2525
public,No Vehicle,1784,Sometimes,1,"['Paper', 'Glass']",227,frequently,2098
private,electric,6569,Sometimes,4,"['Plastic', 'Glass']",261,very frequently,3287
public,No Vehicle,1220,No,1,"['Paper', 'Metal']",67,very frequently,2440
walk/bicycle,No Vehicle,7,Sometimes,5,"['Plastic', 'Glass', 'Metal']",74,rarely,1246
private,diesel,6645,Yes,7,['Glass'],284,never,2162
private,hybrid,9041,Sometimes,6,['Paper'],276,frequently,4371
public,No Vehicle,850,No,4,"['Paper', 'Plastic', 'Glass', 'Metal']",122,rarely,1614
public,No Vehicle,362,Sometimes,6,"['Plastic', 'Glass']",233,very frequently,2927
private,diesel,6486,Yes,6,"['Paper', 'Plastic', 'Glass', 'Metal']",131,frequently,3096
public,No Vehicle,952,No,1,"['Paper', 'Glass']",122,rarely,925
public,No Vehicle,1324,Sometimes,4,"['Paper', 'Plastic', 'Glass', 'Metal']",70,very frequently,2161
private,hybrid,2206,Yes,7,['Paper'],156,very frequently,3923
walk/bicycle,No Vehicle,71,Sometimes,3,['Metal'],265,very frequently,4415
public,No Vehicle,1192,Sometimes,2,"['Glass', 'Metal']",118,rarely,1258
public,No Vehicle,1752,Yes,5,"['Paper', 'Plastic', 'Glass', 'Metal']",281,never,1575
private,hybrid,3597,Sometimes,3,"['Paper', 'Plastic']",148,very frequently,3064
walk/bicycle,No Vehicle,81,Sometimes,7,"['Plastic', 'Metal']",292,very frequently,3161
private,hybrid,1018,Yes,1,['Glass'],154,never,1625
public,No Vehicle,261,Sometimes,7,"['Paper', 'Metal']",281,never,1115
walk/bicycle,No Vehicle,94,No,5,"['Paper', 'Glass', 'Metal']",117,rarely,1609
walk/bicycle,No Vehicle,39,No,7,['Paper'],234,rarely,2005
private,electric,3483,Yes,4,"['Paper', 'Glass']",173,never,1199
public,No Vehicle,1099,Sometimes,6,['Metal'],77,rarely,1418
private,petrol,8784,No,1,"['Plastic', 'Metal']",232,rarely,5985
private,lpg,581,No,4,"['Paper', 'Plastic', 'Metal']",76,rarely,1421
walk/bicycle,No Vehicle,65,Yes,6,"['Plastic', 'Glass', 'Metal']",244,frequently,2071
walk/bicycle,No Vehicle,41,Yes,7,"['Plastic', 'Glass']",253,frequently,2558
walk/bicycle,No Vehicle,65,Yes,4,"['Paper', 'Glass', 'Metal']",97,very frequently,2555
public,No Vehicle,388,Yes,6,"['Paper', 'Plastic', 'Glass']",253,never,2554
public,No Vehicle,10,Yes,4,[],269,never,2612
private,petrol,1612,No,2,"['Paper', 'Glass']",124,frequently,1966
walk/bicycle,No Vehicle,49,Sometimes,7,"['Plastic', 'Glass']",80,rarely,2895
public,No Vehicle,1147,Sometimes,3,['Plastic'],125,rarely,1591
private,hybrid,1953,No,2,"['Paper', 'Plastic', 'Metal']",91,frequently,2357
private,petrol,1756,No,3,"['Plastic', 'Metal']",128,rarely,2511
walk/bicycle,No Vehicle,50,No,7,['Plastic'],52,very frequently,2706
public,No Vehicle,1594,Yes,1,"['Paper', 'Plastic', 'Glass', 'Metal']",246,very frequently,2044
public,No Vehicle,1628,Yes,6,"['Paper', 'Glass']",160,rarely,2647
private,petrol,6096,Sometimes,7,"['Glass', 'Metal']",169,very frequently,4404
walk/bicycle,No Vehicle,61,Sometimes,7,"['Paper', 'Plastic']",283,rarely,1508
walk/bicycle,No Vehicle,96,Yes,1,['Metal'],267,never,667
public,No Vehicle,1646,Sometimes,3,"['Glass', 'Metal']",118,frequently,1689
walk/bicycle,No Vehicle,68,Yes,4,"['Paper', 'Metal']",232,never,1328
walk/bicycle,No Vehicle,30,Sometimes,4,[],291,frequently,2110
private,electric,18,Sometimes,5,"['Glass', 'Metal']",205,frequently,1498
walk/bicycle,No Vehicle,27,Yes,6,"['Paper', 'Glass']",210,frequently,2187
walk/bicycle,No Vehicle,21,Yes,7,['Paper'],220,never,1442
walk/bicycle,No Vehicle,44,Yes,6,['Metal'],132,very frequently,3070
public,No Vehicle,1131,Sometimes,4,"['Glass', 'Metal']",150,very frequently,2783
walk/bicycle,No Vehicle,1,No,6,"['Paper', 'Glass', 'Metal']",275,rarely,1834
public,No Vehicle,1938,No,3,"['Paper', 'Glass']",181,never,1154
private,electric,5080,No,3,"['Paper', 'Plastic']",122,never,1794
public,No Vehicle,719,Yes,4,"['Paper', 'Glass']",236,very frequently,3077
private,diesel,4564,No,2,"['Paper', 'Plastic', 'Metal']",93,frequently,2857
private,electric,2315,Yes,3,"['Paper', 'Metal']",56,never,1402
walk/bicycle,No Vehicle,39,Yes,6,"['Paper', 'Plastic', 'Metal']",74,never,1275
walk/bicycle,No Vehicle,27,Sometimes,3,['Metal'],238,never,1242
private,electric,8892,Yes,7,"['Plastic', 'Glass', 'Metal']",68,rarely,1051
walk/bicycle,No Vehicle,27,Sometimes,6,"['Paper', 'Glass', 'Metal']",219,very frequently,2583
public,No Vehicle,1402,Sometimes,5,"['Plastic', 'Glass']",223,rarely,1671
public,No Vehicle,102,Yes,4,"['Plastic', 'Metal']",290,frequently,2154
walk/bicycle,No Vehicle,59,Sometimes,2,"['Plastic', 'Metal']",226,very frequently,2535
walk/bicycle,No Vehicle,75,Sometimes,1,"['Plastic', 'Metal']",219,rarely,1077
walk/bicycle,No Vehicle,51,Sometimes,7,"['Paper', 'Glass', 'Metal']",124,rarely,1731
walk/bicycle,No Vehicle,43,No,7,"['Paper', 'Glass', 'Metal']",232,rarely,1539
walk/bicycle,No Vehicle,99,Yes,1,['Glass'],231,never,1118
walk/bicycle,No Vehicle,37,No,3,"['Plastic', 'Glass']",229,never,1704
private,electric,6798,Sometimes,2,['Plastic'],62,never,697
public,No Vehicle,1010,No,6,[],187,very frequently,3014
public,No Vehicle,768,No,6,['Glass'],265,frequently,2428
private,electric,6787,Yes,3,"['Plastic', 'Glass']",90,rarely,953
private,diesel,9767,Sometimes,5,"['Paper', 'Plastic']",190,never,4418
private,lpg,9106,Sometimes,1,['Plastic'],85,very frequently,5285
private,hybrid,8260,Sometimes,5,"['Paper', 'Glass', 'Metal']",72,very frequently,4222
public,No Vehicle,1428,No,7,['Plastic'],281,never,1428
walk/bicycle,No Vehicle,85,No,6,"['Paper', 'Plastic', 'Glass']",60,frequently,2259
private,diesel,8042,Sometimes,1,['Glass'],139,never,2455
private,hybrid,3976,No,3,"['Paper', 'Glass']",92,rarely,1930
walk/bicycle,No Vehicle,39,Yes,2,"['Paper', 'Glass', 'Metal']",120,very frequently,2556
public,No Vehicle,156,No,2,"['Plastic', 'Metal']",275,frequently,1418
private,hybrid,2332,Sometimes,7,[],139,very frequently,2972
public,No Vehicle,1516,No,3,"['Paper', 'Metal']",115,never,1091
private,diesel,5017,Yes,7,"['Paper', 'Plastic', 'Glass']",110,very frequently,3271
walk/bicycle,No Vehicle,39,Sometimes,7,"['Paper', 'Plastic']",83,frequently,1696
walk/bicycle,No Vehicle,0,Sometimes,3,"['Plastic', 'Glass', 'Metal']",227,frequently,1845
public,No Vehicle,1463,Sometimes,4,"['Paper', 'Plastic']",154,very frequently,2377
private,lpg,7995,Sometimes,4,"['Paper', 'Glass', 'Metal']",198,frequently,3596
private,diesel,4860,Sometimes,2,"['Plastic', 'Metal']",150,rarely,2091
private,electric,5132,Sometimes,3,[],285,frequently,2225
private,petrol,5793,Sometimes,2,"['Paper', 'Glass', 'Metal']",54,frequently,3585
public,No Vehicle,1866,Sometimes,5,"['Glass', 'Metal']",52,never,1080
public,No Vehicle,1678,Sometimes,4,['Paper'],158,frequently,2231
walk/bicycle,No Vehicle,35,Yes,7,"['Plastic', 'Metal']",169,frequently,1874
public,No Vehicle,1016,Yes,4,['Glass'],150,very frequently,2491
walk/bicycle,No Vehicle,84,No,3,"['Paper', 'Plastic', 'Glass', 'Metal']",246,very frequently,2643
walk/bicycle,No Vehicle,73,No,1,[],210,very frequently,2708
public,No Vehicle,56,Sometimes,5,"['Paper', 'Glass']",124,very frequently,2716
private,hybrid,2451,No,7,"['Paper', 'Plastic', 'Metal']",246,never,2289
walk/bicycle,No Vehicle,86,Yes,4,"['Paper', 'Plastic', 'Glass', 'Metal']",142,very frequently,2005
public,No Vehicle,463,No,6,['Plastic'],60,very frequently,2298
private,lpg,3210,Yes,4,"['Paper', 'Glass', 'Metal']",72,frequently,2209
walk/bicycle,No Vehicle,95,Yes,4,['Plastic'],113,very frequently,2138
public,No Vehicle,305,Yes,3,"['Paper', 'Metal']",120,frequently,1962
walk/bicycle,No Vehicle,44,No,1,"['Paper', 'Metal']",191,very frequently,2854
walk/bicycle,No Vehicle,38,Yes,3,"['Plastic', 'Metal']",150,very frequently,1987
public,No Vehicle,301,Yes,6,['Metal'],282,rarely,1341
walk/bicycle,No Vehicle,50,Sometimes,5,"['Paper', 'Glass', 'Metal']",168,never,1621
public,No Vehicle,1824,No,5,['Paper'],68,very frequently,2898
private,hybrid,6343,Sometimes,5,"['Paper', 'Glass', 'Metal']",127,never,2387
walk/bicycle,No Vehicle,69,No,2,"['Paper', 'Plastic', 'Metal']",119,never,1281
private,lpg,1462,No,7,"['Paper', 'Glass', 'Metal']",159,very frequently,2941
walk/bicycle,No Vehicle,92,Yes,5,"['Paper', 'Metal']",68,rarely,831
walk/bicycle,No Vehicle,82,Sometimes,7,"['Paper', 'Metal']",238,rarely,1886
walk/bicycle,No Vehicle,78,No,3,"['Plastic', 'Metal']",104,frequently,2118
public,No Vehicle,1309,No,3,"['Plastic', 'Metal']",82,never,1275
private,lpg,7634,Sometimes,5,['Plastic'],124,rarely,3844
public,No Vehicle,747,Sometimes,4,['Metal'],258,frequently,2734
public,No Vehicle,1082,Sometimes,3,"['Paper', 'Plastic', 'Metal']",55,never,910
walk/bicycle,No Vehicle,14,Yes,7,[],117,rarely,2647
walk/bicycle,No Vehicle,3,Yes,2,"['Plastic', 'Glass', 'Metal']",198,never,1210
public,No Vehicle,86,Yes,1,['Metal'],127,very frequently,2436
walk/bicycle,No Vehicle,6,No,1,['Metal'],93,rarely,1369
public,No Vehicle,447,Yes,6,"['Paper', 'Plastic', 'Metal']",216,never,810
walk/bicycle,No Vehicle,11,Yes,3,"['Plastic', 'Metal']",173,very frequently,2443
public,No Vehicle,1101,Yes,4,['Paper'],50,frequently,1503
walk/bicycle,No Vehicle,72,Yes,6,"['Paper', 'Plastic', 'Metal']",128,very frequently,1748
walk/bicycle,No Vehicle,99,No,3,"['Paper', 'Glass']",144,very frequently,2225
private,electric,503,Yes,6,"['Paper', 'Plastic', 'Glass', 'Metal']",233,never,872
walk/bicycle,No Vehicle,30,No,7,"['Paper', 'Plastic', 'Glass']",121,very frequently,3760
public,No Vehicle,77,Sometimes,3,['Glass'],159,very frequently,2781
public,No Vehicle,615,Sometimes,7,"['Paper', 'Glass', 'Metal']",271,frequently,2498
public,No Vehicle,651,Sometimes,6,[],66,never,1422
public,No Vehicle,790,No,6,"['Paper', 'Plastic', 'Glass']",166,never,2185
private,hybrid,1786,Yes,3,[],177,very frequently,2461
walk/bicycle,No Vehicle,34,Sometimes,3,"['Paper', 'Plastic', 'Glass', 'Metal']",84,rarely,1447
private,petrol,6111,Sometimes,4,['Metal'],103,frequently,3863
walk/bicycle,No Vehicle,80,Yes,5,"['Plastic', 'Glass']",134,never,1298
public,No Vehicle,1967,No,5,"['Paper', 'Plastic', 'Metal']",258,rarely,1947
private,hybrid,1705,Yes,4,[],183,very frequently,3032
public,No Vehicle,219,Sometimes,7,"['Paper', 'Plastic', 'Metal']",134,never,1857
public,No Vehicle,444,No,4,"['Paper', 'Plastic']",59,very frequently,2819
private,petrol,8268,Sometimes,7,['Metal'],52,rarely,4812
private,electric,9028,Sometimes,5,"['Plastic', 'Metal']",87,never,1782
public,No Vehicle,1761,Sometimes,1,"['Paper', 'Plastic', 'Metal']",58,very frequently,1933
walk/bicycle,No Vehicle,89,Yes,3,"['Paper', 'Plastic', 'Glass']",259,never,1371
walk/bicycle,No Vehicle,62,Sometimes,3,"['Paper', 'Plastic', 'Metal']",282,rarely,1757
public,No Vehicle,1345,Yes,5,"['Paper', 'Plastic', 'Glass', 'Metal']",55,never,440
private,hybrid,4524,Yes,3,"['Paper', 'Plastic', 'Glass']",107,frequently,2519
walk/bicycle,No Vehicle,10,No,6,"['Paper', 'Glass', 'Metal']",114,very frequently,2282
walk/bicycle,No Vehicle,81,Yes,5,['Plastic'],120,very frequently,3263
walk/bicycle,No Vehicle,12,No,4,"['Paper', 'Plastic']",255,frequently,1511
public,No Vehicle,285,No,3,"['Paper', 'Glass', 'Metal']",196,never,978
walk/bicycle,No Vehicle,66,Sometimes,7,"['Paper', 'Plastic']",172,very frequently,3283
walk/bicycle,No Vehicle,95,Yes,4,"['Paper', 'Metal']",165,very frequently,3590
public,No Vehicle,1964,No,5,"['Plastic', 'Glass']",86,rarely,1659
public,No Vehicle,1271,Yes,1,"['Paper', 'Glass']",162,rarely,1349
walk/bicycle,No Vehicle,45,No,4,"['Paper', 'Glass']",161,frequently,2449
walk/bicycle,No Vehicle,88,Sometimes,7,"['Paper', 'Plastic', 'Glass']",92,very frequently,2178
public,No Vehicle,947,Yes,7,['Metal'],117,frequently,2495
public,No Vehicle,367,Yes,4,"['Paper', 'Plastic', 'Glass']",201,frequently,1791
private,diesel,1934,Yes,4,"['Plastic', 'Metal']",89,frequently,3441
walk/bicycle,No Vehicle,25,No,4,['Glass'],235,frequently,2597
private,hybrid,2453,Yes,7,"['Paper', 'Plastic', 'Metal']",229,rarely,2618
public,No Vehicle,1374,No,4,['Paper'],126,frequently,2544
public,No Vehicle,1624,No,7,['Glass'],140,frequently,2698
public,No Vehicle,662,Sometimes,5,['Metal'],175,never,2644
public,No Vehicle,95,Yes,3,"['Plastic', 'Metal']",283,frequently,1808
public,No Vehicle,1095,No,3,['Paper'],188,frequently,1814
public,No Vehicle,755,Yes,7,"['Paper', 'Plastic', 'Metal']",226,frequently,1412
walk/bicycle,No Vehicle,82,Sometimes,2,"['Glass', 'Metal']",55,rarely,1278
public,No Vehicle,421,Yes,3,"['Paper', 'Plastic']",120,rarely,2077
walk/bicycle,No Vehicle,78,Sometimes,3,[],118,frequently,1794
private,petrol,4482,Sometimes,5,[],89,rarely,2999
private,hybrid,268,Yes,5,[],230,never,2408
private,lpg,5316,Sometimes,3,"['Paper', 'Plastic']",234,frequently,3084
walk/bicycle,No Vehicle,96,Yes,5,"['Paper', 'Plastic', 'Metal']",298,very frequently,2377
private,petrol,8688,Sometimes,5,"['Paper', 'Metal']",179,rarely,4574
private,electric,9952,Sometimes,4,"['Plastic', 'Glass', 'Metal']",115,never,826
