Transport,Vehicle Type,Vehicle Monthly Distance Km,Energy efficiency,Waste Bag Weekly Count,Recycling,Monthly Grocery Bill,Frequency of Traveling by Air,CarbonEmission
1,0,210,0,4,2,230,0,2238
2,0,9,0,3,2,114,2,1892
0,5,2472,1,1,2,138,1,2595
2,0,74,1,3,6,157,2,1074
0,1,8457,2,1,10,266,3,4743
1,0,658,1,1,3,144,0,1647
0,3,5363,1,4,15,56,2,1832
2,0,54,0,3,7,59,3,2322
1,0,1376,2,3,1,200,0,2494
1,0,440,1,1,1,135,2,1178
1,0,1561,0,4,9,146,1,1427
2,0,69,1,5,15,111,3,3226
2,0,92,2,3,14,114,2,1593
0,4,2893,1,6,11,111,2,1732
1,0,1989,0,6,8,123,2,1743
1,0,692,0,6,6,225,3,2101
2,0,7,1,4,15,219,0,2609
1,0,948,2,6,10,104,2,1565
0,5,7622,1,2,15,126,3,5272
2,0,51,0,4,3,288,1,1220
0,2,2237,0,6,11,282,2,1300
1,0,1804,0,1,2,69,2,1024
2,0,85,1,3,6,110,1,706
0,1,472,2,4,4,165,0,2582
0,1,5737,2,1,5,62,3,4284
2,0,88,1,6,8,94,2,807
1,0,558,1,4,2,259,0,1991
1,0,752,1,3,14,67,2,1817
2,0,71,0,2,1,130,2,1490
1,0,1028,2,2,0,258,0,1561
1,0,1527,2,4,0,189,0,2202
2,0,88,1,5,15,262,0,2024
2,0,73,0,4,3,157,0,1659
0,4,8320,1,5,5,280,3,3911
2,0,72,2,6,0,121,1,1204
2,0,9,2,2,7,174,3,2431
2,0,60,1,2,12,173,0,1640
2,0,13,0,5,3,199,0,1648
2,0,32,1,6,0,94,2,1002
2,0,49,2,1,12,64,0,1771
1,0,1351,2,1,7,100,3,2028
1,0,1726,0,2,0,240,3,2540
1,0,1021,0,7,3,245,1,1386
2,0,62,1,5,14,270,2,1679
0,2,9488,2,5,1,294,3,3141
1,0,1037,0,4,9,87,3,2627
0,2,9555,2,2,3,209,1,1188
0,1,9031,2,5,12,124,1,3174
1,0,1461,1,7,2,276,0,2327
2,0,39,2,3,8,90,3,1822
0,1,5033,0,6,8,136,1,2665
1,0,1065,2,4,13,246,0,2129
1,0,927,2,5,4,94,2,1425
0,3,2277,1,1,3,253,0,1690
2,0,97,1,7,2,200,2,1717
0,4,7272,0,2,4,281,0,4060
0,5,5260,0,3,12,82,2,3262
1,0,1750,2,1,4,73,2,1674
0,3,2998,1,4,2,246,0,3135
0,4,9147,2,5,12,98,2,4465
1,0,1947,1,3,15,256,2,1984
0,4,4885,2,1,13,287,3,3246
2,0,20,0,4,6,63,0,1351
2,0,23,0,1,1,158,1,1929
2,0,34,2,5,15,241,0,2719
2,0,59,2,1,10,176,0,2336
1,0,682,1,6,1,189,1,1270
2,0,10,2,6,1,214,1,1803
2,0,10,1,1,4,264,3,1816
0,5,7964,0,1,9,213,1,4638
0,3,3606,1,3,13,281,2,1909
1,0,536,2,2,14,280,0,2021
1,0,1564,0,5,2,125,2,1896
2,0,78,0,4,10,188,0,1770
2,0,98,0,1,8,251,1,1323
1,0,1820,2,1,14,285,3,2269
1,0,243,2,4,11,234,1,1918
1,0,1586,2,7,8,91,3,2477
2,0,11,0,3,10,118,0,1444
2,0,72,1,5,7,75,1,1254
1,0,1157,0,5,1,134,1,1411
1,0,1380,0,4,12,282,1,1605
0,4,5765,0,5,10,110,1,3054
2,0,92,2,6,15,202,3,2902
0,4,7797,2,7,12,56,0,4301
2,0,50,2,3,14,223,3,2308
0,5,7629,0,1,11,202,0,4132
0,5,2367,0,3,3,114,0,2993
0,5,3960,2,1,9,141,0,3098
2,0,42,2,2,13,236,2,1364
0,4,6455,2,1,7,95,2,2941
2,0,41,1,4,10,249,0,1349
2,0,71,2,1,12,213,1,1038
2,0,39,0,7,12,81,1,1815
2,0,50,0,1,0,91,3,2566
0,2,8707,1,3,11,291,3,2439
0,4,167,2,2,13,70,3,2056
1,0,631,1,7,6,89,3,2299
1,0,194,1,6,13,121,2,1492
2,0,46,0,1,7,198,2,1692
2,0,37,2,3,10,234,0,2581
2,0,31,1,2,0,84,2,950
0,4,2880,1,5,7,182,1,1923
2,0,6,2,2,10,275,1,1751
2,0,40,1,6,1,228,3,2562
2,0,1,0,6,9,140,0,2456
1,0,1341,1,1,11,232,1,657
1,0,393,0,3,5,115,3,1758
1,0,191,1,4,12,157,0,2184
1,0,131,0,1,4,156,3,3009
0,1,1419,2,5,12,252,3,3748
0,2,9159,0,7,15,162,2,1122
0,3,8016,0,3,13,145,1,2810
2,0,87,0,3,14,214,1,1346
2,0,3,2,5,8,126,2,671
2,0,13,2,1,4,91,0,1695
2,0,74,0,3,13,205,1,810
0,3,7743,2,3,10,285,0,2768
1,0,993,1,7,7,178,1,1033
1,0,1997,0,4,7,236,2,2046
0,2,2721,0,6,0,286,2,2171
2,0,5,2,7,9,108,2,1312
1,0,941,0,1,13,76,2,1209
0,1,8815,1,2,2,270,0,4017
0,2,3276,0,1,6,146,2,877
0,3,3309,2,5,10,221,1,1856
0,3,2623,0,2,0,230,1,2197
0,1,7915,1,1,9,295,3,4281
0,4,8897,2,3,1,177,0,3480
2,0,19,1,1,3,189,1,953
0,2,3662,2,2,13,174,0,2046
0,5,611,1,6,11,193,1,2521
1,0,1431,2,6,10,238,3,3551
1,0,1978,2,3,9,101,1,1459
2,0,92,0,2,1,99,3,2492
2,0,82,0,1,0,50,0,2411
1,0,1851,2,7,7,71,3,2761
1,0,1224,1,3,13,232,2,1500
0,2,8219,1,5,1,247,1,1708
1,0,1390,0,4,2,222,1,1717
1,0,434,0,1,9,61,0,2135
0,3,7460,1,6,9,137,1,2042
2,0,15,1,1,5,157,2,1221
0,1,4686,0,2,7,174,3,3473
2,0,88,1,5,11,214,1,1378
2,0,40,2,2,8,214,3,2135
2,0,56,0,6,4,66,1,1464
2,0,14,2,6,13,123,3,2816
1,0,108,0,1,9,105,3,2210
0,2,5168,0,3,9,125,1,1552
0,5,672,0,3,8,280,0,2406
2,0,94,1,3,2,238,3,3004
0,5,3114,1,3,10,270,2,2540
0,4,7134,2,2,8,80,2,2424
0,1,8609,2,6,9,276,2,4000
1,0,852,0,1,5,210,1,1288
1,0,1673,2,6,3,270,2,2317
1,0,1564,2,7,11,152,3,2730
2,0,74,2,7,1,247,2,1371
0,5,2885,1,4,12,145,2,2349
0,5,8130,1,7,13,260,2,4536
1,0,228,0,3,11,283,3,2987
1,0,1162,1,4,5,277,1,1039
1,0,71,0,2,7,203,1,1036
0,1,6337,1,4,15,213,0,3620
1,0,1649,1,4,8,135,2,1009
0,1,6159,2,2,11,96,3,2895
0,1,9884,2,1,14,162,1,4294
0,3,4060,0,7,0,233,0,3429
2,0,68,2,7,4,262,2,1334
2,0,5,0,7,1,176,3,3697
1,0,702,1,4,2,176,2,1494
2,0,2,0,4,13,147,3,2779
2,0,42,0,1,11,83,2,993
1,0,274,1,5,14,205,1,1944
1,0,590,0,3,13,125,0,1474
0,1,84,2,1,15,145,0,1880
0,1,6908,2,3,15,236,0,3535
2,0,52,1,7,7,101,2,1644
0,4,121,1,2,3,77,0,1268
2,0,30,1,7,5,241,2,1529
1,0,1336,2,4,1,124,2,2076
2,0,89,1,4,1,82,1,1850
1,0,1412,1,6,8,262,1,1000
2,0,4,1,3,15,254,1,1485
1,0,1924,0,1,6,76,2,1139
2,0,64,0,2,6,207,1,682
0,2,8659,2,1,5,234,1,926
2,0,82,2,1,4,93,2,1037
2,0,31,0,4,4,76,3,1467
0,2,5230,1,3,11,67,2,914
1,0,450,0,4,9,101,0,1741
1,0,441,2,2,13,73,3,2742
0,4,6160,0,2,8,280,2,2988
2,0,35,1,4,12,85,0,2160
2,0,57,2,6,1,256,0,3098
2,0,7,1,3,7,193,3,2764
0,3,5469,0,4,9,145,0,2335
2,0,6,1,3,6,282,0,1462
1,0,21,1,3,3,133,0,2356
1,0,1127,0,1,7,232,2,1731
2,0,7,0,2,4,129,1,1162
0,2,6028,0,3,2,140,0,1884
0,4,1669,1,3,4,155,2,1505
1,0,1972,2,6,13,171,1,1252
1,0,684,0,6,12,274,1,1360
2,0,13,1,4,12,264,3,3824
0,4,8061,1,7,6,98,3,4580
0,4,2544,1,7,6,252,1,2833
2,0,46,2,1,3,256,2,1131
1,0,62,0,1,15,209,3,2382
0,2,4447,1,4,14,269,0,2649
0,1,4303,2,7,9,113,2,2706
0,4,3176,1,5,6,270,3,3045
0,1,7255,1,2,10,72,2,3134
2,0,62,0,7,10,101,3,3619
0,5,6254,2,6,11,196,3,5013
2,0,93,2,3,4,277,3,2443
2,0,86,1,3,6,91,1,488
1,0,357,1,7,4,97,2,2409
0,5,8725,1,7,13,244,3,7159
1,0,1753,2,5,10,108,3,2670
2,0,45,0,1,6,106,3,2321
1,0,292,1,5,10,103,2,1574
1,0,1739,2,6,8,220,3,2471
2,0,2,0,6,10,287,0,2541
2,0,38,2,3,7,123,3,2298
1,0,970,0,1,13,259,2,1445
0,4,8616,1,7,6,172,1,4240
1,0,635,2,3,5,227,3,2650
0,2,2914,0,1,3,161,1,1033
2,0,92,0,3,11,146,2,990
2,0,67,2,6,5,151,1,937
0,1,6972,0,5,13,244,0,3483
0,5,9812,0,3,8,193,3,6515
1,0,1057,0,7,8,255,3,2929
0,4,3295,0,1,12,125,2,2377
2,0,97,0,1,8,52,0,1252
0,2,9705,0,6,15,252,2,1874
0,1,3105,1,6,3,69,2,1579
2,0,6,1,1,4,139,1,974
2,0,34,2,2,5,242,3,2607
1,0,1328,0,2,5,224,0,2054
1,0,779,1,7,2,242,1,1662
1,0,913,2,4,10,193,2,1463
0,2,5464,0,1,6,79,2,1143
0,1,3912,1,6,15,222,1,2790
2,0,89,1,7,5,271,2,2629
0,3,4359,0,5,4,193,0,2338
0,1,7873,0,7,9,156,2,3984
1,0,374,1,2,3,168,2,1253
1,0,1218,0,1,1,175,2,1480
2,0,1,0,1,9,212,2,1556
1,0,638,2,7,15,101,1,1847
0,3,8641,1,4,12,296,2,2778
2,0,46,0,5,14,66,1,1828
0,3,2871,2,1,10,210,2,1684
1,0,978,2,1,7,189,3,3503
1,0,1585,0,1,0,225,3,2540
2,0,92,1,2,11,139,1,838
0,4,4197,0,4,11,217,3,3559
1,0,199,0,4,11,275,0,1237
1,0,732,1,4,5,81,0,1406
1,0,584,1,6,14,270,0,1812
1,0,476,1,4,7,219,3,2784
1,0,1507,1,4,0,207,3,2554
0,2,6915,1,5,4,131,2,1203
1,0,133,0,4,7,56,2,1167
2,0,9,2,1,5,184,2,1279
2,0,34,0,6,11,250,1,842
0,2,9359,2,2,8,85,3,2654
2,0,62,1,1,7,126,1,830
1,0,1681,0,3,0,297,2,1624
2,0,93,2,3,8,210,1,1439
2,0,56,0,1,0,245,3,2904
0,4,3509,1,7,2,293,3,4103
2,0,37,0,2,6,173,2,1060
0,4,6731,2,2,10,123,3,4203
1,0,1388,1,1,7,75,2,856
0,2,159,0,7,13,256,0,2433
0,5,7976,0,5,8,73,1,4483
1,0,1032,2,7,9,273,1,1661
1,0,1351,0,6,8,129,2,1484
1,0,436,2,2,15,65,3,2955
0,4,4595,2,4,2,231,2,2590
1,0,770,1,4,8,271,1,1166
1,0,1632,0,2,2,137,2,1742
1,0,69,1,5,0,54,2,1628
1,0,1876,0,4,0,219,1,2090
1,0,158,1,3,8,68,1,1327
1,0,838,2,6,0,289,0,2673
0,1,2723,0,7,12,76,2,2664
1,0,593,1,2,10,67,0,1239
0,5,4910,1,5,11,296,1,2991
2,0,61,1,7,12,244,2,1688
2,0,54,2,2,5,105,2,1563
0,1,4425,1,2,14,275,2,3127
2,0,85,2,6,14,83,3,4095
0,3,7434,2,6,6,162,2,2486
0,5,7258,0,1,5,209,0,5082
2,0,7,2,5,10,76,1,2160
2,0,74,0,3,9,72,0,2091
2,0,37,0,5,4,282,1,1696
0,2,1170,2,1,0,298,1,1009
0,3,6890,2,2,3,170,1,2134
1,0,506,2,4,2,234,2,2047
2,0,99,1,6,14,282,1,2190
0,2,1695,2,6,5,215,1,1177
0,2,5671,2,4,12,175,0,1814
0,2,8553,2,6,11,190,1,1284
1,0,1418,2,7,5,73,2,1839
1,0,382,1,3,7,214,2,1026
0,4,5005,2,6,7,127,1,2600
2,0,77,0,4,3,62,3,2189
1,0,194,1,2,15,199,2,1500
1,0,1446,1,6,8,256,0,1685
2,0,58,1,6,4,223,0,1914
0,3,7570,0,2,4,185,2,2845
0,3,8298,1,2,0,125,2,2152
0,2,3216,1,1,7,294,3,2577
0,4,9945,2,3,7,187,2,4220
1,0,499,2,6,11,155,1,1199
1,0,1426,1,3,6,277,0,1552
0,2,95,2,5,9,296,3,3294
0,1,1467,1,6,0,213,3,3243
1,0,1172,0,2,8,269,1,1675
1,0,1212,0,7,15,86,2,1304
2,0,99,0,6,9,228,3,2878
0,3,2787,2,2,5,243,1,1126
2,0,7,1,3,8,276,2,1489
0,2,3347,2,4,6,292,0,1954
1,0,1475,1,7,12,282,0,1957
1,0,1873,0,7,0,74,3,3778
1,0,1661,2,2,0,208,3,2069
1,0,774,0,2,8,260,0,2421
1,0,1043,0,2,2,294,3,2801
0,5,9006,1,4,5,52,0,5547
2,0,15,0,2,10,229,0,2343
1,0,1199,0,5,5,291,1,2232
2,0,20,0,2,9,184,0,2309
0,1,4058,0,3,3,131,2,2233
2,0,95,2,4,9,288,0,1419
2,0,71,2,5,9,192,0,2087
1,0,1603,0,5,0,175,3,2829
1,0,1595,1,2,2,64,3,3057
2,0,92,1,4,14,62,0,2337
2,0,80,0,3,0,56,0,1651
2,0,21,1,3,10,209,0,2214
2,0,31,0,3,12,136,0,1402
2,0,3,1,2,7,284,3,2317
0,2,2698,2,1,10,276,1,2027
0,2,1580,1,5,1,209,1,1543
0,4,5541,1,3,14,86,2,2522
0,5,7014,1,2,14,238,2,3996
1,0,1122,2,5,7,79,3,2673
0,5,1644,2,3,11,200,1,2235
1,0,1854,2,3,2,214,2,1378
2,0,72,2,6,5,59,3,2939
0,5,4383,1,2,13,235,3,4311
2,0,69,1,7,5,50,0,2107
0,5,5954,0,4,15,122,1,3419
0,1,9258,2,4,10,218,2,3713
0,2,2041,1,1,11,156,0,1484
0,2,2033,1,7,12,289,1,2517
1,0,1958,0,7,7,168,0,1890
2,0,58,1,5,15,242,0,3071
2,0,92,0,4,3,73,0,2073
2,0,93,2,1,9,145,3,2233
0,2,7926,0,5,15,214,1,1644
1,0,1988,0,7,9,117,3,2957
1,0,757,0,4,5,118,0,2278
0,3,8497,1,6,15,292,2,2813
2,0,62,0,4,12,162,0,1983
0,5,5323,1,3,1,209,2,2779
2,0,17,2,5,3,222,3,2212
1,0,5,2,2,15,181,3,2910
1,0,1997,2,1,7,74,2,1051
0,4,7153,1,7,2,120,0,5044
1,0,1301,2,2,9,163,1,1595
0,4,2864,1,7,7,264,0,3745
0,3,6029,1,3,7,252,2,3084
0,2,825,2,7,13,68,0,2280
1,0,660,2,6,1,177,3,3669
1,0,967,2,2,11,94,3,1724
1,0,1111,1,3,14,247,2,1695
1,0,884,0,4,5,144,3,2423
0,1,704,1,6,13,99,0,2130
0,3,2514,1,5,5,278,2,2224
0,5,3208,0,2,7,89,3,3058
1,0,1954,2,1,9,69,3,1994
2,0,92,2,6,12,62,1,1605
1,0,1438,1,4,6,110,2,1751
1,0,1923,1,7,4,223,0,2405
1,0,846,2,4,3,73,0,1941
2,0,65,1,5,12,248,2,2195
2,0,41,2,3,13,145,0,2106
1,0,635,1,4,6,216,2,2516
0,3,9842,1,4,14,255,1,2956
2,0,77,0,1,3,54,0,1678
0,5,7953,0,7,1,189,1,4357
2,0,48,0,3,0,216,0,2249
2,0,86,2,7,5,273,1,776
2,0,18,1,4,0,281,0,2794
2,0,65,1,5,14,171,1,1939
0,3,1844,0,6,3,158,0,2250
2,0,91,1,7,6,198,2,1155
1,0,1749,2,6,3,270,1,1203
0,4,4397,2,6,12,224,3,4031
1,0,1008,1,5,8,186,3,2364
2,0,19,2,5,6,122,3,2446
0,4,6419,1,6,11,158,0,4445
2,0,95,0,3,13,91,2,1202
2,0,8,2,5,13,186,0,1670
0,4,7008,0,4,2,272,3,5133
1,0,1601,0,7,2,90,3,2698
2,0,0,0,7,9,232,1,2092
0,2,1072,2,3,12,222,2,1086
1,0,695,0,6,5,229,3,2835
2,0,42,1,1,6,99,2,987
0,2,9316,2,3,1,238,2,1790
0,4,9507,0,5,12,54,3,6621
1,0,1635,2,7,6,191,0,1749
1,0,810,0,5,7,97,3,2721
0,1,1899,0,6,7,161,2,1900
1,0,103,0,5,3,259,0,1756
2,0,71,1,2,0,147,0,1449
2,0,86,1,1,11,212,2,1400
1,0,818,0,7,3,263,1,1441
0,4,4809,1,4,9,206,3,4031
2,0,92,1,3,0,209,2,1284
0,2,3610,0,2,9,236,0,1733
0,2,5696,1,4,10,110,2,1645
1,0,1795,1,3,6,123,1,1374
2,0,98,2,5,5,297,3,1674
1,0,1895,1,4,5,159,3,2811
1,0,1321,0,4,1,165,1,1007
1,0,824,0,1,4,274,0,1466
1,0,984,2,1,14,282,0,2173
2,0,95,0,6,14,212,0,2420
0,2,9746,0,5,8,80,2,1660
0,5,3315,2,6,5,204,3,3973
2,0,32,2,4,7,98,2,1387
0,5,7885,2,6,2,130,3,6810
2,0,51,0,1,11,59,0,1130
0,4,2916,0,5,5,276,1,2393
2,0,54,0,5,14,273,1,2038
1,0,1758,1,4,3,71,1,1652
1,0,1414,0,4,13,109,0,1475
1,0,479,1,5,15,127,1,1867
2,0,25,0,1,11,281,2,1467
1,0,575,1,6,10,108,2,1873
1,0,23,0,7,5,268,3,2212
1,0,1401,1,7,10,100,3,3044
1,0,197,1,5,15,112,1,1795
1,0,780,2,7,6,107,2,2059
2,0,22,1,4,9,226,0,1681
2,0,56,2,7,12,124,1,1624
1,0,57,1,6,3,159,3,2333
0,3,3805,2,2,10,233,3,3171
0,4,7958,1,6,12,144,1,3492
1,0,137,2,4,13,209,1,1526
2,0,82,2,3,0,118,2,1311
2,0,8,1,7,2,290,0,2570
1,0,298,2,2,6,299,0,2474
1,0,308,1,4,11,99,1,1404
0,4,8198,0,2,2,183,2,4612
1,0,1092,2,2,15,161,3,2911
2,0,20,2,4,5,54,3,2635
2,0,42,0,6,1,52,2,1735
1,0,854,2,5,8,118,3,3119
0,2,1401,2,2,6,120,2,766
0,4,4293,0,6,3,266,1,2297
0,1,5235,0,2,3,229,3,3670
2,0,42,2,6,6,122,3,2822
1,0,317,1,5,9,290,3,2486
1,0,762,1,6,6,244,0,1650
2,0,26,2,7,9,274,3,3202
2,0,99,0,3,8,211,2,1133
2,0,0,0,4,10,116,3,3289
2,0,70,2,5,10,282,3,2426
2,0,70,2,7,14,53,2,2795
0,4,1771,2,3,1,222,1,1608
1,0,1692,1,6,8,153,3,2438
1,0,909,1,6,7,286,1,1528
2,0,81,2,6,9,76,3,3211
0,4,8358,1,5,10,191,0,3941
2,0,67,1,4,7,254,3,2454
1,0,1862,0,5,13,226,0,2198
0,4,3800,1,7,5,266,2,2126
1,0,1287,1,5,8,207,2,1581
1,0,1320,2,1,4,137,0,2153
0,4,7468,0,7,3,95,2,4422
1,0,480,0,2,7,125,1,1667
1,0,1301,0,4,0,279,3,2768
2,0,50,2,5,11,64,0,1493
1,0,1598,2,2,1,183,0,1974
1,0,963,1,6,10,271,0,1783
2,0,3,1,3,7,139,3,2380
2,0,42,1,5,15,244,0,2324
0,4,732,0,7,4,159,2,2262
2,0,25,0,4,9,189,0,2173
0,4,196,0,4,12,187,1,1662
1,0,638,1,4,13,227,2,1781
2,0,50,2,2,1,144,0,2176
2,0,16,1,5,4,196,1,1731
0,3,5393,2,3,0,169,2,2303
2,0,83,1,5,12,123,1,2162
0,5,7749,1,5,3,247,3,6069
1,0,860,2,4,15,289,3,3811
2,0,65,1,2,10,207,1,1097
0,3,2761,2,3,9,295,3,2188
0,2,9445,0,5,7,299,3,3779
1,0,64,2,2,8,57,1,1179
0,2,6726,2,7,4,240,1,848
2,0,81,2,2,5,240,0,2239
2,0,54,1,4,13,82,2,1509
2,0,37,1,6,9,214,3,3058
2,0,18,0,3,4,275,3,1825
2,0,70,1,7,1,131,1,2034
1,0,203,2,7,0,123,3,1997
0,1,5287,2,4,12,190,2,2801
2,0,52,0,6,6,64,3,2753
1,0,1934,2,5,0,276,3,2912
2,0,69,0,2,7,243,1,1642
0,1,4306,0,5,10,136,1,2207
1,0,840,1,1,1,163,2,1283
2,0,53,1,5,14,263,1,1161
1,0,1935,0,3,11,194,3,2156
2,0,32,0,3,3,108,0,1639
0,1,555,2,7,15,271,3,2278
0,3,6898,1,2,15,91,3,2964
1,0,1643,1,1,11,243,1,1183
2,0,57,1,7,2,93,3,2274
1,0,1850,2,2,6,168,2,1544
1,0,1996,0,5,1,179,3,2404
0,1,5413,2,2,6,246,2,2108
2,0,6,1,1,4,231,3,2094
1,0,1727,2,7,1,198,1,1967
2,0,75,2,7,8,267,0,1750
0,5,5499,1,4,1,81,2,3800
0,4,8786,0,2,11,193,1,3266
1,0,1531,0,5,13,183,1,1704
2,0,50,0,7,2,94,1,1974
0,3,5310,2,1,14,296,2,2288
2,0,79,1,4,10,239,1,1397
1,0,1215,2,5,13,87,3,2336
0,3,8809,2,5,2,286,0,3799
2,0,46,0,6,6,117,3,2313
0,2,9285,0,6,9,296,1,1616
2,0,2,1,2,5,241,0,1353
0,3,9352,1,6,1,127,3,5015
0,2,8920,2,2,12,203,0,2179
2,0,25,1,7,13,58,0,1376
2,0,14,2,3,3,261,3,1752
0,5,5278,1,3,15,218,1,3312
2,0,75,1,3,11,192,0,2025
0,4,7148,2,7,2,194,0,3633
2,0,31,0,5,15,92,2,2445
1,0,2,1,2,5,147,0,1151
2,0,88,2,3,8,237,0,2080
1,0,342,0,3,9,274,2,1164
1,0,1962,0,3,4,270,2,1037
0,4,9014,2,3,6,244,3,3949
1,0,1557,0,4,11,267,2,1546
1,0,1537,0,1,7,121,2,1219
1,0,293,2,2,5,259,2,1304
0,3,6180,1,7,7,196,3,3958
2,0,61,2,1,6,54,2,851
2,0,11,2,6,11,63,0,1357
2,0,80,1,4,10,193,2,1869
0,1,8717,0,6,5,183,2,3635
1,0,1604,0,3,8,146,3,2279
0,3,9050,0,5,4,69,3,4851
2,0,86,2,7,9,168,1,1510
2,0,21,2,4,2,253,1,1447
0,3,1760,2,3,7,93,3,2105
1,0,631,1,3,3,270,2,891
1,0,755,0,1,10,170,1,1336
2,0,1,2,4,4,221,0,2207
0,4,6482,2,7,5,191,3,5918
2,0,76,2,3,0,80,2,1514
1,0,1795,0,4,13,100,0,2499
1,0,311,0,2,15,118,0,1632
1,0,1959,1,5,3,265,2,1826
2,0,52,1,5,1,235,1,1656
2,0,14,2,3,7,126,3,2418
1,0,649,1,4,13,155,1,1459
2,0,69,0,4,8,82,1,1874
2,0,29,0,1,12,92,1,1057
2,0,96,1,1,11,94,3,2782
2,0,50,0,7,11,98,1,1809
0,5,1614,2,3,12,184,3,2612
1,0,601,1,5,1,286,0,2866
0,4,4215,2,4,7,243,2,2578
1,0,1890,0,6,12,91,2,1322
1,0,909,1,1,1,92,3,2249
1,0,1046,0,5,9,230,3,3301
1,0,1394,0,7,9,105,3,2599
2,0,15,2,6,6,205,3,2741
0,4,6127,2,7,8,133,1,2467
2,0,98,0,4,5,151,1,1579
1,0,1372,2,7,0,57,1,2456
1,0,1978,1,7,12,251,3,2161
1,0,1108,2,7,1,113,1,1565
1,0,1957,0,2,11,138,2,2271
1,0,3,0,2,14,79,3,3439
1,0,415,0,6,7,64,0,2573
1,0,1818,2,4,14,291,2,1544
1,0,639,2,7,3,148,1,791
1,0,388,2,3,12,275,2,1264
1,0,804,0,7,11,289,0,3011
0,1,4084,0,3,6,84,1,2780
2,0,30,1,2,15,244,2,1273
1,0,1488,0,3,10,64,2,1332
1,0,447,2,5,15,179,2,1594
1,0,1476,0,7,9,263,2,2322
1,0,1368,1,4,9,268,1,1410
2,0,8,0,1,15,128,3,3159
1,0,1227,2,2,12,101,1,1159
1,0,1597,1,7,9,63,0,2970
1,0,574,2,7,7,66,1,1711
2,0,19,2,1,15,51,0,1211
2,0,73,1,2,0,222,0,1514
1,0,338,0,1,10,116,0,1649
1,0,1527,1,1,10,245,1,789
2,0,95,0,5,2,81,1,1280
2,0,69,1,5,10,173,1,1182
0,4,2266,2,3,12,260,2,2727
1,0,885,2,7,9,251,1,2299
2,0,56,0,5,14,129,2,1174
1,0,1370,1,6,5,71,2,1507
2,0,42,1,5,14,264,3,4158
2,0,5,2,1,5,281,1,1107
2,0,13,1,2,1,128,0,2048
0,3,3849,2,7,0,125,2,1423
2,0,50,1,7,8,130,3,3191
2,0,50,0,4,7,212,0,1846
2,0,3,0,7,6,270,3,2399
0,1,9445,1,3,14,220,2,3582
0,1,4197,0,2,9,210,3,3538
1,0,600,0,6,15,209,1,1622
0,3,1720,0,1,0,53,2,1387
1,0,1890,1,3,4,73,3,2262
0,5,601,1,4,3,53,3,2729
0,2,6894,2,7,0,53,3,2026
1,0,636,2,4,8,132,0,1802
1,0,1201,1,2,1,212,3,2761
2,0,48,2,3,6,240,2,976
0,2,5442,1,3,3,183,3,2522
1,0,236,2,4,7,295,0,2457
0,4,3388,0,3,3,222,3,3559
1,0,1084,1,2,11,102,0,1472
2,0,95,1,2,13,295,3,3060
0,1,5698,1,1,10,120,1,2790
1,0,780,1,7,1,56,2,1916
2,0,2,0,2,6,134,3,2809
2,0,75,2,6,4,111,2,1696
1,0,495,0,3,8,282,1,1648
2,0,95,1,2,10,186,2,1208
2,0,43,2,1,9,59,3,2439
0,3,6716,2,3,9,191,0,2999
1,0,1840,2,6,3,299,1,1471
1,0,1386,0,5,6,55,0,2471
0,1,3717,0,5,8,179,3,2899
2,0,71,1,1,13,71,3,2163
2,0,46,1,1,0,79,2,1182
2,0,85,0,7,15,162,0,2897
0,3,3745,2,1,14,292,0,2056
2,0,78,1,7,14,161,3,3026
1,0,1046,1,1,4,218,2,1084
0,1,9915,0,5,5,54,0,4122
0,1,1181,0,3,14,232,1,1888
0,4,4044,1,2,10,194,0,2960
2,0,1,1,7,7,91,2,1761
1,0,983,0,3,2,105,3,3168
0,2,5151,1,7,8,158,1,980
1,0,810,2,7,2,72,2,1557
0,2,5711,2,4,11,153,2,1523
0,3,4670,2,6,1,125,0,2551
0,3,6862,0,7,12,52,2,3198
0,5,8095,0,4,5,137,2,4960
2,0,18,1,4,10,74,3,2735
1,0,1780,0,2,11,80,3,1581
0,1,2764,2,1,13,232,1,1998
0,3,2061,1,4,12,120,1,1734
0,2,8886,0,3,14,268,3,2797
0,4,1703,0,7,4,151,2,2409
1,0,1479,2,5,4,257,3,2429
1,0,1751,0,6,0,242,0,2389
2,0,58,2,3,6,249,2,1906
2,0,6,0,2,14,68,3,1550
2,0,64,2,6,11,152,1,875
0,4,543,1,7,13,216,1,1574
2,0,20,1,3,12,246,2,1870
2,0,67,2,3,14,163,3,2123
2,0,52,2,5,4,61,3,1937
2,0,59,1,4,11,247,1,1332
0,3,7896,0,3,3,160,1,1559
2,0,78,1,3,6,238,0,1042
0,4,5270,1,1,3,140,2,3307
0,5,1312,2,2,7,281,0,2544
1,0,848,1,6,14,268,2,2384
1,0,718,1,4,12,292,0,1843
0,2,8798,2,6,12,97,0,2161
1,0,575,0,3,7,180,1,1517
1,0,1838,0,2,8,243,2,1324
1,0,1279,0,6,11,64,1,1348
0,5,9313,2,3,10,145,1,4257
2,0,41,0,2,14,193,3,3037
1,0,1282,2,5,9,140,1,1069
0,5,6938,0,6,11,237,3,5391
0,2,5140,2,7,9,236,1,1884
0,3,1545,0,3,2,174,2,1721
2,0,78,0,1,6,238,1,889
1,0,1483,1,4,2,280,3,2940
0,4,9964,2,5,4,275,3,4712
2,0,51,0,3,5,271,1,1346
2,0,13,2,6,4,189,2,1218
2,0,75,0,4,10,86,1,771
2,0,97,1,4,15,169,1,1339
1,0,94,2,3,5,208,2,1801
1,0,975,1,3,10,262,2,1484
2,0,4,1,6,13,156,0,1619
2,0,69,2,3,11,68,1,1027
0,5,3430,2,6,4,74,0,3169
0,4,7993,0,1,14,108,0,4042
0,1,4870,2,2,6,238,3,4631
2,0,21,2,6,14,241,0,2305
2,0,31,0,6,4,212,3,2951
2,0,89,2,5,8,53,2,1352
1,0,1417,2,3,3,204,3,2262
2,0,57,2,5,13,67,2,863
0,2,9123,2,4,15,62,0,2539
0,4,9070,0,7,8,151,3,6816
2,0,41,2,6,13,296,3,2928
2,0,2,2,6,7,200,2,1749
2,0,99,2,5,1,166,1,1145
1,0,1323,2,6,5,175,3,3454
0,1,274,2,1,14,189,2,2066
2,0,16,0,3,5,52,0,1062
0,4,8390,2,7,11,125,1,4260
0,1,3379,0,1,11,90,2,2128
2,0,98,1,4,8,195,2,1982
2,0,67,2,6,0,159,0,2186
2,0,51,0,5,1,255,3,3010
0,3,2215,2,4,4,208,1,1562
1,0,995,1,4,8,138,0,1568
2,0,82,1,4,6,105,1,790
1,0,1405,2,3,12,230,2,2566
0,2,9206,0,3,11,77,1,626
2,0,31,1,1,9,262,2,1501
0,5,5475,0,5,15,261,2,3612
2,0,82,2,7,8,65,3,2361
0,1,9663,1,3,8,246,2,4347
1,0,1436,1,1,10,119,0,2240
2,0,76,1,3,15,230,1,2045
1,0,1253,2,2,1,135,3,2677
2,0,65,1,6,1,141,0,1793
1,0,500,0,5,13,173,2,2313
2,0,43,1,3,6,180,1,996
0,1,5774,2,7,1,98,3,3222
0,2,2062,0,6,2,115,1,1523
1,0,18,2,5,10,273,2,2412
0,5,1741,1,6,2,198,1,3325
2,0,63,1,7,5,155,0,1910
0,1,5307,2,4,6,196,0,2673
1,0,1984,0,3,1,135,2,1644
0,1,7952,2,3,8,263,3,4496
2,0,93,2,5,15,55,2,1474
2,0,29,2,7,14,190,3,2761
0,3,2073,1,4,8,156,2,2011
0,2,9371,1,4,11,82,0,2209
2,0,7,1,4,12,77,1,1911
2,0,36,1,6,0,282,3,2551
2,0,35,0,2,14,101,1,1045
1,0,1787,0,3,9,205,3,3995
0,2,8250,2,4,11,149,3,2901
1,0,909,2,4,6,115,3,2958
1,0,356,0,4,7,135,1,1409
2,0,47,2,5,15,167,3,2511
0,1,6142,2,4,11,175,3,4173
1,0,1808,1,5,12,225,2,1809
1,0,1578,2,6,11,205,3,2850
0,2,3657,0,7,8,114,1,1466
2,0,92,0,4,12,148,3,2403
2,0,74,0,5,13,128,1,1045
1,0,120,0,4,3,128,2,1461
2,0,19,0,6,14,279,0,3290
1,0,521,2,6,15,106,3,2278
2,0,83,0,7,14,169,1,1443
1,0,501,1,6,2,285,3,2225
1,0,113,0,5,9,151,3,3071
1,0,654,1,1,8,130,1,1183
1,0,1733,2,4,2,228,0,1580
2,0,83,2,4,2,159,1,1386
1,0,707,2,2,3,209,2,1384
0,5,3756,2,6,13,155,0,3439
2,0,56,0,7,6,90,2,1103
0,5,7918,1,1,15,81,0,4286
0,1,4757,2,3,11,50,2,2272
0,1,4411,0,1,13,105,2,2482
2,0,62,1,4,2,173,1,1565
1,0,1,2,1,14,189,0,2144
2,0,28,2,3,6,178,3,2082
2,0,43,0,7,15,271,1,2129
0,2,5823,2,6,4,282,0,1644
2,0,8,1,2,11,267,2,1494
1,0,1271,2,4,11,231,0,1872
0,5,9845,1,6,2,111,1,4663
1,0,1157,2,7,9,148,1,2013
1,0,476,2,6,15,224,2,2164
1,0,482,0,6,5,84,0,2314
1,0,319,1,5,7,267,3,2610
2,0,50,1,1,11,189,3,2898
0,1,6395,0,2,3,54,0,3314
1,0,1195,2,5,4,163,0,1496
0,3,4288,1,6,4,216,3,3710
2,0,51,0,7,7,210,0,2464
1,0,62,2,3,15,256,2,1503
1,0,84,2,2,11,125,2,748
1,0,1267,0,1,11,69,1,1497
1,0,1920,1,2,1,51,3,2175
1,0,1022,2,6,11,298,2,1707
1,0,103,2,6,2,205,3,2163
0,2,6654,2,1,0,192,1,965
1,0,364,1,6,7,72,1,1463
2,0,77,1,4,3,70,0,1579
1,0,436,1,6,1,135,0,1890
1,0,808,1,5,10,57,3,2563
1,0,1299,1,5,13,156,2,2018
2,0,45,0,6,10,142,3,3317
2,0,0,1,3,7,249,0,1640
0,5,5203,1,7,0,202,2,4151
2,0,89,1,2,9,57,0,2212
1,0,1339,2,3,4,133,0,2211
1,0,655,1,6,8,225,0,2309
1,0,1705,2,5,3,85,2,1698
0,4,2498,2,7,3,161,2,2521
0,2,5145,1,4,8,211,0,1930
0,3,4595,2,4,8,166,0,1866
2,0,39,1,2,2,290,3,2923
2,0,0,1,7,12,234,0,2600
2,0,6,0,3,12,82,3,3128
2,0,2,2,7,8,230,2,1601
0,4,6434,0,7,4,246,3,4052
1,0,224,1,6,4,110,2,1890
0,5,3291,0,5,12,69,2,2627
1,0,983,1,7,15,282,1,2665
1,0,1218,0,4,2,285,2,1144
1,0,1505,2,4,4,54,0,2040
2,0,3,1,4,3,140,3,2217
0,1,189,2,2,1,101,3,2614
1,0,1749,0,7,0,296,3,3308
0,4,4037,2,7,6,95,0,2414
1,0,1747,2,4,12,52,1,1358
0,4,2376,0,1,12,279,0,3488
0,2,875,0,3,11,124,2,1283
1,0,1997,1,5,8,57,0,2199
1,0,1097,0,6,15,68,3,3894
2,0,58,1,7,0,286,2,2440
2,0,31,0,4,14,226,0,2547
2,0,60,1,6,10,259,1,1435
0,5,3709,2,3,7,52,1,2227
1,0,178,1,1,0,60,3,2342
1,0,1465,0,2,8,138,1,780
2,0,85,0,5,14,84,3,2300
2,0,26,2,3,1,203,0,1729
2,0,49,2,5,3,298,2,1323
1,0,578,1,2,10,225,3,2515
2,0,77,2,4,5,109,0,2393
1,0,1507,1,5,8,73,0,1285
0,3,75,1,1,10,141,0,2485
0,2,4749,1,5,2,242,0,2252
0,3,4592,1,7,1,171,0,2543
2,0,1,1,1,5,192,0,2092
0,5,2950,2,7,5,279,3,3772
2,0,98,0,1,7,64,3,3097
0,2,5517,2,4,3,257,3,2758
0,5,4424,2,4,4,276,1,3306
1,0,1916,1,2,11,150,0,1669
0,1,4333,2,2,8,112,3,3810
2,0,90,2,5,15,180,3,3099
0,2,1210,0,2,5,70,3,2461
2,0,97,1,1,9,52,0,1310
1,0,1099,1,4,13,244,2,1767
1,0,1934,0,6,7,280,1,1871
1,0,783,0,6,9,227,0,2230
2,0,46,0,5,15,189,2,2910
1,0,1250,0,4,14,196,3,2708
0,4,8105,2,5,2,255,0,4099
0,4,9007,2,1,10,109,2,3358
0,4,2349,2,6,12,229,2,1633
1,0,1671,0,4,9,288,3,2479
1,0,1330,1,2,13,204,3,2539
2,0,71,0,1,3,228,0,2158
2,0,6,1,6,6,122,3,2623
2,0,95,2,6,13,95,2,1589
1,0,645,0,4,15,137,1,1318
0,1,486,2,1,9,195,0,1894
2,0,0,1,6,3,188,3,2647
2,0,57,2,2,14,74,2,1581
1,0,575,2,5,12,94,0,1543
1,0,1483,1,4,0,110,2,1862
0,1,7545,1,5,13,271,0,3946
1,0,201,0,3,12,100,1,1878
1,0,468,2,7,10,291,1,1782
2,0,17,0,4,9,241,0,1653
2,0,51,0,5,0,151,3,1997
0,4,8722,1,6,0,91,3,5964
0,4,3972,2,7,2,194,1,2680
2,0,51,2,1,14,158,0,1559
2,0,27,0,3,13,281,2,2137
0,4,503,2,3,7,205,1,1232
1,0,362,2,2,2,135,1,1218
2,0,62,2,7,8,200,1,2218
0,4,9232,1,6,15,195,1,5064
0,4,3233,1,4,15,59,2,2633
0,4,6659,0,2,13,145,3,5502
2,0,86,0,7,3,156,0,2960
2,0,85,1,1,12,262,2,1156
1,0,1405,2,4,6,121,0,1877
2,0,5,0,4,13,233,2,2184
2,0,12,1,1,4,225,2,1009
1,0,459,1,4,1,112,2,1965
1,0,1748,1,3,0,130,1,1098
2,0,70,2,2,2,56,2,1152
0,3,2054,2,1,2,146,3,2751
0,2,5095,0,4,6,284,0,1674
0,2,3850,0,5,1,239,2,1961
1,0,1013,1,7,13,287,2,1447
2,0,92,0,7,6,52,2,1811
2,0,4,1,4,1,83,3,2476
1,0,894,0,2,8,193,3,2637
1,0,1393,0,7,9,268,0,3738
0,5,6239,2,3,0,90,2,4723
0,5,5278,1,6,12,146,0,5106
0,3,125,0,4,12,251,1,1268
1,0,1306,1,7,12,181,1,2135
0,2,4458,2,5,9,55,3,2310
2,0,49,0,5,2,247,2,1684
1,0,324,1,2,9,249,0,1941
0,2,9384,2,2,9,79,0,1861
2,0,34,1,5,4,253,1,1964
0,3,8101,2,3,4,239,2,3397
1,0,422,1,4,6,146,2,2717
2,0,73,1,3,6,172,2,698
0,1,463,0,2,15,120,3,2929
0,1,8107,1,6,7,216,3,4693
2,0,62,1,3,14,85,3,2618
1,0,955,1,6,11,105,2,2032
0,4,3470,2,4,15,205,3,4378
2,0,1,0,3,14,228,0,1978
2,0,96,2,1,13,82,3,1821
2,0,72,1,2,15,271,0,2114
2,0,50,1,4,7,269,2,1430
2,0,94,2,5,2,246,2,1879
2,0,0,0,5,8,115,1,1365
2,0,85,1,7,9,260,0,1786
1,0,714,1,1,10,189,2,1657
1,0,1047,2,6,5,152,1,1434
1,0,1276,0,5,8,226,3,2738
0,3,7656,1,5,12,87,3,4633
1,0,302,0,5,9,82,3,2808
2,0,76,1,5,8,96,2,1609
1,0,1693,0,6,13,230,0,2626
2,0,6,2,6,10,198,1,1908
2,0,4,2,6,0,134,3,3131
1,0,883,2,2,14,244,0,2255
1,0,1202,0,3,11,151,2,783
0,4,1536,1,5,2,73,1,1518
2,0,47,2,6,0,135,2,1692
1,0,541,0,7,14,119,3,4038
2,0,92,2,1,1,117,1,1417
0,4,3183,1,4,12,268,3,2509
0,2,6192,2,5,5,93,2,1103
2,0,68,1,3,6,276,3,2580
1,0,1688,1,4,2,94,2,1914
0,3,11,0,3,6,197,2,751
0,4,2119,1,2,15,162,2,2366
2,0,75,2,4,11,101,1,758
0,3,2180,2,4,15,92,2,1781
0,5,8931,2,4,5,62,3,5517
1,0,1490,0,6,13,228,1,2199
1,0,272,1,2,2,130,2,1204
0,5,5095,2,2,2,205,3,4320
1,0,1388,1,5,7,278,2,1622
1,0,1993,2,6,11,153,1,1347
2,0,23,1,7,6,179,0,1899
1,0,1785,1,6,5,161,2,1870
0,2,7557,0,4,8,173,2,1489
2,0,27,2,3,12,188,3,2210
1,0,1801,1,2,11,176,3,2749
1,0,1766,0,2,15,177,3,2861
2,0,79,2,7,9,70,3,2438
2,0,22,0,4,10,158,0,1872
1,0,1928,0,6,3,106,2,2001
2,0,50,0,6,14,105,2,1573
0,3,3162,0,3,6,100,3,2773
2,0,81,1,5,4,185,2,1765
2,0,69,0,3,9,297,0,1776
0,2,1919,1,3,14,102,1,2253
2,0,69,1,5,0,220,3,3498
1,0,819,1,4,11,143,0,2010
2,0,6,2,6,11,208,0,2299
2,0,92,0,7,15,106,0,2774
2,0,13,2,3,8,60,1,1755
2,0,69,0,3,14,76,0,2571
1,0,1024,0,2,10,233,2,1548
1,0,408,0,7,2,185,0,2538
1,0,1319,1,3,4,297,1,1281
0,4,7598,1,5,3,202,1,3590
1,0,1062,0,4,1,257,3,3320
2,0,12,0,1,5,272,1,738
2,0,19,1,7,1,274,3,3147
1,0,1004,2,1,1,148,0,2461
0,1,7363,2,1,15,178,2,3029
2,0,68,1,1,15,258,2,1739
2,0,55,1,6,4,263,2,1621
1,0,1785,1,1,1,193,2,1769
1,0,376,1,5,11,98,1,1151
1,0,1516,0,6,12,292,3,3180
2,0,65,0,6,5,105,2,1065
2,0,20,0,2,15,227,1,2280
2,0,98,0,5,5,136,0,2410
0,3,288,2,2,8,50,1,1042
0,3,4998,2,4,15,116,2,2386
0,1,1340,1,2,10,91,2,1414
1,0,1507,1,3,3,202,1,1024
2,0,38,0,2,10,114,0,1694
0,3,9798,0,6,3,240,2,3170
2,0,40,1,6,15,155,2,1833
2,0,19,1,4,7,267,3,2912
1,0,1386,0,7,9,110,1,2327
2,0,71,1,7,1,191,3,2124
1,0,1767,0,3,11,69,1,1483
2,0,24,2,3,7,289,0,1913
0,1,1658,2,3,4,57,0,2228
2,0,1,0,7,0,285,1,2283
2,0,55,0,5,9,272,3,2945
0,4,5964,1,4,15,87,0,3176
2,0,28,1,1,9,92,1,1236
0,3,7304,1,3,9,266,0,2693
2,0,28,1,1,3,234,0,1809
2,0,24,0,3,3,89,3,2055
1,0,658,1,1,8,279,0,1320
2,0,34,2,3,2,278,2,1344
2,0,80,0,1,7,288,2,1532
1,0,996,1,5,0,185,0,2306
1,0,1993,1,4,15,298,1,2430
2,0,80,0,4,6,124,2,846
0,5,6574,0,5,6,228,1,3263
2,0,2,2,6,6,235,3,2424
1,0,1697,2,5,12,80,1,1171
2,0,20,2,2,10,202,2,1289
0,4,8770,1,1,14,218,2,3716
1,0,111,2,7,7,145,3,2967
1,0,74,2,7,9,131,3,2457
2,0,41,0,6,13,204,1,2845
0,1,8194,2,6,3,163,3,4790
1,0,203,1,5,8,287,3,2179
0,4,5074,0,7,5,213,2,4622
2,0,20,2,1,14,233,1,1964
1,0,551,2,6,15,144,1,1351
2,0,86,1,4,11,245,2,1125
0,5,8922,2,4,11,150,0,7033
1,0,1412,2,1,1,154,2,1591
1,0,616,0,3,1,60,0,1711
1,0,998,1,3,6,73,0,1095
0,3,2791,0,5,14,182,3,3326
2,0,45,1,7,10,192,3,2127
0,1,6207,2,7,5,259,0,2929
1,0,1960,1,1,0,210,3,2161
0,5,1614,2,1,6,96,0,1952
0,2,5175,2,6,1,187,2,1650
1,0,952,0,7,7,84,2,1672
0,3,5738,1,3,8,132,2,2240
0,3,8317,1,6,10,141,2,3238
2,0,11,0,7,8,275,2,2045
2,0,52,2,6,7,269,3,2563
1,0,833,1,7,12,176,3,3094
1,0,452,1,4,9,55,0,1499
1,0,590,2,1,4,158,2,1171
1,0,1840,1,2,1,157,1,1814
0,4,1060,0,1,15,296,0,2376
0,3,5074,2,1,12,108,1,1818
1,0,1134,0,3,7,176,2,1559
0,2,1518,1,2,13,60,0,2458
1,0,1801,2,5,9,138,3,2646
1,0,1903,2,4,1,202,2,1447
1,0,770,2,4,3,60,1,971
2,0,0,2,4,2,185,0,1346
2,0,10,1,1,5,205,2,1514
0,3,2801,1,7,12,212,2,2738
0,1,8272,1,4,12,69,0,4981
2,0,85,0,7,8,81,3,2871
1,0,785,0,7,1,109,0,3062
0,2,9740,0,2,5,294,1,1041
1,0,434,1,3,7,217,0,1614
2,0,31,0,7,3,247,1,1243
1,0,1262,0,4,6,77,1,998
2,0,82,0,3,8,208,3,3383
1,0,324,0,3,10,200,2,1553
2,0,79,0,2,1,98,2,1255
0,5,4579,2,6,0,185,0,2839
2,0,9,1,3,14,203,2,1920
0,5,6734,0,6,1,292,1,4102
0,3,2226,2,3,10,134,2,1807
1,0,895,2,6,2,217,2,1550
1,0,1383,1,3,6,118,0,2033
2,0,8,1,5,1,84,2,1828
2,0,39,0,6,11,283,3,3053
2,0,57,2,1,11,265,2,1320
1,0,407,0,3,0,201,3,2109
0,3,414,2,4,14,265,2,1715
2,0,69,0,7,6,84,1,1124
0,3,6926,2,2,4,102,2,1939
1,0,361,0,2,5,249,1,888
1,0,1496,1,1,9,170,2,2379
2,0,59,0,6,6,75,0,1971
1,0,752,0,1,4,121,3,2268
0,1,8003,2,7,12,228,2,4299
0,3,5308,2,5,14,196,2,2297
1,0,235,0,5,4,121,2,1213
0,1,6512,1,1,5,227,0,4048
2,0,7,0,2,13,287,2,1950
1,0,1901,0,5,0,58,2,1149
1,0,1334,2,4,3,114,1,1365
0,2,6840,0,7,4,219,2,1966
2,0,70,1,2,14,57,3,1965
0,1,3371,1,6,3,133,3,3934
0,5,8669,1,5,13,183,1,4684
2,0,70,2,4,4,128,0,1564
1,0,98,2,5,15,281,0,2677
2,0,22,2,7,11,242,2,1101
2,0,96,0,4,14,208,3,3189
1,0,282,2,1,10,255,2,1279
0,5,4501,2,1,6,241,3,4878
1,0,1561,0,4,13,63,2,1547
0,3,7084,1,6,10,261,1,2398
0,3,2258,2,4,8,217,3,2717
0,3,8070,0,1,4,155,2,2671
2,0,37,2,7,14,234,1,1209
0,4,5123,2,1,13,151,3,3566
2,0,15,0,5,2,285,1,1737
2,0,5,1,4,0,143,2,1007
0,5,7584,2,5,4,168,0,4851
2,0,12,1,5,1,129,1,1459
0,4,3287,0,7,15,95,2,3073
1,0,1980,0,1,11,224,1,916
0,2,520,1,3,13,104,0,2214
0,5,353,1,3,12,221,2,1469
1,0,1002,0,1,4,172,0,1674
0,2,1059,0,6,11,185,1,1308
0,2,1454,2,1,13,290,1,1386
1,0,408,2,5,13,66,0,1663
0,1,42,0,3,6,60,3,1912
0,2,4955,0,5,6,225,0,1828
2,0,10,0,6,9,85,3,3346
0,4,2430,0,4,9,65,0,3340
1,0,840,2,5,9,83,0,2446
2,0,93,2,4,9,251,3,2300
0,1,5608,2,4,14,85,0,2859
2,0,39,1,2,7,235,0,1876
2,0,16,0,3,10,126,1,1335
1,0,426,2,6,6,279,1,1320
1,0,1234,0,1,10,184,0,2200
1,0,1489,1,5,11,185,2,1249
0,3,2583,2,5,2,79,3,3074
0,2,115,0,2,12,120,3,2509
2,0,53,1,4,11,112,3,2524
1,0,1555,1,4,15,114,1,1351
0,4,8169,2,6,7,271,2,4550
2,0,28,0,1,12,275,1,1440
1,0,505,2,2,9,253,1,1607
1,0,948,2,5,13,158,1,1560
1,0,712,1,1,0,247,1,675
0,2,3363,2,6,13,109,3,2971
2,0,49,1,1,5,271,1,1075
2,0,11,1,6,7,294,2,1528
0,5,9096,1,2,4,87,3,7226
0,1,8948,2,1,5,88,3,3495
2,0,43,2,2,15,91,2,1537
2,0,2,0,6,0,227,3,3189
0,5,9739,0,1,6,246,3,7337
1,0,546,1,5,5,162,0,2936
1,0,1316,2,4,11,170,0,2344
0,1,1212,0,1,6,97,2,2097
2,0,17,2,5,3,155,3,2760
0,4,7011,1,2,9,121,1,3131
1,0,1056,2,1,4,294,3,1960
0,2,7892,0,3,7,202,0,2349
1,0,657,2,2,10,275,1,1557
2,0,40,1,3,7,289,2,919
1,0,1191,1,1,3,246,1,952
0,2,2434,1,5,9,107,2,2057
0,2,8052,2,1,14,132,3,2415
0,1,740,1,1,1,222,0,2405
0,4,3370,0,2,9,286,2,2457
0,5,1041,1,2,9,133,1,1780
0,2,8941,0,4,9,82,1,1510
0,5,8541,1,4,8,156,0,4506
1,0,353,0,3,13,172,0,2584
2,0,65,0,1,9,66,0,1563
0,5,1904,0,4,9,259,3,4171
0,2,6819,2,4,15,76,0,2207
0,4,6673,0,4,9,91,1,2679
2,0,3,0,4,7,169,1,1213
1,0,245,0,4,11,296,0,2280
0,1,1589,1,7,0,257,2,1922
0,5,1047,0,7,11,152,1,2605
0,3,269,2,6,11,136,2,1605
0,5,8073,2,3,7,148,2,4185
2,0,60,1,7,14,154,0,3221
2,0,10,1,1,7,293,1,412
2,0,83,0,4,14,238,3,2919
0,5,6059,0,2,10,296,0,4078
0,3,7238,0,2,8,73,0,2589
0,3,7115,0,4,6,160,2,2515
0,2,8530,2,2,5,270,3,1948
2,0,6,2,6,5,276,1,2233
0,3,8874,0,4,2,122,1,2435
1,0,762,0,1,15,199,3,2867
1,0,263,2,2,11,202,1,1554
2,0,56,1,3,13,155,1,976
1,0,1218,2,2,15,258,1,1846
1,0,1190,2,4,0,94,1,1220
1,0,1340,1,4,13,245,3,2243
1,0,419,0,3,12,118,2,1792
0,2,8383,0,4,1,294,1,1484
2,0,51,1,1,0,71,2,1292
2,0,71,1,6,11,125,1,1858
0,3,4671,0,6,12,231,3,3571
0,2,3320,2,2,2,158,3,2599
1,0,144,1,2,7,84,3,2712
1,0,865,2,1,4,224,3,1965
0,4,185,1,1,1,73,0,1349
1,0,1059,2,5,10,290,3,3075
1,0,1943,1,7,9,202,1,2465
2,0,91,0,1,11,277,1,1309
1,0,1214,2,2,0,286,2,1345
1,0,421,2,7,10,235,0,1869
2,0,61,1,4,13,57,2,775
0,5,5642,2,3,8,247,2,3959
0,2,6428,2,1,6,91,3,2333
1,0,490,0,3,12,140,2,1137
0,2,1927,1,2,9,235,1,1599
2,0,60,1,1,1,52,0,1392
0,2,6181,2,7,5,66,2,1588
1,0,1134,0,2,13,109,3,2388
0,1,6441,0,3,12,82,2,3655
1,0,645,1,1,2,299,0,2369
1,0,15,0,7,12,252,1,1344
2,0,4,2,5,0,64,3,1792
2,0,53,1,3,14,141,3,3125
1,0,1387,2,2,3,236,0,2106
2,0,39,1,1,3,57,0,1309
0,2,3002,0,3,1,232,3,2415
2,0,71,0,4,8,203,0,2711
0,2,3175,1,1,0,258,2,1290
2,0,91,2,2,8,179,1,694
2,0,50,1,1,0,230,1,910
1,0,804,0,2,14,112,0,2485
0,3,3754,1,6,0,152,2,1757
1,0,25,2,7,5,249,3,2153
0,1,2635,0,1,0,160,1,2031
1,0,1427,0,6,1,56,2,1477
2,0,73,0,6,7,94,3,2085
2,0,88,1,6,5,193,2,1210
2,0,31,2,5,2,121,2,1898
1,0,1495,0,4,7,243,0,1785
0,5,9933,0,3,9,119,0,4824
0,3,8869,2,6,6,172,0,2281
0,5,3468,2,4,3,238,1,2416
1,0,916,0,5,1,166,1,1394
2,0,63,0,2,11,79,1,1308
2,0,25,1,1,8,118,1,878
1,0,1779,0,1,2,65,2,1293
0,5,9759,2,6,12,107,0,5424
1,0,1669,1,1,15,94,3,2600
2,0,2,1,5,5,278,1,1071
1,0,1292,0,1,1,79,0,1767
1,0,1011,2,6,2,267,0,2324
1,0,1182,2,6,3,294,3,3606
1,0,982,2,2,14,166,2,1683
0,3,4222,2,5,0,226,0,2262
1,0,1065,0,5,9,240,0,1942
2,0,83,0,6,7,253,3,1860
0,5,7598,0,6,15,56,1,4462
2,0,9,1,2,1,273,3,2031
2,0,7,2,4,3,266,0,1546
1,0,833,1,5,15,202,1,1475
0,1,4136,0,2,5,170,3,4105
2,0,20,2,5,15,178,1,1405
2,0,45,0,4,0,297,1,2070
1,0,853,0,2,14,88,3,2573
0,2,1388,1,4,0,80,1,1471
1,0,718,0,7,5,290,3,3427
2,0,43,1,3,3,238,2,1152
1,0,97,2,3,13,85,2,1165
1,0,1149,1,3,15,136,3,2682
0,4,4917,0,7,6,95,1,2634
0,1,3038,0,7,10,213,0,2541
2,0,16,0,4,8,254,2,1160
0,5,1657,0,2,13,298,2,2431
2,0,49,0,5,14,126,3,3685
2,0,65,1,6,6,76,0,2133
0,5,2439,0,3,10,95,3,2799
1,0,205,1,5,8,233,1,1682
2,0,20,0,1,8,168,0,1306
2,0,86,1,2,10,169,3,2006
1,0,149,2,6,10,190,0,3537
2,0,70,1,1,13,129,3,2993
0,1,9151,2,7,2,295,0,4359
2,0,92,2,4,15,188,3,2528
2,0,5,1,2,2,202,0,1851
1,0,1295,0,7,12,271,0,2388
1,0,1475,0,3,5,53,1,1409
0,4,1197,0,6,11,132,2,1890
1,0,1467,1,4,0,130,3,3110
0,4,1526,2,2,10,121,2,1373
0,2,4621,1,4,1,89,1,2029
0,4,3953,0,6,2,175,3,4064
2,0,60,1,1,15,59,1,973
2,0,68,2,2,4,88,0,1265
0,2,2184,0,6,1,213,2,2218
2,0,3,1,5,10,222,0,1727
1,0,1707,1,1,2,268,0,1865
0,1,1655,0,6,0,115,3,2500
0,1,5746,0,7,4,294,3,5098
1,0,1166,1,5,14,248,2,1674
0,3,1844,2,7,6,112,3,2011
2,0,66,1,7,10,100,3,2774
2,0,9,2,4,12,298,1,1101
0,4,8133,0,4,15,243,2,4372
1,0,1893,2,2,12,139,2,1686
2,0,59,0,7,9,232,3,2361
0,5,6388,1,3,15,170,0,4605
1,0,678,0,1,3,173,0,1841
0,1,4861,1,6,12,151,0,3459
0,2,1098,2,6,10,220,2,1352
0,1,8031,0,1,9,287,2,3340
0,4,3597,2,6,6,254,3,2906
2,0,27,0,5,15,204,2,1443
0,5,2019,2,5,8,114,3,2624
0,2,4880,0,1,15,118,2,1513
1,0,494,0,4,10,221,1,1141
1,0,787,0,4,8,93,2,1745
2,0,24,2,1,14,159,1,940
1,0,1529,1,2,9,204,0,2056
1,0,1088,0,5,14,272,3,2814
1,0,966,1,2,15,214,3,3006
0,4,6691,2,5,6,262,0,4065
2,0,49,1,7,1,227,3,3159
1,0,539,0,2,10,241,3,2978
0,4,2411,1,7,1,74,1,2292
0,2,5689,1,7,0,116,1,2253
1,0,421,1,7,2,162,0,2108
0,2,625,1,1,10,217,2,1605
2,0,63,0,7,2,269,0,2450
2,0,15,0,7,11,63,3,2691
1,0,1986,2,2,4,194,0,2713
2,0,37,1,5,2,245,3,3370
1,0,1824,0,7,4,106,1,1440
0,2,3102,0,3,0,88,2,1637
2,0,6,2,1,12,193,1,876
2,0,98,2,7,5,265,2,1973
1,0,723,0,6,4,82,3,2925
1,0,1763,2,4,8,54,2,1157
2,0,79,2,7,8,119,0,2249
0,4,8769,0,2,15,88,1,3406
1,0,1979,1,1,8,156,1,1478
2,0,48,0,2,12,228,0,2503
0,1,8909,2,4,2,266,2,3272
1,0,1657,0,5,15,101,1,1791
2,0,54,2,3,0,128,2,1751
2,0,45,2,5,9,296,1,1718
1,0,1016,0,4,10,108,0,1963
0,5,1999,1,3,4,294,3,4741
1,0,712,0,6,6,68,2,1323
1,0,1779,1,3,6,126,1,921
0,1,3215,1,6,10,65,1,1636
1,0,1624,0,3,14,118,1,1473
1,0,553,0,4,2,110,3,3007
2,0,93,2,6,8,203,3,3500
2,0,66,2,1,14,185,0,2496
1,0,1582,0,7,11,67,2,1352
0,5,7233,2,6,8,149,2,3764
0,1,1188,0,5,4,183,2,1102
1,0,1544,0,6,6,298,0,2337
1,0,1045,2,2,5,274,2,1341
0,4,9368,2,4,2,119,0,4656
2,0,95,1,4,13,104,2,1372
1,0,1105,0,2,7,92,2,1074
2,0,89,0,6,4,134,0,2047
0,3,7827,0,2,2,144,0,3630
2,0,23,1,5,12,291,2,2358
0,4,1300,2,5,9,159,3,3423
1,0,810,2,3,3,110,1,851
2,0,25,0,3,8,130,0,1628
2,0,62,2,5,0,56,0,1641
1,0,1634,0,4,2,133,2,2032
0,3,8366,2,6,4,261,0,3287
0,1,9901,1,1,7,149,2,4765
1,0,57,0,6,14,285,2,2233
0,4,9662,0,2,10,50,1,3314
0,2,4009,1,7,9,116,0,1937
1,0,1877,0,6,9,178,1,1487
2,0,20,0,6,14,88,0,1458
0,2,3438,1,6,13,117,0,1669
2,0,95,0,2,10,195,1,819
2,0,68,2,6,7,73,0,1155
1,0,801,2,3,13,187,1,942
2,0,61,1,3,3,241,1,710
0,5,343,0,1,12,280,0,2200
2,0,64,0,7,15,182,0,2206
1,0,1656,1,6,1,112,0,2497
2,0,92,0,1,13,299,3,2387
1,0,1062,0,2,7,67,1,535
1,0,1292,0,6,2,70,2,1922
2,0,10,2,4,6,58,0,1778
2,0,78,0,4,1,51,2,1854
2,0,74,1,2,9,175,0,2168
1,0,1342,1,6,15,164,3,2304
2,0,19,1,7,12,117,1,1657
2,0,66,1,1,1,159,2,1125
0,3,7585,0,5,5,67,1,2428
0,2,1762,1,7,8,234,1,1685
2,0,53,0,6,9,97,0,1831
2,0,14,2,1,9,172,3,3052
1,0,931,2,7,4,94,0,1725
1,0,149,1,4,12,228,3,3152
2,0,25,2,3,14,60,2,1067
0,3,1952,1,2,7,143,2,1497
0,3,932,1,6,1,134,3,2669
0,3,2924,2,2,7,97,3,2423
2,0,29,1,1,9,160,2,648
1,0,1574,0,6,13,162,2,2335
2,0,77,1,6,11,176,3,1787
2,0,62,1,6,15,281,0,2485
0,1,1884,1,4,10,275,1,1886
1,0,452,2,7,2,109,2,1666
1,0,1584,0,1,14,267,1,1439
1,0,1887,2,3,2,72,1,907
2,0,30,1,4,10,237,2,1253
0,4,7506,1,5,5,164,0,5533
1,0,719,0,3,2,180,3,1935
0,2,2671,1,2,3,65,2,1487
2,0,89,1,3,15,104,2,1541
1,0,401,2,6,15,86,2,2092
2,0,58,0,4,0,284,3,2638
2,0,56,0,4,8,207,3,2504
2,0,7,0,4,11,92,1,1115
0,1,2570,0,4,8,112,2,1283
1,0,900,0,3,15,152,3,2590
0,3,3439,0,1,3,298,2,2464
2,0,2,0,2,4,189,3,3015
1,0,1492,2,6,3,270,1,1144
1,0,39,0,3,6,139,3,2351
2,0,30,1,7,8,186,2,1689
0,3,4799,2,1,6,74,0,1732
2,0,51,1,3,13,205,2,1733
2,0,38,0,7,0,246,2,1305
1,0,919,0,1,14,277,1,1941
2,0,53,1,1,7,184,1,996
1,0,1324,1,6,2,58,2,1921
1,0,988,1,5,10,90,1,1916
2,0,33,2,4,11,51,0,2183
1,0,303,0,4,11,94,3,2315
2,0,74,0,7,0,182,3,2917
0,2,8747,1,5,9,136,2,1511
1,0,1146,2,4,10,264,1,1248
0,2,71,2,5,1,164,3,2899
0,2,2289,0,7,5,62,1,1340
1,0,259,0,3,15,54,1,1607
1,0,919,1,7,6,247,1,1255
2,0,53,1,6,0,292,1,494
0,2,4630,2,5,14,170,3,2591
0,3,8182,1,1,10,144,3,4019
1,0,1185,1,4,10,136,0,1830
1,0,1465,2,3,5,223,0,2069
0,1,85,0,2,4,133,0,1789
0,5,54,0,7,7,151,2,1568
2,0,21,2,4,0,146,0,2146
0,2,1552,2,1,5,251,2,1274
1,0,406,1,7,11,281,2,1425
1,0,1663,2,6,12,243,2,2178
1,0,1420,2,3,14,291,1,2114
0,2,9489,1,5,4,183,0,1610
1,0,920,2,4,13,222,3,3331
1,0,1079,0,7,11,191,0,2104
0,5,909,0,1,6,164,2,1819
1,0,1681,2,1,9,128,2,1355
1,0,1059,2,2,10,86,2,1626
1,0,1810,0,7,1,158,2,2223
1,0,1209,1,6,14,71,3,3423
2,0,12,1,6,7,263,3,2268
0,2,3182,1,7,8,189,0,2612
2,0,65,0,7,1,158,1,1300
2,0,80,2,5,11,269,2,1550
0,5,837,0,4,12,72,2,1824
2,0,0,0,2,1,79,1,1322
0,5,2317,1,3,15,216,1,2266
2,0,25,0,4,8,183,2,1347
2,0,26,2,4,0,145,0,2160
2,0,47,1,3,15,157,3,2670
2,0,73,2,7,5,250,2,1496
0,2,5898,2,3,0,205,2,1175
0,4,7691,2,1,15,176,2,3206
2,0,44,0,7,1,286,0,1978
0,3,4881,0,7,0,238,1,2432
2,0,78,1,4,8,59,2,1273
1,0,1257,1,2,13,140,2,1922
0,2,3010,2,7,2,286,2,1977
1,0,542,2,6,5,156,0,1657
1,0,19,2,4,1,115,3,2992
0,2,5119,2,5,11,258,1,1634
1,0,1553,0,5,12,224,2,2261
2,0,91,2,4,14,116,1,822
2,0,34,0,6,10,273,0,2665
0,3,21,2,5,13,266,1,1888
2,0,69,0,4,5,219,3,2692
1,0,1961,1,7,14,299,3,3152
2,0,27,1,3,10,285,1,1991
1,0,494,2,3,6,218,3,2482
2,0,43,1,5,10,66,1,1274
1,0,321,1,3,5,102,3,3436
1,0,84,1,5,9,115,2,1888
2,0,85,0,7,12,264,1,1568
0,2,1167,1,3,9,243,2,1508
2,0,48,1,2,6,76,2,1202
2,0,24,2,1,15,248,3,1813
1,0,253,2,4,3,118,3,2245
2,0,44,1,3,8,156,3,2867
2,0,56,2,1,4,179,1,1062
2,0,5,0,6,8,110,0,2592
2,0,2,2,3,7,191,3,2383
2,0,68,2,1,13,268,2,999
0,3,6423,2,7,4,144,3,3919
1,0,425,0,4,0,227,3,3067
2,0,79,2,2,12,272,3,2431
2,0,67,2,6,6,267,1,1283
2,0,45,2,4,3,198,3,2720
0,5,3634,1,2,12,129,1,2881
0,5,6218,1,3,5,76,1,3197
1,0,1303,0,5,8,270,3,2599
2,0,16,2,4,0,275,2,1735
1,0,1892,2,6,13,161,1,1641
1,0,626,2,1,13,74,0,1484
0,4,7733,0,3,15,101,3,4462
1,0,1606,1,4,0,173,3,3307
1,0,449,0,7,15,295,2,2212
2,0,94,2,3,1,85,0,2474
2,0,5,1,2,0,261,1,940
0,5,3522,0,1,15,70,2,3102
1,0,653,1,5,0,193,1,1661
0,4,9688,1,5,15,237,0,5224
0,5,6823,2,5,3,256,2,3721
2,0,69,0,6,15,128,3,3037
0,1,5837,1,7,2,227,2,3906
1,0,134,0,2,8,98,2,1784
1,0,1992,1,4,4,107,1,1622
2,0,38,1,7,11,186,2,2153
0,3,2800,1,4,6,204,2,1362
0,3,1178,1,3,3,262,0,2761
0,3,2582,1,6,13,169,0,1855
1,0,836,0,5,10,158,0,2378
1,0,884,1,3,15,126,3,3232
2,0,59,2,2,6,195,0,1362
0,5,3164,1,5,13,64,3,3364
1,0,1882,0,7,14,206,1,1914
0,4,8469,1,4,8,90,0,5035
1,0,992,0,3,2,62,3,2915
1,0,1732,0,6,9,61,2,1912
1,0,32,1,4,13,254,3,2670
2,0,75,2,6,14,157,2,2465
0,4,3280,1,3,11,72,3,3696
2,0,73,1,1,11,279,3,2488
1,0,230,1,1,1,286,1,1182
1,0,663,1,7,3,241,0,3050
1,0,92,2,6,10,184,0,2341
2,0,25,0,2,11,156,2,1301
0,1,609,1,5,14,111,1,1250
0,1,8766,0,1,14,210,0,3987
2,0,89,0,4,3,200,3,2048
2,0,66,1,5,2,107,2,1274
1,0,296,1,6,10,273,0,2855
0,3,3892,1,4,1,129,3,3475
2,0,54,1,2,0,61,3,2291
0,1,4135,0,7,3,265,0,3589
1,0,1922,0,7,6,242,1,1882
1,0,516,2,1,8,147,2,906
2,0,16,2,4,15,260,2,1732
1,0,795,0,1,5,278,2,1229
1,0,1394,0,6,5,227,0,3637
2,0,80,2,5,1,218,2,1733
1,0,605,1,7,0,141,3,3285
2,0,11,2,7,8,285,3,2628
1,0,549,0,2,2,188,3,3536
2,0,8,0,5,14,248,2,2300
2,0,78,0,3,2,158,2,1430
2,0,81,0,6,9,135,3,2391
0,5,4690,2,5,7,297,0,4105
1,0,253,2,6,8,248,2,1612
0,2,2419,1,7,11,172,3,3342
0,2,5544,2,4,7,183,0,1333
0,5,1645,2,2,2,245,3,2618
0,2,9246,0,5,8,77,3,3420
1,0,1540,2,1,4,155,2,1467
2,0,79,1,1,0,189,2,1843
2,0,84,1,2,12,100,1,1347
2,0,4,0,4,3,178,1,1075
0,2,7270,1,1,6,181,1,1244
2,0,56,2,2,14,61,3,2875
0,3,4588,1,3,0,187,1,1525
0,3,7843,0,1,6,202,3,4682
0,4,9503,2,5,10,89,1,3087
2,0,59,2,6,5,117,2,920
0,2,2171,0,7,3,276,3,2474
2,0,26,1,3,6,231,0,2614
1,0,198,0,1,11,285,2,1576
0,1,1414,2,7,11,56,0,2441
0,2,4443,2,4,3,164,1,1358
1,0,205,1,5,10,275,0,2998
1,0,893,1,3,5,103,3,2439
2,0,5,0,7,11,177,0,2776
2,0,59,2,3,11,53,1,1214
1,0,1220,2,2,6,101,3,2299
1,0,1932,1,5,6,189,1,898
2,0,34,0,4,4,238,1,1220
2,0,50,2,3,8,124,1,1040
1,0,932,1,7,9,198,2,2426
2,0,62,0,6,4,247,3,2509
1,0,895,0,7,13,178,1,1997
1,0,1607,2,5,9,111,0,2001
1,0,1702,0,2,7,205,2,1082
1,0,1584,0,5,11,291,0,2379
0,4,1200,2,7,4,146,3,2777
2,0,88,1,7,0,184,1,1624
0,3,1778,0,7,11,143,3,1926
1,0,520,1,3,11,267,3,2703
2,0,11,1,1,2,96,3,2159
1,0,1949,0,3,3,241,3,2952
1,0,1121,0,6,13,215,1,1891
2,0,63,0,5,13,191,2,1742
0,4,2301,1,6,7,65,1,1825
0,3,583,2,5,13,290,0,1647
1,0,228,0,5,11,135,0,1948
1,0,1490,2,1,4,234,2,1588
0,3,9663,0,3,2,253,0,3938
2,0,15,1,2,6,268,3,1730
2,0,30,0,2,7,250,3,3147
2,0,10,0,5,4,167,0,1618
1,0,442,0,2,9,63,0,2012
2,0,99,2,4,5,291,0,1848
2,0,95,1,6,9,212,0,2540
0,4,352,2,2,15,173,2,1691
1,0,821,1,4,0,250,2,1616
2,0,21,0,7,12,63,1,1907
2,0,39,2,6,15,141,3,2226
1,0,1055,0,7,6,53,2,1467
2,0,78,2,2,13,56,0,1968
1,0,403,1,5,12,122,1,1187
2,0,54,1,5,8,257,1,1155
0,4,4191,0,7,3,84,0,4492
1,0,913,2,4,11,59,3,1785
2,0,92,1,7,3,243,2,1751
1,0,684,0,6,12,125,2,1896
0,1,831,0,2,9,82,2,1409
1,0,835,0,6,4,275,0,2117
0,1,8311,0,2,2,265,0,3190
1,0,171,2,2,8,174,3,2274
0,3,3424,0,7,2,207,3,3425
2,0,19,2,2,5,85,2,1075
0,2,6873,2,2,3,56,2,1067
0,2,8676,0,2,14,152,3,2237
2,0,14,0,6,0,270,2,2707
1,0,336,0,6,10,116,0,1986
0,3,5284,2,2,14,108,0,3597
1,0,1690,0,3,6,259,0,1755
1,0,1128,0,7,10,94,2,2906
0,1,2988,2,5,11,137,2,1501
0,2,4999,1,5,7,251,2,1729
0,5,2236,0,3,15,284,1,2360
1,0,1682,1,1,12,111,0,1731
2,0,2,0,4,1,63,1,1980
2,0,35,0,1,2,249,1,1349
1,0,360,2,4,12,207,0,2396
1,0,371,2,2,11,77,3,2060
2,0,86,1,5,6,190,0,1463
2,0,71,0,2,15,263,0,1979
2,0,22,2,7,10,64,2,1775
1,0,1308,2,5,13,189,0,1824
1,0,851,2,1,12,199,1,867
0,5,7386,2,1,2,50,1,5360
0,5,3374,0,6,12,264,3,5034
2,0,58,0,4,4,68,2,1224
0,1,2035,0,7,13,52,0,1950
0,1,6365,0,2,6,274,2,2493
2,0,18,1,1,7,86,1,1127
0,2,5795,0,2,5,80,0,1791
0,4,1116,1,7,14,115,3,2309
2,0,13,0,1,6,84,3,2331
2,0,53,2,6,0,150,2,1933
2,0,13,2,4,13,51,2,1782
2,0,88,0,7,8,258,2,1746
0,4,7507,1,1,2,180,1,3939
0,3,1370,1,4,15,151,3,3251
1,0,25,1,4,10,208,0,1906
2,0,59,2,3,6,206,1,955
1,0,1480,2,4,3,86,1,1377
1,0,1568,1,1,14,256,1,1484
1,0,1704,2,7,9,64,2,1437
2,0,65,0,3,8,166,2,968
0,4,7450,2,2,10,116,0,4257
2,0,75,0,3,8,269,3,1881
1,0,981,1,3,10,55,3,2824
2,0,45,0,6,11,147,1,2010
1,0,1921,1,7,8,225,0,2567
0,2,9086,1,4,4,106,2,1593
0,4,5652,1,3,10,299,0,3767
1,0,999,1,3,1,147,1,1087
1,0,339,1,5,14,65,2,1625
0,2,2098,0,3,7,275,3,2487
2,0,12,1,6,7,137,0,1324
2,0,83,2,7,15,138,1,2371
1,0,1591,2,7,4,222,1,1257
0,5,960,2,5,0,112,3,3147
0,5,2089,0,7,0,118,2,2577
1,0,14,2,4,14,181,3,2689
1,0,65,1,4,0,245,2,1756
1,0,983,2,7,14,167,3,2781
0,3,504,0,4,4,66,0,2236
1,0,1417,2,6,1,237,1,1378
1,0,91,1,6,11,283,2,2439
0,2,1519,1,7,8,145,1,1119
1,0,1235,2,6,3,166,0,2141
1,0,1872,1,6,7,287,3,2443
1,0,589,1,7,1,234,1,1943
1,0,1244,0,2,10,233,2,1499
2,0,91,0,3,14,120,3,2727
2,0,19,2,7,3,193,1,1590
0,4,2369,1,2,7,243,2,1945
2,0,78,1,1,5,200,2,559
1,0,1869,1,6,3,60,1,1877
0,3,8524,2,4,1,282,3,4931
2,0,24,2,6,4,236,1,1304
1,0,753,2,4,3,158,0,1782
2,0,73,0,1,15,57,2,1783
2,0,57,1,4,6,284,1,601
1,0,809,0,5,0,101,1,1827
1,0,574,2,4,11,279,0,1455
2,0,86,1,5,5,111,3,2598
2,0,10,1,6,9,170,3,2089
0,3,2989,0,5,10,249,2,2036
0,5,8442,0,6,8,204,0,3959
1,0,799,1,6,3,282,1,2067
0,4,3538,1,3,4,206,3,3736
2,0,61,2,2,14,121,3,2462
0,4,8954,1,1,14,288,3,5390
1,0,1861,2,3,14,108,3,3126
1,0,1657,2,7,14,75,2,2440
1,0,1406,2,3,2,96,3,2567
2,0,81,0,2,6,175,3,2278
0,1,3297,0,2,14,191,1,1775
1,0,129,1,5,5,51,2,1386
1,0,1724,1,7,0,58,2,1591
0,5,710,0,2,11,192,3,3221
1,0,1101,2,4,10,192,0,2177
1,0,1973,2,7,8,264,3,2311
2,0,85,1,3,13,90,0,1503
1,0,290,2,5,10,230,1,2208
2,0,97,0,2,8,128,0,1329
2,0,47,2,3,6,144,1,1457
2,0,42,0,3,10,94,2,1601
2,0,1,1,2,2,153,0,1867
2,0,37,2,4,8,158,0,1895
0,5,5139,1,7,14,155,1,3230
2,0,31,1,4,1,85,0,2336
0,5,5020,2,3,8,97,1,3264
0,4,8931,1,3,0,134,1,3683
1,0,1676,0,6,10,246,1,1975
0,5,5222,0,4,8,160,0,3595
0,4,4819,2,1,7,193,3,2636
1,0,1817,0,2,8,89,3,1845
2,0,70,0,1,12,133,1,1140
0,5,2836,1,4,2,191,0,3855
0,2,7153,2,1,5,262,1,1404
2,0,54,2,1,7,165,3,2697
1,0,857,1,1,1,126,0,2047
1,0,381,2,3,4,259,0,1271
0,3,1523,1,2,2,100,2,2199
2,0,9,1,3,3,85,3,1925
0,5,8474,1,4,7,166,1,5072
1,0,1766,1,6,3,242,3,3490
1,0,1781,1,2,14,92,3,3204
2,0,93,2,5,13,87,1,560
0,3,9025,2,2,7,164,2,2894
1,0,79,1,3,4,137,1,1176
0,5,7908,1,7,3,292,1,5034
0,1,6338,0,2,0,201,1,3087
1,0,1935,2,2,4,210,3,2658
0,4,6848,1,3,3,67,1,3557
2,0,7,0,6,6,158,0,1264
2,0,91,0,2,1,102,2,1698
1,0,278,0,6,4,59,3,2572
2,0,98,2,5,1,289,1,2000
1,0,379,0,6,12,196,2,1998
0,2,9060,2,2,6,280,1,727
2,0,86,2,1,15,118,2,2107
2,0,65,1,7,2,205,1,1709
0,3,1633,2,5,1,91,1,2551
0,2,9649,1,5,12,166,0,2181
2,0,42,2,5,1,287,3,4082
2,0,86,0,1,13,72,3,2297
2,0,19,0,4,6,179,2,1168
0,2,4078,2,4,6,71,2,1505
1,0,1828,1,7,14,63,2,1881
2,0,72,0,3,9,97,0,1604
0,2,2071,0,3,9,93,0,2108
2,0,14,1,5,10,207,0,1883
1,0,1045,0,6,8,291,1,1022
2,0,92,1,7,6,55,3,2051
0,5,9910,2,3,14,165,1,4786
1,0,1247,2,1,13,185,1,1284
0,1,5191,2,5,2,150,1,2436
1,0,278,1,2,3,157,1,1150
0,4,1251,2,4,15,73,0,3077
2,0,52,2,6,0,169,2,2268
0,1,9087,0,5,5,266,0,4767
2,0,41,2,3,14,193,3,2823
1,0,1434,1,2,3,245,0,1620
2,0,66,0,3,3,210,2,1290
0,5,8711,0,3,4,243,0,5108
2,0,89,0,4,6,125,3,2799
1,0,634,0,1,11,163,2,1206
0,3,5885,1,2,10,56,1,2107
1,0,1317,1,1,12,87,2,1233
2,0,27,2,4,12,245,0,2140
0,4,4707,2,1,2,297,0,4005
0,5,6478,0,5,5,53,1,4070
1,0,1133,1,5,4,137,1,930
2,0,92,2,4,9,211,1,1674
0,2,658,0,4,5,253,2,1707
1,0,1275,0,2,10,205,0,2120
2,0,29,1,1,3,77,2,1009
0,4,4360,0,7,13,260,1,3152
1,0,1760,2,6,9,255,0,2160
0,2,6544,2,7,10,169,1,1761
1,0,1358,2,1,12,230,3,2777
0,2,4460,1,3,2,139,3,3070
2,0,3,2,4,14,235,0,2182
2,0,2,1,4,3,52,0,1712
2,0,61,2,6,10,134,2,2203
0,4,720,2,2,12,273,3,2902
2,0,17,0,4,6,53,2,788
2,0,73,1,4,7,50,0,2294
2,0,67,1,1,6,172,3,2464
0,2,4842,0,6,3,86,0,1979
2,0,18,0,2,2,88,1,866
1,0,863,2,7,6,193,1,1844
0,2,9989,1,4,7,209,2,1844
0,1,4335,0,2,13,230,0,2831
1,0,42,0,2,3,186,0,1789
2,0,13,2,6,0,267,0,2257
1,0,1993,1,5,4,65,2,1568
2,0,78,2,2,15,195,3,2204
2,0,68,0,1,13,121,2,1163
1,0,1183,1,5,12,51,1,1311
1,0,1343,0,4,4,56,0,1843
0,2,260,2,5,6,67,2,881
2,0,32,0,1,14,210,1,987
0,4,8805,1,3,3,158,2,3948
2,0,50,2,2,10,221,1,889
1,0,104,1,3,3,154,0,1331
2,0,23,0,3,10,250,3,2530
1,0,1484,1,4,3,87,2,1497
1,0,1443,1,7,11,80,1,958
1,0,115,1,3,2,175,3,2649
0,4,4598,0,1,8,239,0,3078
2,0,12,1,4,6,223,3,2808
2,0,93,2,3,7,151,3,2196
0,4,9339,1,1,14,284,0,4527
1,0,1710,0,4,0,164,0,1668
2,0,63,0,7,2,110,2,1475
0,4,2690,2,4,14,257,3,3365
0,1,8477,2,7,8,70,1,4021
0,4,7644,1,6,9,258,0,4028
2,0,37,0,7,10,76,1,1110
1,0,1979,0,4,8,106,0,2004
2,0,20,0,3,13,251,3,2346
0,5,5876,2,7,8,125,0,4926
0,1,8841,1,7,6,132,3,5571
2,0,48,2,4,1,167,3,2484
0,4,9439,2,3,6,274,3,6067
2,0,62,2,2,5,93,0,1556
2,0,49,0,1,8,215,2,1797
0,1,8956,2,5,12,161,1,3579
2,0,58,1,4,11,68,0,1522
1,0,572,0,7,1,61,3,2259
1,0,964,0,3,13,135,0,1699
1,0,1023,1,7,7,140,0,1994
1,0,280,2,5,8,118,1,1401
1,0,1499,1,5,7,106,0,2429
0,1,4250,1,5,12,156,2,3294
1,0,1005,1,5,5,269,0,2277
2,0,79,2,2,7,239,1,1274
2,0,58,2,4,7,127,1,513
2,0,50,0,5,3,200,0,1809
0,4,2742,0,7,9,256,1,2630
1,0,1309,2,3,9,189,1,1875
0,4,624,0,6,13,80,0,2647
0,2,4413,2,2,14,116,1,1084
2,0,87,2,1,8,238,3,2417
2,0,34,0,1,0,166,3,2458
1,0,1668,1,2,14,105,2,1645
1,0,474,1,6,4,288,3,2784
2,0,34,1,6,13,163,2,1494
0,2,3149,2,7,2,271,0,3130
0,2,7037,1,2,12,158,2,697
2,0,24,1,1,4,242,2,1111
1,0,354,2,1,1,199,2,1332
0,5,3199,0,5,7,267,2,2659
1,0,1028,1,6,11,52,1,1170
0,2,2200,1,7,5,158,1,1570
2,0,18,0,1,3,229,2,1312
0,2,9691,0,5,5,68,2,1656
2,0,10,2,1,8,254,3,1944
2,0,0,0,6,9,146,0,1947
2,0,4,2,7,6,267,0,2478
2,0,62,1,5,7,73,3,2793
0,2,6943,2,2,5,113,2,712
0,2,9543,1,1,10,147,3,1640
2,0,66,2,3,12,289,0,2085
2,0,11,1,3,8,211,3,3127
2,0,91,1,1,1,223,3,2828
2,0,0,2,2,10,147,0,1797
2,0,4,1,5,6,112,1,492
1,0,460,1,6,15,245,0,2293
1,0,953,0,3,5,207,1,939
0,5,5254,0,1,12,162,0,3786
1,0,1686,2,1,6,163,2,1054
1,0,81,1,6,3,148,2,1406
0,2,2157,0,4,14,170,1,1594
1,0,541,1,3,7,175,2,1777
0,5,6343,2,4,15,239,2,3508
1,0,673,1,3,15,97,2,1737
0,4,4098,1,7,15,120,0,3144
2,0,94,1,6,10,144,0,1607
1,0,1269,1,1,6,214,0,1320
0,2,783,1,5,9,128,2,1655
0,5,8096,1,5,6,186,1,4954
2,0,72,2,2,9,213,1,917
0,3,6134,2,4,14,57,2,2788
2,0,67,0,3,3,141,0,2005
2,0,56,2,7,8,121,2,1280
2,0,63,0,5,10,205,0,2341
2,0,1,2,5,3,136,3,2328
2,0,89,0,1,12,76,1,1361
1,0,920,1,4,13,165,1,945
1,0,762,1,1,6,142,1,1309
2,0,63,0,6,15,163,0,2219
0,5,7768,1,3,14,112,2,5128
1,0,360,2,3,11,77,2,1289
1,0,1305,0,6,8,180,0,2101
0,5,2737,2,4,0,75,0,2862
0,1,9777,0,6,3,163,0,5284
2,0,35,1,4,12,99,2,1805
0,4,9888,2,4,12,188,0,4578
1,0,985,0,7,15,298,3,3183
1,0,1913,2,3,15,215,1,1210
0,3,5268,2,4,1,237,3,4367
2,0,96,0,5,14,118,0,1824
2,0,69,1,3,3,211,2,1289
2,0,7,0,7,4,123,3,2924
0,3,3033,2,2,4,269,0,2017
0,4,6736,2,4,8,258,1,3226
2,0,33,2,1,1,170,0,2510
2,0,91,0,4,8,80,0,2125
1,0,811,1,6,2,145,2,2265
2,0,45,0,4,13,151,1,1790
0,2,3392,2,4,0,76,2,1283
0,4,304,1,4,3,113,3,2283
1,0,1784,1,7,13,192,0,2802
0,4,6637,2,4,12,295,2,4036
0,1,2721,0,7,9,242,1,3106
0,2,3540,0,2,8,77,0,2230
0,1,5772,1,1,15,99,0,3139
0,5,84,0,7,9,195,2,1962
0,2,2930,0,6,1,117,1,995
2,0,59,0,1,3,74,0,1513
0,1,4986,0,7,12,143,1,3592
1,0,1573,2,4,15,140,3,3025
0,2,357,2,3,1,178,3,2287
2,0,19,2,1,11,70,3,2092
2,0,85,1,6,11,110,3,2445
0,3,4087,1,5,3,240,0,3396
1,0,1849,1,6,3,163,2,1306
1,0,999,1,5,8,177,2,1341
2,0,24,0,2,12,185,0,2368
0,2,6420,0,2,8,244,2,1310
1,0,1345,1,6,4,96,0,2634
2,0,71,0,4,10,54,1,949
1,0,669,2,5,8,79,2,1448
1,0,678,0,1,8,230,2,1680
0,5,4269,2,2,7,231,1,3336
2,0,65,0,3,5,60,1,1243
0,4,353,2,4,13,61,0,1844
0,1,5959,1,6,14,175,2,3911
2,0,38,2,1,2,235,1,617
0,3,4532,0,4,10,145,1,2369
2,0,46,2,5,8,83,2,1362
1,0,15,1,1,9,83,3,1982
0,1,3152,2,1,3,260,0,2740
2,0,51,2,1,10,171,0,2189
0,4,9839,0,6,13,220,1,4083
0,3,8386,1,7,11,283,2,3056
2,0,14,2,5,15,251,2,2302
2,0,73,0,6,9,258,1,2848
1,0,1473,1,7,8,207,2,1894
1,0,869,0,5,12,127,3,4266
2,0,83,2,3,10,293,0,2126
0,5,1413,0,5,10,126,0,2957
1,0,519,0,4,8,157,3,2632
0,2,1835,2,2,11,54,1,992
2,0,96,0,5,7,252,0,1406
1,0,1049,1,5,12,138,3,3328
1,0,68,2,2,7,183,2,1087
1,0,535,0,6,3,104,0,2073
0,2,4320,2,6,8,200,0,1610
1,0,1706,0,1,10,220,2,1569
0,2,1718,2,2,8,126,2,794
2,0,47,2,4,11,187,2,1376
1,0,794,0,5,13,286,1,1651
1,0,104,1,5,1,202,3,2546
2,0,20,1,7,2,121,0,2023
0,5,6117,2,2,12,187,2,3380
0,4,1406,1,7,15,234,3,3050
1,0,582,2,4,14,189,0,2498
1,0,736,1,4,13,157,0,1926
1,0,1486,0,6,8,73,2,2453
0,2,6296,2,3,14,53,1,1452
0,1,4812,0,1,0,235,0,3286
0,4,7768,1,4,13,134,3,6170
0,3,1083,2,3,0,167,3,2307
0,1,2644,1,1,0,284,2,2395
1,0,952,0,6,12,66,1,1201
0,2,5209,1,3,0,181,2,1452
2,0,13,0,6,0,92,3,2238
2,0,40,2,7,14,71,3,3357
2,0,29,0,3,9,80,2,1576
1,0,512,0,7,15,129,0,2133
1,0,1742,2,2,5,260,2,1631
0,5,6364,2,5,7,295,2,3996
1,0,317,2,2,0,217,0,2616
0,3,6477,2,5,11,193,1,1765
1,0,709,0,1,12,198,1,1385
0,3,2188,1,6,12,221,0,2071
2,0,28,0,7,10,172,1,1735
1,0,1285,2,5,5,229,1,895
2,0,93,2,1,1,231,2,1041
1,0,980,2,6,10,297,1,1933
1,0,1514,1,5,8,237,3,2529
1,0,1145,0,1,5,224,2,1174
2,0,39,0,1,10,101,3,3080
0,3,320,2,4,3,71,3,1797
1,0,1852,1,4,15,178,1,1657
2,0,19,1,3,10,236,0,1747
1,0,412,2,6,10,127,3,3386
0,5,4413,2,3,12,92,1,2554
1,0,1407,1,7,5,256,1,2534
1,0,316,0,1,11,286,1,830
1,0,1844,1,1,2,137,3,2676
1,0,743,2,4,15,250,0,2364
2,0,67,0,5,5,259,0,2610
1,0,1231,2,4,2,177,3,2393
1,0,937,1,4,6,188,1,2141
2,0,25,2,5,2,148,2,2186
1,0,228,2,2,4,112,2,1339
0,3,6386,0,5,3,81,3,4046
0,4,62,2,6,0,73,3,2225
0,5,4689,1,7,10,292,0,4429
0,4,5739,0,4,5,110,2,2819
2,0,50,1,6,7,193,0,1724
1,0,445,1,3,10,92,1,1165
2,0,61,2,2,3,97,3,2377
2,0,8,1,6,5,267,0,1656
1,0,1646,0,7,7,217,0,2071
0,1,6640,2,6,1,244,3,5031
2,0,31,2,4,8,149,2,1204
1,0,529,1,3,4,262,0,2311
1,0,315,1,4,0,135,2,1366
2,0,19,0,2,10,219,1,1433
1,0,959,2,7,2,83,0,1802
0,2,9345,0,3,9,80,0,2658
2,0,92,1,7,8,83,1,1277
0,3,2129,2,2,2,87,2,1777
2,0,61,0,5,4,161,3,2627
2,0,84,0,7,4,270,2,2268
0,4,9940,1,5,12,277,0,5486
1,0,1406,2,4,15,229,0,1972
2,0,82,1,2,8,127,2,1239
0,3,5030,2,5,8,273,3,3251
0,1,668,1,5,8,170,3,2559
0,2,3573,1,2,2,106,3,2440
0,2,7189,1,4,7,51,1,746
0,1,7921,1,6,5,134,3,5093
0,1,4543,1,3,14,188,1,2647
0,2,7150,2,6,2,52,2,2379
0,4,9076,1,1,15,156,0,5065
1,0,728,1,4,6,229,3,2471
1,0,1846,0,4,12,262,1,1376
0,1,1297,0,6,9,157,3,3970
1,0,829,1,1,1,241,3,2770
2,0,55,0,7,1,137,1,1359
1,0,1883,0,7,14,107,3,3139
1,0,463,1,2,2,70,2,1471
1,0,1601,0,6,12,119,0,1615
1,0,30,1,3,11,96,1,1526
0,1,2136,0,7,15,299,2,3381
1,0,273,2,5,15,244,3,3184
2,0,81,1,7,2,115,3,3512
1,0,1295,1,7,15,205,3,3009
1,0,1947,2,1,15,266,1,1275
1,0,243,2,7,15,145,3,3007
2,0,0,1,2,6,131,0,1465
2,0,76,2,3,1,123,1,1822
1,0,922,1,6,15,171,2,1992
2,0,30,0,7,5,214,3,3294
1,0,396,2,5,14,141,2,1303
1,0,1894,0,5,1,103,2,1156
0,5,9787,0,4,12,98,0,4547
0,2,4211,2,3,11,123,0,1960
2,0,37,0,2,6,240,3,2624
0,2,4628,0,4,2,184,1,2020
1,0,1249,1,2,1,273,0,2873
0,1,5744,2,7,10,78,0,3891
2,0,18,0,4,3,78,1,1271
1,0,1958,2,1,12,117,2,1603
2,0,74,1,2,12,54,3,1760
2,0,36,2,6,2,217,0,2881
2,0,24,0,4,2,179,1,1939
2,0,77,1,2,4,266,0,2118
1,0,1402,2,5,6,265,0,1980
0,3,3051,1,4,0,214,1,1818
1,0,201,1,7,11,117,1,1632
1,0,1274,2,6,9,207,1,1764
2,0,95,0,1,15,248,1,1089
2,0,32,0,6,14,96,1,1753
1,0,481,0,5,3,233,0,3244
0,4,4431,0,2,0,183,0,3187
0,4,8288,1,2,9,179,0,3942
2,0,74,1,7,8,197,3,2502
2,0,12,1,6,11,181,1,1648
1,0,689,0,7,3,139,1,1617
1,0,1915,2,7,8,93,1,776
1,0,577,2,1,3,297,1,524
0,1,4673,1,2,14,273,0,4144
1,0,272,2,1,11,179,3,2478
0,3,3361,2,2,8,287,0,2619
2,0,15,2,5,10,80,0,1951
0,2,6754,0,5,7,156,2,1356
0,5,5485,1,1,7,182,3,3449
2,0,58,2,2,8,182,3,2336
1,0,1160,2,2,6,289,0,1713
1,0,1497,0,4,8,240,2,2055
2,0,70,2,5,7,105,1,1113
0,4,2750,1,3,3,295,3,4377
0,1,5220,2,4,2,128,2,2639
0,3,987,0,5,5,197,2,1612
0,5,1312,0,6,3,80,3,3636
2,0,11,2,4,15,237,0,2240
1,0,996,1,6,9,146,2,1348
2,0,75,2,2,11,160,0,1431
1,0,8,0,2,0,54,1,892
1,0,1047,2,6,2,255,3,3112
1,0,1433,1,5,8,295,3,2865
0,3,242,0,3,12,56,0,1907
0,5,9598,1,2,9,56,0,5677
1,0,1735,1,2,5,93,1,1272
0,3,867,1,5,6,298,1,1459
1,0,1091,2,6,11,216,0,3171
0,1,9169,1,2,0,68,2,3357
0,5,5286,2,1,14,206,3,4313
1,0,447,0,1,12,259,2,1762
1,0,189,2,5,0,132,2,2108
1,0,89,2,2,7,149,1,874
0,1,9025,1,4,2,67,0,4571
0,5,6946,2,6,7,87,0,3936
0,1,4007,2,6,7,298,3,4129
2,0,35,1,2,13,110,0,1717
0,2,2763,0,7,14,111,0,1895
0,4,9300,2,1,9,53,0,5635
2,0,67,0,3,13,214,1,1306
0,3,2555,2,7,1,163,1,1790
1,0,165,0,2,6,84,0,1772
2,0,53,1,4,12,74,1,1305
2,0,52,2,7,12,91,1,901
0,5,8728,0,4,3,210,1,4179
0,5,9686,2,7,1,53,3,6185
2,0,51,0,1,12,85,1,460
2,0,4,1,2,10,81,1,1165
0,3,6041,2,5,6,72,2,2186
0,1,792,1,6,12,168,2,2701
0,4,6179,0,6,6,57,3,5037
0,2,6458,1,5,8,66,3,1726
0,2,3657,0,3,3,94,1,796
2,0,25,0,6,3,51,0,1382
0,1,5201,2,3,11,255,0,3161
1,0,1110,2,5,12,112,1,1206
0,3,1354,2,2,1,162,2,2179
2,0,94,0,5,5,222,1,927
1,0,1617,0,3,14,84,1,1427
2,0,69,1,3,13,220,2,1310
0,5,9580,0,4,6,297,1,5229
0,2,1969,2,3,10,292,3,2851
0,1,2877,0,7,11,190,1,2210
0,5,9486,0,7,14,273,1,5302
0,4,6031,0,6,11,139,0,3157
2,0,84,0,3,15,86,2,1948
0,1,2772,1,3,9,241,0,2028
1,0,1360,0,7,14,194,1,1727
1,0,784,0,1,0,237,3,2175
0,4,615,0,1,5,153,2,762
1,0,693,1,2,13,133,3,2126
1,0,291,0,4,7,148,2,1680
0,3,943,2,3,5,83,3,2644
2,0,73,0,3,3,184,3,1809
1,0,70,2,4,4,186,1,1481
0,3,5196,2,6,12,219,1,2520
1,0,403,0,6,0,109,0,2051
2,0,7,0,3,13,102,0,1632
0,1,1078,1,2,5,151,3,2990
1,0,1550,2,6,11,134,3,2757
1,0,1610,0,5,10,174,3,3378
1,0,730,1,1,7,115,1,942
1,0,1779,1,4,5,281,1,1334
2,0,51,1,6,8,164,0,2423
0,3,4490,2,1,13,252,3,3225
0,1,1283,1,6,7,296,0,2675
0,5,8521,0,1,3,93,2,4796
1,0,1849,1,4,9,227,1,2274
2,0,58,2,5,2,294,3,3053
0,3,1896,0,6,12,125,1,2345
1,0,1932,1,5,1,151,3,2922
1,0,1527,0,5,15,146,2,1789
0,3,4688,1,1,15,275,3,3366
0,5,6843,2,2,9,279,3,4929
0,3,215,0,1,9,185,0,1989
2,0,39,2,1,10,136,2,922
1,0,772,0,5,6,87,3,2605
2,0,40,1,1,5,204,3,2148
0,2,7618,2,3,0,260,0,2290
2,0,72,0,7,0,161,1,1857
1,0,1951,1,5,10,228,2,1831
2,0,10,1,1,6,96,0,1276
2,0,29,1,7,10,262,2,1236
0,4,4791,2,6,11,75,1,2403
1,0,1515,1,4,9,146,0,1913
2,0,56,1,2,11,146,3,2164
1,0,1682,1,4,8,125,1,2150
2,0,70,2,7,5,118,2,1488
0,1,8537,0,5,4,173,1,3373
0,3,8666,1,1,5,63,3,3584
2,0,64,0,7,12,213,2,1936
2,0,45,1,7,12,65,2,2636
1,0,278,1,5,15,111,0,1560
1,0,1410,2,2,4,183,0,2080
1,0,1203,1,7,3,206,1,1315
1,0,769,1,5,13,220,0,2032
0,3,9331,1,3,1,179,2,3168
0,4,7981,1,5,14,180,2,3984
1,0,564,2,5,15,90,0,1666
2,0,34,1,3,13,210,1,1005
0,1,6585,2,6,10,165,2,4342
2,0,47,1,3,8,127,0,1985
1,0,1335,2,5,4,187,0,1495
1,0,1954,2,6,4,161,1,1623
0,5,6179,0,3,4,79,1,2578
0,1,8098,0,6,9,112,1,3942
2,0,27,2,5,5,179,0,1670
0,3,5877,2,7,11,143,3,4141
1,0,1582,0,1,9,257,1,1222
0,4,7686,2,4,10,103,3,4648
2,0,62,1,7,9,81,0,1663
1,0,764,1,6,15,117,2,1580
2,0,63,2,6,1,178,3,3504
1,0,1361,0,6,4,198,0,2588
0,2,4547,0,4,10,122,0,2871
2,0,97,0,4,9,260,3,3571
1,0,1346,2,7,1,99,2,1267
0,5,1669,1,4,3,122,3,2161
2,0,18,2,7,6,260,0,2558
2,0,11,2,1,3,251,1,306
0,1,887,2,5,2,68,3,3829
1,0,834,2,1,12,130,2,1610
0,1,3106,1,4,11,92,0,2956
0,1,2052,1,3,15,54,3,3907
1,0,360,0,3,15,101,3,2425
0,5,7023,1,7,10,247,2,4000
2,0,25,1,2,10,58,1,1204
0,3,1481,1,3,8,197,0,2637
0,4,2484,2,1,0,83,0,1733
1,0,1762,1,4,1,221,0,1857
2,0,27,1,5,1,212,0,2564
2,0,16,1,1,15,110,2,1892
2,0,26,0,1,12,87,2,1881
0,1,6020,1,5,14,218,3,6094
1,0,1395,1,2,8,211,0,2238
2,0,61,0,7,9,266,3,3833
2,0,75,1,4,0,229,1,1481
1,0,1365,0,3,7,288,3,2469
0,4,8299,1,2,4,73,1,3469
1,0,1062,0,1,6,196,1,749
2,0,45,1,7,9,153,0,1821
1,0,316,2,3,11,113,2,1164
1,0,1829,2,4,6,177,0,1555
2,0,12,1,6,7,282,2,2322
2,0,38,0,2,3,142,3,2378
0,2,4439,1,1,8,131,0,1926
0,3,7904,2,5,10,199,2,2665
1,0,1535,2,7,10,171,1,2510
2,0,28,0,5,10,232,0,1837
2,0,11,1,4,6,227,2,1437
2,0,56,2,7,11,277,0,2563
1,0,1844,0,5,8,210,0,2345
1,0,1131,0,3,15,226,1,1805
1,0,145,1,5,8,158,0,1643
1,0,672,0,6,0,279,0,2196
0,2,1637,1,7,14,298,1,2443
0,2,6893,0,3,14,234,0,1699
0,4,66,1,6,11,247,0,2145
1,0,1734,0,6,9,150,2,1632
2,0,38,1,6,11,110,0,2035
0,1,4733,2,1,0,221,3,4263
2,0,33,1,6,1,69,3,2926
1,0,2,1,6,13,129,3,2052
1,0,670,1,5,7,133,1,833
1,0,1370,1,4,7,56,0,2014
0,2,550,2,2,7,157,3,2475
2,0,75,1,3,4,203,1,1822
1,0,31,2,6,3,268,3,2967
0,4,5868,2,4,14,140,2,3098
0,2,9219,1,1,14,189,1,893
1,0,330,0,1,14,234,2,1456
2,0,85,1,1,14,127,3,2028
0,1,2267,0,2,10,168,3,2662
1,0,1713,1,6,14,154,1,1190
2,0,81,0,5,8,257,3,2197
0,1,5165,0,3,2,107,2,2534
0,5,7189,0,5,12,65,0,5158
2,0,88,1,5,10,222,1,1518
1,0,348,1,1,8,218,0,1376
0,3,8108,2,6,8,238,3,4202
0,1,5349,0,5,5,109,0,3693
2,0,52,1,1,15,136,2,1611
0,3,8930,1,7,15,250,3,4814
2,0,10,1,4,5,136,1,1151
0,2,8712,0,4,9,151,3,3392
0,5,3422,0,4,6,245,3,4080
1,0,1798,2,1,8,103,0,2158
0,1,6028,2,5,4,228,3,3758
2,0,2,2,6,12,155,1,1865
1,0,427,0,1,13,116,0,2325
2,0,34,0,2,14,85,0,1930
2,0,65,0,2,15,119,0,1910
0,1,8609,0,3,0,288,0,2779
1,0,164,2,1,14,60,0,1739
2,0,43,2,1,7,85,2,910
1,0,1449,2,3,14,152,1,1467
1,0,1849,2,5,10,278,2,2344
1,0,1921,2,7,5,95,2,1344
0,3,454,2,3,13,88,1,1851
2,0,0,1,1,15,268,3,2700
0,5,2752,0,2,5,155,1,1694
1,0,1065,2,7,4,244,1,2112
1,0,749,1,6,4,68,0,2098
2,0,58,1,5,3,87,3,2775
0,4,1071,1,1,14,130,1,1786
2,0,30,2,7,1,191,1,2437
0,2,7031,1,2,2,299,3,2780
0,4,4298,0,5,8,65,0,3006
0,4,7618,1,2,4,245,1,3114
0,4,8301,0,6,3,279,0,3727
1,0,1882,0,2,3,122,2,1302
1,0,207,2,6,11,248,3,2556
1,0,671,0,5,5,50,0,1956
2,0,46,2,1,0,239,1,734
2,0,66,0,3,2,77,0,2413
0,4,7523,0,4,11,107,3,4124
2,0,51,0,2,2,243,3,2759
2,0,96,1,3,9,213,0,1667
0,1,7757,0,4,13,72,0,2988
2,0,79,1,7,3,152,1,1690
0,1,3748,2,7,5,258,3,3791
0,5,3148,0,7,5,179,0,3630
0,5,5151,1,4,2,198,2,3341
2,0,84,2,7,11,182,0,2903
0,4,8585,2,7,1,58,1,3942
1,0,1113,0,1,15,296,0,2066
1,0,1238,2,2,5,66,3,2527
0,2,7677,0,5,4,73,3,2551
1,0,1176,0,5,1,211,1,1954
2,0,22,0,6,12,221,2,1451
1,0,1797,1,2,5,119,2,992
0,3,2456,0,3,7,240,1,1710
0,5,3229,2,1,9,261,3,4352
0,3,3294,2,3,14,149,1,2062
0,2,5409,2,5,4,178,3,1886
1,0,561,2,4,10,190,3,2321
0,1,9427,1,3,2,199,2,3781
0,2,131,1,4,0,177,0,1227
2,0,34,0,2,15,70,2,1481
2,0,93,0,2,14,237,1,1325
0,2,8843,1,1,6,89,3,1945
0,1,556,1,4,1,95,3,2812
1,0,1733,0,3,7,260,0,2213
1,0,49,1,7,11,68,1,1287
2,0,60,2,6,15,201,3,2603
1,0,284,1,7,5,85,3,2394
1,0,446,2,1,8,78,3,2292
0,3,5956,2,4,13,58,1,1707
2,0,17,0,6,9,94,3,2757
1,0,863,2,3,6,102,1,955
1,0,596,1,1,9,236,0,1684
0,3,3325,2,6,15,111,3,3149
1,0,235,2,3,1,170,0,1806
1,0,1952,0,1,11,195,2,782
1,0,1963,2,4,7,285,0,2485
0,4,3055,0,6,10,281,0,3412
0,1,8077,2,2,2,287,2,3509
0,5,2077,0,1,6,185,2,2626
0,2,5043,1,5,14,278,0,2268
2,0,69,2,2,8,278,2,1642
0,5,7179,1,6,0,249,1,3821
0,5,7186,0,5,7,60,2,3508
1,0,127,2,4,14,276,2,2229
2,0,79,1,3,6,285,0,2221
1,0,1649,2,2,1,158,1,1358
0,4,7486,0,5,1,77,3,4359
0,3,3604,0,1,15,107,2,1824
0,1,5037,2,2,8,172,0,2946
0,4,4071,1,5,15,105,2,2195
0,3,7430,0,5,15,132,2,3284
2,0,7,2,3,14,144,2,1246
2,0,14,1,7,8,135,2,1780
2,0,20,0,1,9,178,0,1551
1,0,1283,2,7,0,216,0,2809
2,0,92,0,2,2,244,3,2269
0,4,4989,0,1,2,151,2,2642
2,0,18,1,6,9,259,1,2009
2,0,54,2,3,14,241,0,2168
1,0,506,2,5,14,271,3,3114
2,0,52,1,1,10,178,1,1736
1,0,559,0,2,5,151,1,1180
1,0,1230,1,1,11,80,1,1107
1,0,737,2,5,4,281,3,2919
1,0,550,2,3,6,179,0,2539
2,0,71,2,7,0,150,3,3244
0,3,2041,0,2,12,110,1,1804
1,0,68,0,3,13,101,1,881
1,0,677,0,6,8,87,3,2857
0,1,2212,1,7,15,222,0,3319
2,0,39,0,6,4,118,2,926
0,4,3368,0,7,8,235,1,2042
1,0,1219,2,4,2,173,0,1920
0,1,3757,0,3,1,216,0,2451
1,0,552,2,2,0,97,3,2196
2,0,2,2,7,10,193,3,2929
0,4,5134,0,5,7,144,2,2714
0,4,1230,0,2,0,188,3,3088
1,0,377,1,2,10,270,1,895
0,1,1630,0,5,15,167,3,3231
0,2,3900,0,6,6,181,3,2312
1,0,165,2,7,1,99,2,1743
1,0,1100,1,4,4,143,2,1741
2,0,37,1,2,9,88,3,3309
1,0,1215,1,3,7,102,2,1177
2,0,8,0,7,9,149,0,1631
1,0,302,0,6,8,76,0,2524
1,0,1343,1,7,7,268,0,2167
0,4,9671,0,3,8,246,3,4922
0,1,6465,2,2,9,54,2,2328
1,0,647,2,1,6,158,1,940
0,1,421,1,2,8,94,0,1146
2,0,50,0,1,4,173,3,3287
2,0,16,2,4,2,124,0,1835
0,4,4276,1,6,7,86,3,3197
0,2,2218,2,1,1,174,0,1984
0,3,6994,1,4,0,185,2,2079
0,3,6883,1,3,4,296,3,3122
0,3,4737,2,7,11,87,0,2545
2,0,43,1,2,10,122,3,2620
0,2,5027,2,6,2,173,0,1799
0,5,5330,2,7,4,135,2,2813
0,3,7390,1,3,7,165,3,3040
1,0,1586,2,5,7,223,2,1327
1,0,224,1,7,0,85,3,2752
0,4,2929,2,6,2,263,2,2211
2,0,81,2,7,3,191,0,1589
2,0,61,2,5,10,224,3,2905
0,4,546,1,3,15,150,0,2594
1,0,1560,0,3,12,149,2,1515
1,0,560,0,6,9,144,1,2281
2,0,93,1,2,11,170,0,2003
2,0,39,0,6,7,198,0,1163
0,1,9745,0,1,13,128,3,4556
2,0,74,2,6,7,81,1,1417
1,0,1846,2,5,6,93,1,899
1,0,706,1,7,13,295,1,1221
2,0,21,0,3,10,119,3,2186
1,0,103,0,3,9,222,0,1538
2,0,52,1,7,15,298,1,2502
0,2,8797,2,7,3,52,1,1059
2,0,47,0,1,0,299,1,820
1,0,1967,1,4,5,92,2,1348
0,4,9980,1,7,15,273,2,5663
1,0,1232,0,5,0,62,2,904
2,0,51,2,5,4,231,0,3046
0,4,3192,2,4,1,146,2,2248
2,0,24,1,4,1,182,3,2436
2,0,50,1,4,1,181,3,3172
0,5,798,1,3,10,78,2,2401
1,0,409,1,1,4,140,2,1224
0,2,2389,2,5,7,229,1,1480
0,4,9773,1,2,9,82,0,4307
1,0,1328,2,2,4,284,1,1638
1,0,1478,2,4,11,155,1,1110
1,0,1308,0,3,6,245,3,2449
0,1,3310,1,4,9,230,3,3881
2,0,75,0,2,0,139,1,1576
1,0,1774,2,1,2,175,1,980
0,3,2910,0,3,15,95,0,2708
2,0,98,2,1,7,70,2,909
2,0,13,0,6,11,167,3,3690
1,0,1098,0,7,0,210,0,2416
2,0,0,2,7,6,294,1,1276
1,0,854,1,4,1,146,2,1499
2,0,85,0,3,1,140,3,3069
2,0,89,1,1,8,239,3,2696
0,3,7715,0,2,10,258,2,3432
2,0,59,1,2,7,108,1,763
2,0,51,0,5,8,291,2,1531
0,5,2553,2,3,12,188,2,3050
2,0,65,0,3,14,142,1,1988
1,0,274,1,4,3,69,3,1852
2,0,50,0,2,4,209,3,2296
1,0,219,0,7,14,58,0,1757
0,3,6510,2,6,3,231,0,2744
2,0,18,0,2,8,216,2,1985
1,0,1118,0,4,8,163,1,1275
1,0,1095,1,1,9,147,2,1586
2,0,23,2,4,3,217,2,1681
2,0,83,1,4,4,238,0,2230
2,0,20,0,7,0,251,0,3099
0,3,7285,1,1,12,60,1,1757
1,0,405,2,4,5,175,2,1532
0,5,6743,0,1,15,266,0,4416
2,0,8,1,6,8,114,2,1701
2,0,41,1,7,15,132,3,4194
1,0,1059,0,3,5,106,0,1634
2,0,49,0,2,1,108,2,1329
2,0,26,1,7,15,145,3,2901
1,0,1345,1,2,15,84,0,2536
2,0,93,0,4,10,171,3,3100
2,0,0,2,3,4,68,3,2180
2,0,63,0,6,11,275,1,1629
2,0,44,2,2,0,217,1,1493
0,5,1025,2,1,1,139,2,1543
1,0,265,2,1,13,141,0,1389
2,0,59,0,7,9,146,2,2118
2,0,60,1,6,4,221,0,2288
1,0,1906,2,5,2,198,0,2167
0,2,6798,1,5,7,296,0,2055
1,0,996,0,3,6,110,3,2618
0,1,3002,0,1,1,204,3,3468
2,0,34,0,2,14,108,1,1515
1,0,29,0,4,15,285,0,2747
1,0,525,0,4,2,98,1,1261
0,1,1298,2,6,9,122,1,2690
0,5,8881,2,7,10,282,2,4323
1,0,567,2,7,15,78,3,2978
1,0,673,0,1,9,74,0,1463
2,0,9,1,6,12,176,1,2181
1,0,970,0,1,14,228,2,1951
1,0,541,0,6,12,143,3,3080
0,3,49,0,4,0,86,3,2363
2,0,51,2,4,3,117,1,1408
2,0,80,0,4,1,165,0,1550
0,5,8741,2,1,7,223,1,4562
1,0,1863,1,7,9,57,3,3415
2,0,99,0,3,12,172,3,3114
2,0,23,2,7,13,292,3,2668
1,0,159,2,1,8,298,1,1242
1,0,287,2,4,3,134,3,2358
1,0,1539,0,6,1,244,3,3401
0,1,9828,0,7,0,122,3,4490
0,2,3457,2,1,0,153,3,1859
1,0,1792,0,2,6,236,2,1057
0,5,7934,0,3,4,202,2,4631
1,0,1312,2,2,14,79,1,1065
2,0,33,0,1,9,228,2,1094
0,1,9242,2,7,6,212,2,3085
2,0,75,1,6,6,239,3,2542
0,1,9704,2,4,8,166,1,2969
1,0,1204,0,1,14,161,1,1320
2,0,37,1,5,3,225,2,2155
0,1,7988,0,2,6,253,1,3641
1,0,882,0,4,13,295,3,3199
0,4,3194,1,6,9,107,2,2796
2,0,79,0,3,0,256,3,2654
1,0,675,2,2,11,203,1,1236
2,0,85,1,3,11,84,3,2233
1,0,648,1,5,2,179,2,2708
1,0,718,0,7,1,57,1,1184
1,0,393,2,5,11,154,1,1099
1,0,270,1,5,1,276,2,1526
1,0,1638,2,7,15,250,2,1870
2,0,35,2,6,12,184,1,1833
1,0,1423,1,4,5,179,3,3516
1,0,435,2,7,9,66,3,2333
2,0,25,2,5,1,50,2,2718
1,0,1950,0,3,0,130,2,1916
0,4,3654,1,5,0,213,2,2637
2,0,74,0,3,8,233,2,1126
2,0,72,1,1,13,297,2,1066
2,0,57,0,3,12,79,0,1855
0,4,370,0,1,13,139,0,2258
2,0,70,0,2,8,178,1,1385
0,4,8001,0,2,4,293,1,3201
2,0,22,2,7,0,64,3,2771
1,0,520,0,3,12,242,1,1331
0,2,8876,2,7,15,170,0,2608
2,0,44,1,4,3,155,1,1414
1,0,402,1,7,12,255,0,2339
1,0,1679,1,1,4,147,3,2783
0,1,7440,0,7,12,160,1,4039
0,4,678,2,7,3,85,3,3036
1,0,1319,0,7,15,188,2,1645
2,0,15,1,4,6,90,0,1553
2,0,6,1,6,2,259,0,2789
2,0,35,0,1,12,69,1,1023
0,5,6683,2,1,7,210,3,3624
2,0,36,2,5,5,147,3,2561
0,4,4195,2,3,10,79,1,2855
2,0,21,1,4,6,226,3,2267
1,0,1798,2,3,4,255,1,994
0,4,4562,1,7,6,59,0,3571
1,0,1006,2,1,15,178,2,1789
2,0,77,1,5,4,119,0,2170
0,3,4428,0,6,9,282,2,2751
1,0,1630,0,5,14,91,2,1470
0,3,9282,0,7,3,202,0,3199
0,4,7025,2,2,9,183,1,3443
2,0,1,1,7,11,299,3,3238
0,3,5321,0,4,11,88,2,2598
0,2,7423,1,2,14,89,1,1479
2,0,55,1,3,7,273,2,977
1,0,87,1,3,10,104,0,1589
0,2,4373,0,2,5,176,2,1184
0,3,7576,1,7,13,256,1,2514
2,0,5,0,7,5,122,2,2056
2,0,76,1,7,11,211,3,2546
0,1,2468,0,7,0,260,2,2334
0,4,8542,0,1,9,187,0,4131
2,0,53,0,1,8,259,0,1857
0,2,9970,1,6,4,209,2,2127
1,0,118,1,2,14,126,0,1738
0,4,6040,2,3,14,152,1,2779
1,0,1202,2,4,14,168,3,4219
0,4,1943,2,7,11,142,0,2966
2,0,95,1,6,2,95,1,1417
2,0,70,1,7,13,111,3,3444
2,0,63,0,4,7,61,0,1641
0,5,2132,2,5,3,183,3,2886
2,0,91,1,7,15,152,1,2537
0,5,185,2,2,7,117,2,572
0,5,3674,2,4,4,163,0,4285
0,2,7643,0,5,12,181,2,1837
2,0,7,1,4,8,236,3,3280
0,4,3237,1,3,6,109,3,2721
1,0,1254,0,6,6,211,0,3095
2,0,98,2,2,4,72,3,2537
0,4,8451,1,7,1,264,0,5247
2,0,84,1,3,12,75,3,2601
1,0,1396,0,5,4,157,0,1895
1,0,1703,2,2,2,165,0,2189
0,3,1439,2,1,9,242,2,1089
2,0,30,1,2,0,53,1,1109
1,0,378,0,3,7,164,1,1328
2,0,92,1,3,9,171,2,2298
1,0,1007,0,7,10,205,2,1986
2,0,63,1,4,3,284,1,1381
2,0,60,1,7,7,233,1,1764
0,4,5498,0,7,1,65,3,4658
0,4,8858,1,6,4,67,1,3875
1,0,879,1,3,11,54,1,1536
0,3,8590,1,5,15,143,1,3191
0,3,911,1,3,10,273,3,3129
2,0,35,1,6,9,247,2,2294
1,0,1096,1,5,10,125,3,2273
2,0,43,0,2,7,197,0,1266
1,0,1491,0,3,7,159,0,2578
2,0,7,2,2,12,93,2,1513
0,3,5132,1,7,13,132,1,2445
2,0,94,0,2,2,233,0,1771
1,0,30,1,1,13,159,1,1335
2,0,56,2,7,13,204,2,808
0,4,9734,2,7,12,252,3,5444
0,2,1092,2,6,6,245,2,2052
0,5,9363,1,4,11,160,0,5425
2,0,27,1,5,4,220,1,1100
2,0,24,2,3,12,187,3,2053
0,2,4407,2,7,10,176,3,2922
1,0,1468,2,3,9,292,1,2160
0,1,5098,0,5,10,234,3,4963
0,4,4055,1,1,11,61,2,2207
0,5,352,1,5,13,71,2,1073
0,2,4273,1,6,1,212,2,2177
2,0,7,2,4,1,56,0,1613
0,4,1769,2,7,10,169,0,2519
2,0,43,0,4,10,123,2,1786
0,4,6372,2,7,1,142,2,3529
1,0,1251,0,6,7,126,1,1311
0,1,6063,2,7,13,138,2,2819
0,3,8744,1,7,13,138,0,3404
0,4,1574,1,5,1,260,1,1721
1,0,1672,0,3,8,156,3,2188
2,0,98,2,2,15,291,1,1802
0,1,7287,0,6,9,165,0,3613
2,0,29,0,7,8,190,0,2186
0,3,508,2,6,3,56,3,2676
0,2,1995,1,3,11,75,2,1183
0,4,1800,0,3,7,173,3,3579
2,0,98,0,7,14,85,0,1915
2,0,22,2,4,10,55,0,2370
0,5,3913,1,6,10,238,3,5238
2,0,44,0,1,14,184,1,1022
1,0,1598,0,1,2,243,1,1074
0,5,5677,0,2,2,104,0,4385
2,0,83,0,7,6,267,1,1618
0,2,667,0,4,4,121,1,1499
0,1,7330,2,5,5,286,3,3780
2,0,0,0,2,9,184,2,1873
2,0,66,2,7,11,262,0,2272
2,0,27,2,3,4,86,1,1599
1,0,1981,1,1,10,227,0,2310
0,1,5743,1,3,8,60,2,2817
1,0,1338,1,3,5,267,0,2091
2,0,90,0,2,14,139,0,2143
1,0,1182,0,5,15,181,3,3689
1,0,347,2,3,2,279,3,2133
1,0,1286,0,4,0,122,2,1458
0,1,2948,1,4,7,281,1,1903
2,0,53,2,7,3,200,1,1594
0,3,2677,1,2,13,60,1,1594
1,0,626,0,6,3,244,0,1755
1,0,726,2,7,0,102,3,3399
1,0,48,2,3,10,197,0,1567
0,3,6711,1,3,10,117,2,2344
2,0,46,2,6,8,71,3,2790
2,0,88,2,5,9,91,0,2067
2,0,85,0,4,10,180,2,2118
2,0,82,0,5,3,278,0,2791
1,0,1972,1,7,13,262,0,2798
1,0,1080,2,3,15,69,3,2861
0,4,9670,2,2,5,69,3,5411
2,0,32,1,2,2,120,3,2310
2,0,99,1,1,1,105,3,2349
2,0,85,2,5,4,284,1,1302
0,3,9996,2,1,0,243,3,3538
0,2,6992,1,1,6,118,2,752
2,0,72,2,2,2,289,0,2160
0,1,4202,2,2,2,139,0,2799
0,4,5546,1,7,2,280,1,3804
1,0,1277,2,4,15,259,0,2214
2,0,65,0,7,15,206,1,2166
2,0,93,0,3,9,51,0,1966
1,0,263,0,2,11,238,1,1524
0,1,8347,0,4,8,174,1,2789
1,0,1376,0,3,10,173,3,2499
2,0,0,0,1,3,224,1,1687
1,0,870,0,4,15,55,1,1450
0,3,8216,1,7,6,152,2,2534
0,5,3627,0,6,11,70,3,2930
2,0,86,0,6,5,142,1,1194
1,0,376,0,5,5,295,0,2354
1,0,820,2,7,10,223,3,2852
0,3,4411,0,7,2,235,2,2992
2,0,68,1,1,8,61,0,1472
1,0,1777,0,3,0,276,2,1043
1,0,1300,1,3,15,127,3,3671
0,1,5513,2,3,6,122,1,2774
1,0,644,0,1,9,233,2,1587
2,0,94,2,6,15,118,1,2467
0,5,6804,1,6,2,157,2,4231
2,0,54,1,4,2,110,2,1922
2,0,49,1,3,8,296,2,1506
2,0,53,1,1,9,123,3,2534
0,3,695,2,3,14,144,0,2005
0,5,1652,0,7,5,191,1,1537
0,3,8271,0,7,3,284,2,2943
1,0,1961,0,2,3,124,1,1414
0,4,885,1,1,14,75,3,3147
2,0,93,0,5,0,236,0,1505
0,4,5415,0,3,3,183,1,2796
1,0,390,1,6,12,133,1,2321
2,0,64,0,1,5,250,0,1396
1,0,30,1,1,6,162,2,1284
0,2,1776,0,2,14,115,0,2238
1,0,815,1,6,9,80,3,3218
0,5,217,2,6,14,242,0,3142
0,1,9469,2,3,12,144,2,5462
2,0,77,1,5,8,188,3,2357
1,0,1669,0,7,6,213,3,2465
2,0,94,1,3,2,251,3,2881
1,0,847,1,5,12,157,0,2432
0,2,6811,1,1,4,65,3,2725
0,3,779,1,7,13,225,3,3464
2,0,85,1,7,1,164,3,3475
2,0,76,2,5,4,102,2,1279
0,5,1992,2,4,2,131,3,3265
2,0,15,1,4,4,170,3,2434
2,0,35,1,6,9,133,2,2142
2,0,1,2,1,14,189,2,1593
2,0,60,1,5,9,66,3,1850
2,0,69,2,7,11,164,3,2077
0,3,5914,0,5,2,240,2,2837
1,0,733,2,1,10,92,0,1279
2,0,47,0,5,5,203,0,1586
1,0,605,2,4,4,112,2,1609
1,0,614,0,4,0,118,3,2552
2,0,49,1,5,8,243,0,1778
1,0,1669,1,6,9,241,2,1991
2,0,40,2,6,3,106,2,1687
1,0,378,1,1,8,177,2,586
2,0,66,0,3,13,146,2,1403
2,0,48,0,4,4,70,2,1263
0,5,6066,2,5,12,171,2,3685
0,4,5869,1,3,4,169,0,3537
1,0,586,1,6,2,221,0,2826
0,4,8886,0,3,11,296,3,4545
2,0,73,2,7,10,179,0,2998
1,0,1416,0,4,10,166,1,1423
0,2,574,2,3,13,72,0,1000
2,0,23,0,6,4,182,1,1968
1,0,1256,1,6,8,107,1,759
2,0,24,0,5,0,158,0,1955
0,2,6393,1,6,3,244,0,1543
2,0,91,1,4,15,299,2,1888
2,0,65,0,3,7,282,1,1382
2,0,57,2,3,11,118,1,1476
1,0,1077,2,2,3,240,1,1083
2,0,88,0,1,9,217,3,2098
2,0,26,2,3,3,274,3,2375
2,0,4,1,7,15,100,3,3153
0,5,599,0,3,2,107,2,1534
1,0,1560,0,5,2,263,2,2230
0,1,8667,2,4,15,188,2,2890
2,0,44,2,5,9,280,0,2348
2,0,50,0,1,6,59,3,1511
1,0,1155,0,1,9,152,3,2937
1,0,1927,1,5,3,241,0,2464
1,0,1225,0,2,13,215,0,2183
2,0,97,0,6,5,88,3,2259
1,0,774,1,5,3,90,3,2269
0,1,7684,2,5,8,170,2,3747
2,0,30,2,7,5,113,0,2167
2,0,27,2,3,3,200,2,1829
0,5,5781,2,6,0,81,0,4933
0,2,7427,0,4,11,174,0,2369
0,1,3436,0,6,5,229,3,4040
1,0,1197,1,3,2,253,3,2794
0,3,6130,1,7,11,54,1,2617
1,0,952,1,5,13,135,1,1948
0,2,5351,1,2,11,118,0,1374
1,0,233,0,1,15,202,0,1438
1,0,1960,2,5,13,276,2,1877
1,0,465,1,4,0,172,0,2262
2,0,23,2,7,6,290,2,1250
0,3,8052,1,7,9,199,3,3589
1,0,1934,2,4,4,240,0,2053
2,0,61,2,3,1,193,0,1630
0,1,8304,0,6,0,62,0,4464
1,0,1529,0,2,15,172,0,2449
1,0,1878,0,7,13,188,0,2107
1,0,438,1,4,8,283,2,699
0,2,9872,0,7,4,204,2,1052
0,1,6741,0,4,5,254,3,5005
0,5,1568,0,6,9,257,1,2450
1,0,866,1,6,11,178,1,1539
0,1,4240,0,5,15,150,0,3831
2,0,24,1,2,0,104,3,2556
1,0,1550,1,5,5,92,2,2317
0,3,3477,0,5,7,70,1,1681
0,4,3514,0,4,4,295,1,2542
1,0,1601,2,4,15,51,0,2207
2,0,86,1,6,8,116,2,1605
0,3,9258,1,7,7,242,0,4270
1,0,1328,0,7,1,83,2,1901
2,0,92,2,2,1,240,0,1875
2,0,30,2,3,2,127,1,1234
0,4,2537,1,3,13,128,1,2029
2,0,87,0,2,4,71,0,1555
2,0,20,1,3,0,277,2,1794
1,0,448,1,3,15,256,1,1767
1,0,668,2,5,3,136,0,1474
2,0,16,2,4,8,206,3,2109
0,4,7878,2,3,2,288,1,3180
0,2,7510,2,1,4,281,2,1024
0,3,9513,2,4,5,243,0,3953
2,0,15,2,1,9,77,3,2306
1,0,593,1,7,4,162,0,2176
1,0,146,2,7,7,298,1,2114
2,0,76,1,4,11,276,3,2940
0,3,7191,2,1,11,86,2,2479
2,0,74,1,5,8,76,0,2164
0,3,6425,0,4,3,94,0,3586
0,5,4684,2,7,3,214,0,3600
0,4,2217,0,5,8,263,2,1914
0,1,8713,2,4,1,62,1,4887
1,0,614,0,7,7,77,1,1110
0,3,2703,2,1,10,101,1,1575
0,4,7491,0,2,0,168,0,3312
0,1,5944,1,2,7,291,2,3367
2,0,17,2,5,12,97,3,1999
0,2,1824,0,1,7,122,0,1651
1,0,580,0,3,2,130,2,2325
2,0,60,0,3,3,100,3,2106
2,0,87,0,2,7,172,1,1341
0,5,7874,0,3,11,255,2,4663
1,0,1318,2,4,3,263,1,877
0,1,2851,1,7,2,240,0,2901
0,4,9486,1,3,15,75,1,3656
2,0,96,2,6,2,139,1,1393
2,0,25,2,3,6,79,2,1596
1,0,583,1,7,14,167,0,2923
0,5,5497,2,1,2,181,2,3308
2,0,10,1,6,2,248,2,1511
0,2,9629,2,2,1,86,2,1103
0,3,9072,0,6,0,201,3,3877
2,0,89,2,2,0,131,0,1242
0,1,9318,2,7,14,127,1,4617
1,0,963,2,7,6,124,2,2096
0,2,1308,2,3,3,168,2,1737
2,0,28,2,1,4,108,0,1433
2,0,3,0,6,12,150,0,2175
1,0,1962,1,7,1,63,3,2838
0,4,1020,1,7,0,235,3,2994
2,0,71,1,4,9,252,1,1384
0,2,7107,2,4,9,223,1,1687
1,0,911,1,2,9,167,0,1874
1,0,1488,1,3,9,152,2,1444
2,0,44,2,1,1,133,2,1411
0,3,7375,1,4,11,167,2,2545
1,0,842,0,3,4,64,2,1621
1,0,1656,0,6,5,216,0,1851
1,0,1686,2,4,0,91,1,1383
2,0,69,1,1,9,235,2,1633
1,0,737,0,3,12,251,3,2694
0,4,6260,0,5,15,131,3,4009
0,4,3271,1,6,5,173,2,2696
0,1,8754,0,6,4,131,0,3959
2,0,15,1,2,15,184,0,2404
0,5,8731,2,3,13,283,1,5346
1,0,1572,2,2,2,276,0,2059
1,0,1004,1,1,3,115,0,1373
0,3,9936,1,1,15,228,3,4914
2,0,87,1,4,6,97,2,1526
2,0,10,2,5,12,60,2,1615
2,0,8,0,1,15,109,2,1107
2,0,73,0,7,0,254,1,925
1,0,643,1,3,14,104,0,2548
1,0,343,0,6,0,83,0,1986
2,0,60,1,4,8,162,0,1448
2,0,16,2,3,0,181,3,1936
0,4,9686,2,6,0,92,3,6738
0,2,5674,0,3,1,125,0,1809
1,0,1425,0,2,6,150,1,897
1,0,316,1,3,7,73,1,982
0,4,3881,1,4,10,186,1,2166
0,4,1019,1,1,2,273,2,1921
0,3,2825,1,6,9,74,0,2180
2,0,87,2,1,7,290,2,1468
2,0,56,0,7,9,117,2,1793
1,0,1427,1,4,13,136,2,1277
0,4,5380,2,5,14,289,0,4255
1,0,880,0,3,5,291,0,2352
1,0,1488,2,3,10,175,0,1592
2,0,55,1,7,1,193,3,3657
2,0,37,2,2,6,288,3,2693
2,0,7,1,2,1,248,3,2558
0,4,9664,2,2,3,272,3,4497
2,0,50,2,1,13,239,1,2241
0,4,1363,0,6,0,92,2,1434
1,0,1664,2,1,10,298,2,1101
1,0,1110,0,4,9,95,2,1816
0,4,7243,2,5,9,176,1,3575
1,0,337,0,2,2,200,0,1499
2,0,88,1,5,3,65,0,1703
0,5,8977,2,1,4,180,3,5667
2,0,64,2,7,2,131,2,1884
2,0,50,0,3,14,69,3,3060
2,0,95,0,2,0,199,3,2009
0,3,4842,1,7,8,119,3,3299
2,0,60,1,6,5,155,0,2277
1,0,1436,0,2,15,117,3,3295
0,5,7300,0,3,2,59,0,4584
2,0,18,1,5,7,146,0,2384
1,0,1153,1,1,11,222,1,876
0,1,1335,0,3,2,198,3,4063
2,0,65,0,2,14,206,1,1164
1,0,1783,1,7,0,227,1,2129
2,0,31,2,6,15,142,3,2193
1,0,309,0,7,2,188,0,1801
1,0,1894,0,4,15,215,3,3404
0,3,8111,0,6,6,169,2,2347
0,3,3825,0,3,13,145,3,2864
1,0,1424,1,3,14,235,1,1302
0,3,4685,0,2,6,235,3,3370
1,0,446,1,4,15,198,1,2057
0,3,6808,2,7,13,131,3,3549
0,4,6469,2,3,11,158,0,3792
1,0,1735,1,6,4,291,3,2897
1,0,93,0,7,13,65,1,961
2,0,15,0,1,15,73,2,1023
0,2,8848,0,6,15,223,1,2070
2,0,11,1,2,10,118,1,1059
1,0,1690,2,4,2,223,0,2220
1,0,1724,0,7,12,145,0,1897
2,0,95,2,7,15,237,2,2007
0,3,5902,2,6,4,50,1,2357
2,0,3,0,6,8,164,1,990
0,2,2883,1,2,12,277,3,2161
2,0,12,2,7,9,275,2,1603
2,0,51,2,4,6,204,3,2592
2,0,30,0,2,0,192,2,1148
2,0,11,2,6,6,290,3,3194
0,5,2829,0,7,5,195,0,2573
0,2,8948,2,5,0,280,1,1460
1,0,137,1,4,7,291,1,1858
1,0,743,2,7,1,177,3,3929
0,1,553,1,3,5,188,0,1929
0,1,180,1,4,15,126,3,3227
1,0,453,1,5,7,283,2,2305
1,0,1400,2,3,4,241,0,2743
2,0,42,0,6,10,59,2,1442
2,0,73,0,6,11,72,2,1576
2,0,43,1,4,13,282,3,2469
0,2,9514,1,5,9,211,2,1616
2,0,74,0,1,1,148,2,1714
0,4,3147,0,1,6,57,1,1626
2,0,6,0,4,13,201,3,2662
2,0,85,2,2,7,154,1,485
2,0,46,0,4,11,265,1,623
2,0,37,2,4,9,141,0,1867
0,3,9408,0,7,15,160,0,4787
2,0,57,2,6,5,155,1,1233
2,0,22,0,6,11,161,0,2293
1,0,243,1,3,6,242,2,1206
0,2,122,1,3,0,186,3,2474
1,0,1030,1,1,12,198,3,1922
2,0,20,0,5,1,279,0,2672
0,1,3428,2,3,11,90,0,2679
2,0,48,2,4,1,222,1,1908
2,0,31,2,2,13,297,1,1264
0,1,1122,2,2,14,105,2,1302
1,0,379,2,1,5,148,2,1353
0,5,6645,1,6,10,284,3,6160
0,5,8241,1,6,6,248,0,4680
2,0,33,2,3,15,73,1,960
0,5,1262,1,5,5,87,0,2032
1,0,1777,0,5,1,175,3,2930
1,0,1794,0,5,6,150,0,2288
1,0,420,0,4,12,65,3,2808
2,0,96,0,4,8,88,2,1673
2,0,57,2,2,6,127,1,991
0,5,3362,2,7,13,83,2,3301
1,0,1451,1,4,8,112,1,1210
2,0,36,1,2,1,243,2,1917
0,4,1955,1,4,1,173,3,3268
2,0,68,2,3,5,260,1,1725
2,0,92,0,4,9,72,3,1841
2,0,55,0,1,1,255,3,1853
0,4,9895,1,6,10,75,3,5935
1,0,1219,2,5,12,243,2,2382
0,5,2972,0,5,11,244,0,2635
0,2,1246,0,2,10,138,1,1141
2,0,52,0,1,8,232,2,1460
2,0,34,1,6,6,131,3,1991
2,0,42,0,3,3,113,1,783
1,0,296,2,7,15,177,3,3536
0,3,9832,2,5,12,253,3,3738
2,0,50,2,3,5,107,2,1650
2,0,2,0,6,11,262,3,1959
2,0,6,0,7,0,206,3,2986
2,0,24,0,6,15,212,1,2033
2,0,32,2,6,14,276,0,2176
0,4,9071,0,4,14,178,3,4050
0,4,1617,1,4,13,187,3,2947
2,0,54,1,4,6,58,2,1070
0,5,9385,1,2,6,257,3,5449
1,0,432,0,4,7,205,1,1159
1,0,26,1,3,4,84,0,2011
0,5,4195,2,2,5,166,2,3422
0,1,9346,0,1,5,99,3,4401
1,0,1364,1,1,7,108,1,1484
2,0,64,1,5,4,130,2,1520
2,0,74,2,2,3,171,0,2079
1,0,448,2,3,4,100,1,1586
0,1,8975,0,3,11,120,3,5477
0,2,661,2,1,12,180,3,2207
0,4,2148,0,2,11,190,2,2389
2,0,95,0,2,12,293,3,2716
0,4,7893,2,5,14,64,0,3923
0,3,8691,2,1,2,183,2,2421
1,0,1159,1,3,10,230,3,2334
2,0,13,0,4,1,209,2,1866
1,0,1798,0,4,3,176,0,1680
2,0,67,0,2,7,180,3,2958
1,0,1660,2,2,5,100,3,2701
1,0,654,2,2,1,238,0,1877
0,1,9722,0,3,4,166,3,5186
1,0,1263,2,1,11,201,2,1644
1,0,600,0,1,4,263,2,1152
2,0,8,1,3,5,286,2,1611
1,0,1536,0,7,4,214,2,2579
2,0,50,0,4,13,113,1,590
2,0,66,2,4,13,73,3,3093
1,0,1601,2,3,5,243,1,1647
0,2,6022,2,6,12,74,1,2002
0,2,6826,2,7,4,212,3,3197
0,4,9839,2,2,0,238,1,3931
1,0,618,1,4,13,232,0,2166
0,2,6775,0,3,5,132,2,1172
0,3,5792,2,1,11,275,1,1846
2,0,88,0,3,15,166,1,1351
2,0,39,2,2,7,50,2,803
2,0,68,0,3,0,166,1,1098
1,0,1824,0,3,8,253,0,1761
0,2,6775,1,7,1,88,2,1808
2,0,90,2,3,2,173,3,1873
0,2,1315,1,5,6,253,2,1153
2,0,94,0,3,0,165,0,1637
1,0,1931,0,3,6,109,3,2245
1,0,465,0,6,2,157,0,1942
1,0,766,0,7,15,267,0,2836
2,0,44,0,2,10,85,0,1928
1,0,1740,1,6,3,151,2,1788
1,0,1168,0,5,7,298,1,1887
2,0,62,2,5,1,259,0,2983
2,0,54,1,7,14,253,1,1522
0,5,8921,0,5,6,216,2,4184
2,0,32,1,4,6,94,1,737
1,0,674,0,2,2,147,2,1256
2,0,4,1,6,15,123,2,1756
2,0,13,1,7,2,124,2,1747
0,4,3929,2,1,3,201,2,2020
1,0,455,1,6,3,98,2,1740
1,0,795,2,1,11,52,2,1281
2,0,83,1,4,12,87,0,1809
0,2,7298,2,2,14,281,2,1968
2,0,90,2,4,9,97,1,1332
2,0,93,2,4,1,251,1,1491
2,0,43,2,5,13,246,2,2062
2,0,10,0,6,13,107,1,1819
1,0,451,2,7,13,147,1,1615
2,0,92,2,1,4,175,1,1560
1,0,824,0,4,5,268,1,1140
0,3,6011,1,1,0,145,1,2152
2,0,8,2,4,13,171,1,774
0,2,6580,0,2,2,237,1,1379
0,2,3694,1,4,2,262,2,1511
1,0,287,2,6,4,171,0,1910
2,0,87,0,3,9,257,1,1517
2,0,88,2,5,15,164,1,1556
0,3,7368,0,3,0,160,2,2584
2,0,51,2,5,15,70,0,1857
1,0,1185,0,4,0,131,3,2592
2,0,19,1,2,4,153,1,1354
0,3,5267,2,6,14,299,1,3376
0,3,5321,0,2,10,222,3,3386
2,0,52,0,1,13,116,1,920
2,0,69,1,3,7,143,2,1484
1,0,1759,1,3,12,201,3,2861
2,0,81,0,5,3,229,0,2064
2,0,98,0,7,10,299,2,2132
1,0,118,0,2,13,191,1,865
1,0,192,1,4,12,194,0,2436
1,0,1843,2,3,14,182,0,1757
0,2,1635,2,3,1,109,0,2501
1,0,1464,1,3,4,158,3,2753
0,3,9658,2,2,10,83,2,2218
0,4,7843,1,1,8,233,1,2483
1,0,612,0,2,8,246,3,2106
2,0,37,1,5,14,89,3,3127
0,1,4226,0,7,1,85,2,3045
1,0,249,2,4,14,189,0,2023
1,0,1107,0,5,14,182,1,2366
1,0,1704,0,7,10,218,3,3933
1,0,420,1,5,15,58,1,1172
0,5,4472,2,4,9,173,2,2989
0,2,101,1,2,0,96,1,1650
1,0,996,2,6,3,272,2,2255
1,0,32,2,3,1,115,1,1325
0,1,746,0,6,2,179,0,3380
0,3,2638,2,6,9,190,1,2318
2,0,9,0,1,13,246,2,1448
1,0,1902,0,2,0,140,3,3585
0,3,7788,0,6,10,95,3,4882
1,0,1939,0,3,13,233,0,1500
0,2,2512,1,5,2,227,0,2015
1,0,686,2,5,15,296,3,4542
2,0,41,1,4,11,283,1,2030
2,0,68,1,5,13,184,0,2398
1,0,430,2,1,9,123,0,1678
1,0,1016,1,6,12,225,3,2688
0,4,2597,1,6,4,211,1,2259
2,0,54,0,7,13,276,3,3281
0,4,3729,1,1,14,50,0,3560
1,0,1067,0,5,8,66,3,2080
2,0,24,0,7,11,109,0,1555
1,0,1499,0,4,3,161,3,3555
1,0,191,2,1,15,207,2,1095
2,0,46,2,3,14,107,3,2777
2,0,66,2,1,2,255,2,1761
1,0,1818,1,7,13,236,1,1737
2,0,33,1,1,10,268,1,1255
1,0,1193,0,6,12,201,2,1952
2,0,75,0,4,13,264,0,2330
1,0,1712,1,1,7,98,0,1617
2,0,65,0,7,2,295,3,3033
0,2,7590,1,3,10,190,2,2514
0,3,7943,1,6,15,51,2,4014
1,0,104,2,1,3,243,2,1095
2,0,32,2,4,0,132,0,1974
1,0,622,0,2,4,109,0,1707
0,2,4700,2,2,3,282,0,1933
2,0,71,2,3,0,125,0,2742
0,2,7398,0,4,10,156,0,2282
0,1,8656,2,1,12,88,1,3680
2,0,14,1,1,14,108,0,1342
0,4,3826,1,7,6,111,2,2045
1,0,825,0,4,1,253,2,1950
1,0,417,0,7,15,200,3,2569
2,0,27,2,7,12,139,1,1582
0,5,9767,0,7,2,260,2,5145
2,0,44,0,5,3,261,1,1082
2,0,7,1,5,9,160,0,2637
2,0,21,0,5,8,175,3,2937
1,0,1615,0,7,0,291,1,2095
1,0,1078,1,7,10,90,3,2056
0,3,8877,2,7,5,155,3,4231
2,0,49,2,7,2,127,1,1634
2,0,66,1,4,13,246,1,1737
0,3,5539,2,4,0,208,2,2686
2,0,87,0,7,12,260,0,2703
1,0,555,1,1,10,52,1,1262
0,5,8026,1,7,0,133,0,6176
0,3,6134,0,1,14,221,1,1864
2,0,50,2,7,6,107,2,538
2,0,40,2,6,14,262,2,1530
2,0,21,0,1,5,63,1,691
1,0,511,0,5,3,126,2,1182
1,0,344,2,5,7,269,2,1638
1,0,436,1,2,12,106,1,998
1,0,673,2,7,3,113,3,2726
0,4,6571,2,7,14,261,1,4038
2,0,14,2,4,5,267,1,1396
2,0,18,1,4,13,111,2,1575
0,1,8457,1,4,13,127,3,4729
0,4,2463,2,2,3,170,0,1780
1,0,145,1,5,6,242,1,1376
1,0,1763,1,4,6,269,2,1813
1,0,688,0,7,7,206,2,2002
0,4,1170,0,2,3,220,1,1208
0,4,5102,0,5,2,285,0,3166
2,0,91,2,4,10,142,2,1134
2,0,39,0,2,9,91,1,974
0,4,2222,0,1,14,152,0,2009
2,0,86,1,7,11,157,1,1418
2,0,1,0,5,7,169,1,926
2,0,32,1,1,6,150,1,793
1,0,1941,2,3,12,156,1,1571
0,3,9623,0,1,0,214,2,3200
0,4,6726,0,5,8,248,1,3362
1,0,626,2,3,11,283,0,2262
1,0,1257,1,4,5,108,3,2787
2,0,10,0,7,0,98,3,3451
0,3,4206,2,7,8,293,2,2629
2,0,1,1,1,1,270,1,1302
0,2,7185,1,4,13,279,3,3859
0,1,3225,1,5,2,229,2,1878
1,0,843,1,7,5,266,1,947
2,0,3,2,2,7,79,3,2005
1,0,8,0,6,2,293,0,3316
0,5,4362,1,5,14,288,3,5279
2,0,69,2,2,3,276,0,1259
0,5,8046,1,1,13,240,2,4552
0,1,6852,2,3,5,97,1,2225
2,0,57,1,6,0,202,0,2039
0,1,7926,1,5,10,154,3,5735
0,2,5391,0,4,9,173,3,2866
2,0,19,2,7,5,81,1,2014
0,1,3775,1,4,4,125,3,3617
1,0,1532,1,6,7,158,2,1404
2,0,5,2,6,15,79,0,1664
1,0,737,1,3,4,293,3,2598
1,0,1587,0,1,0,56,2,1153
0,3,59,1,3,1,101,3,2754
1,0,1010,1,7,14,52,3,2860
2,0,30,0,7,13,97,1,939
0,3,9745,0,2,7,53,1,2760
0,3,3201,0,5,7,246,0,2358
0,1,3228,2,1,10,87,1,2139
0,5,9599,0,4,9,110,1,4974
1,0,1326,2,5,15,299,2,1739
2,0,54,1,4,7,176,1,984
0,4,7188,0,4,6,67,3,4546
2,0,85,2,4,13,120,3,2950
2,0,34,2,7,12,50,3,2635
1,0,1041,2,5,9,193,2,913
0,1,5833,1,5,3,132,2,2099
0,2,112,2,4,8,215,3,2268
2,0,2,0,3,12,111,2,1466
0,4,7989,0,5,1,221,1,4056
2,0,12,1,5,4,235,2,2424
0,5,4553,1,5,2,183,2,3016
1,0,1613,2,5,13,173,3,2672
2,0,86,1,2,5,53,1,847
1,0,1789,1,2,12,186,1,868
2,0,27,1,2,13,189,1,1382
0,3,9242,0,3,10,264,1,2680
2,0,22,2,6,6,166,2,1116
2,0,10,1,3,10,179,2,1710
2,0,23,2,7,2,108,3,2752
1,0,885,2,3,2,169,2,1781
1,0,87,1,3,6,92,0,1415
0,5,2660,2,5,13,146,2,2265
2,0,14,2,4,5,162,1,1393
0,2,4416,2,2,12,271,3,2947
1,0,1364,1,5,7,117,0,2413
1,0,1116,1,2,14,188,3,2704
1,0,1060,2,5,9,296,2,1162
0,2,6246,2,3,15,194,0,2265
0,5,5866,0,5,11,237,0,4035
0,2,7978,0,7,14,233,0,2306
0,3,4093,2,6,7,167,1,1842
2,0,24,1,6,12,61,1,1803
2,0,90,0,2,13,54,1,938
2,0,43,2,5,14,120,0,2800
1,0,323,1,6,0,270,0,1472
2,0,73,1,3,1,162,1,1926
0,4,9584,0,4,11,271,0,4625
0,2,5899,2,4,4,174,1,1567
1,0,892,2,6,1,275,2,1598
2,0,86,2,1,4,248,1,932
1,0,1374,2,2,9,230,2,1094
0,2,4312,0,1,2,97,0,1272
0,1,6482,0,3,15,179,3,4561
2,0,92,0,6,12,72,1,2150
1,0,367,2,5,15,137,0,2310
2,0,6,0,3,15,166,1,1782
0,5,9598,1,6,3,230,1,4209
0,2,2580,0,2,11,196,3,2830
2,0,59,1,5,6,196,0,2066
0,1,3026,0,7,4,71,0,2404
0,5,7023,0,4,1,286,0,4846
2,0,93,0,6,13,129,1,1611
2,0,74,2,4,2,294,1,1125
0,4,4376,0,2,12,105,3,4335
1,0,1264,2,3,3,113,1,866
1,0,1580,2,3,4,192,2,1348
2,0,64,1,7,10,129,2,1741
2,0,55,0,6,9,128,3,2896
1,0,1338,1,2,1,141,3,2409
1,0,772,1,2,7,131,1,663
2,0,27,2,4,0,142,0,2096
0,5,2311,0,2,15,141,3,3683
0,2,1834,0,5,13,196,0,1713
2,0,35,2,2,7,142,2,1529
0,2,954,0,1,2,268,3,2387
0,5,5093,2,4,11,172,1,3913
0,4,9062,2,4,15,186,2,4068
0,2,9799,2,4,12,285,3,3149
0,5,7719,1,3,3,168,0,3676
1,0,488,0,7,12,232,2,1745
0,1,5122,0,4,1,74,0,3135
0,1,8771,0,6,15,168,3,4156
2,0,76,2,5,13,229,0,2033
1,0,1937,1,4,5,130,2,920
1,0,902,1,6,3,132,3,2902
0,1,7201,0,5,0,109,0,4513
0,2,3280,1,6,10,90,1,1350
0,3,1349,2,1,5,211,0,1630
1,0,994,2,4,2,51,2,1509
1,0,1903,1,7,12,166,3,4068
2,0,6,0,6,10,123,3,2578
0,4,626,1,2,1,290,3,2448
1,0,431,1,7,10,296,2,2660
2,0,60,2,4,8,240,0,2046
2,0,73,0,1,0,171,1,1519
0,5,7703,0,6,2,142,0,5162
1,0,1366,1,7,6,173,1,782
0,3,9611,1,4,14,206,0,4215
1,0,839,2,6,11,208,3,3865
2,0,77,1,7,4,56,0,2376
2,0,77,2,7,6,292,1,1592
2,0,77,0,3,1,98,2,1351
2,0,69,0,4,4,179,3,2722
1,0,1484,2,6,3,253,1,1593
1,0,362,1,1,10,175,1,1247
2,0,30,0,6,2,98,3,2229
2,0,13,0,5,11,216,3,3009
0,2,1219,2,4,8,171,1,783
1,0,1802,2,1,11,249,0,1538
1,0,1523,2,2,4,255,3,2326
1,0,609,1,2,1,149,0,2762
1,0,1331,2,6,2,67,2,2676
0,5,654,2,3,7,69,1,1515
2,0,45,1,3,14,158,0,2232
2,0,67,2,5,11,275,2,2090
0,4,8869,0,4,6,286,0,4116
2,0,0,1,3,6,103,0,1642
1,0,670,1,2,4,127,2,1536
1,0,1262,2,3,15,228,0,1807
0,5,1471,0,2,10,299,0,2065
2,0,8,0,2,14,241,1,1124
1,0,884,0,6,0,86,0,2227
1,0,1060,1,2,12,102,2,1322
1,0,1537,0,2,13,84,3,2999
0,4,4171,0,7,8,147,3,4893
1,0,240,2,4,11,97,0,2264
0,1,8308,0,5,8,98,3,4847
0,1,4987,2,7,13,203,3,4998
1,0,1869,0,5,15,183,1,1358
2,0,33,0,7,11,204,2,1062
0,4,6879,2,2,8,181,0,2805
0,2,1815,1,1,10,234,3,2181
0,5,8898,2,7,14,241,0,5592
2,0,14,0,5,15,204,0,2453
0,2,3633,0,5,4,100,0,2133
1,0,1285,1,4,13,194,0,1933
2,0,7,1,1,5,189,1,1104
1,0,1778,2,7,11,162,0,2583
1,0,1896,0,7,15,206,0,2694
2,0,19,0,6,13,247,1,1961
0,4,5539,0,2,6,225,1,1923
1,0,1652,2,4,3,256,3,2912
2,0,37,1,6,10,195,3,2808
1,0,1703,0,6,15,112,1,1098
2,0,46,0,5,4,124,0,2916
1,0,1970,1,1,8,182,3,2145
1,0,12,0,2,11,167,1,1330
2,0,74,1,3,13,180,0,1813
2,0,19,2,3,5,202,0,2391
1,0,1681,1,3,4,254,3,3268
0,3,7640,0,1,11,70,0,3528
0,4,6653,0,2,15,116,3,4395
1,0,1130,0,5,5,276,2,1880
1,0,313,0,3,4,224,3,3088
2,0,86,2,3,11,243,0,1730
0,1,4730,0,5,4,160,2,2617
2,0,15,0,7,4,256,2,1817
2,0,68,1,7,3,191,3,2199
2,0,63,1,6,14,298,1,1429
1,0,977,2,2,7,116,3,1904
0,1,9965,0,1,0,214,1,3804
1,0,1507,2,2,12,272,3,2862
1,0,1490,0,1,7,161,0,1426
2,0,62,2,7,2,186,0,2165
1,0,1873,0,2,10,176,2,1020
2,0,54,1,3,14,204,0,1960
0,4,4992,0,2,4,188,3,5340
0,2,475,1,6,8,159,0,1746
2,0,55,1,4,9,284,0,2056
0,5,2336,1,1,3,123,3,3112
2,0,45,2,1,10,265,2,1102
0,2,3976,0,2,8,275,1,1188
1,0,1884,0,1,4,157,2,1993
0,5,5776,0,4,0,76,2,3135
2,0,25,2,7,9,106,0,1944
1,0,789,1,7,10,131,2,1248
2,0,26,0,2,5,111,0,1502
2,0,71,0,7,12,136,2,2190
1,0,515,2,1,11,283,3,3121
1,0,1242,2,1,3,238,3,2543
1,0,1864,1,6,12,191,1,2443
1,0,1835,0,4,3,141,0,2043
2,0,39,2,7,4,254,0,2193
1,0,488,1,7,2,258,2,1804
1,0,435,1,2,11,107,1,1107
0,5,2110,2,1,12,267,2,1861
1,0,47,1,2,6,69,1,1110
2,0,14,2,7,3,261,0,2519
1,0,1871,0,1,5,110,3,2482
1,0,72,2,3,3,115,0,1363
0,4,8521,0,2,1,72,2,3645
2,0,27,0,6,2,77,1,1678
0,2,5958,1,1,14,274,3,2738
1,0,1726,2,5,4,60,0,1741
2,0,17,1,7,9,166,2,898
1,0,549,2,7,15,274,2,2181
1,0,1696,1,7,2,61,0,1963
1,0,1479,2,5,8,218,1,1893
1,0,967,0,3,3,209,0,1528
0,5,8192,1,4,1,194,3,6637
0,3,3257,1,2,12,293,3,2484
2,0,77,1,6,8,204,3,2565
1,0,1405,2,4,2,239,0,1760
1,0,1979,0,6,13,124,1,1860
1,0,317,1,6,11,259,2,2170
2,0,67,2,1,13,228,3,2942
0,1,35,1,3,10,257,2,1562
1,0,279,2,7,1,181,1,1746
0,1,9366,0,3,3,207,3,4734
1,0,1648,2,3,6,127,1,1903
2,0,28,1,5,9,183,2,903
1,0,1935,2,4,14,151,0,1829
2,0,72,1,6,9,211,2,2041
2,0,92,1,5,6,239,3,2234
2,0,13,2,7,4,99,0,2167
2,0,72,1,5,11,236,3,2426
2,0,8,1,2,13,103,0,1770
2,0,6,0,5,4,173,2,1580
1,0,1279,1,7,13,64,0,1869
2,0,98,1,7,8,261,3,2575
2,0,80,0,4,13,114,0,1397
0,4,599,2,5,7,290,1,2145
0,1,9004,1,2,7,186,2,4314
1,0,192,0,6,2,96,3,2215
1,0,287,1,5,15,133,0,3501
0,1,9528,2,2,2,140,1,3933
0,3,1507,1,5,4,125,2,2554
0,4,9098,2,1,2,247,3,4300
1,0,1202,2,5,11,142,0,2577
0,3,6797,0,5,7,64,3,3422
1,0,1864,0,2,0,213,3,2220
1,0,475,2,6,15,253,2,1213
0,1,7608,1,7,7,236,1,3904
2,0,85,1,4,5,191,1,1097
1,0,479,2,5,13,144,2,1466
0,5,5457,2,5,8,118,3,3728
2,0,77,0,5,2,284,1,869
1,0,1488,2,3,15,215,3,2067
0,5,6229,2,2,5,89,2,2922
1,0,1608,1,3,0,132,3,2452
2,0,58,1,1,14,264,0,1271
2,0,44,2,2,7,238,0,2342
1,0,793,2,2,14,146,0,1954
2,0,16,1,6,14,50,3,3676
2,0,16,2,4,7,154,3,2416
2,0,50,1,5,12,132,3,2553
0,2,2154,0,1,6,176,1,1451
1,0,188,2,3,12,250,3,2079
0,4,7026,0,6,12,249,1,3318
2,0,20,0,5,0,174,1,1730
1,0,627,0,6,13,204,1,2435
2,0,6,2,3,9,280,1,1571
0,2,4676,0,2,15,266,2,1259
1,0,459,2,5,10,162,3,2550
1,0,791,0,6,10,113,3,2772
2,0,78,0,5,8,75,3,2093
2,0,18,1,5,7,103,2,937
2,0,17,0,6,9,217,1,2496
1,0,1991,1,5,9,97,1,1496
0,3,2511,2,3,5,219,1,1555
0,5,1548,2,4,9,274,0,2044
0,2,3514,0,4,12,254,1,2066
0,2,6505,2,6,5,218,0,2400
0,2,8610,1,7,1,56,2,1852
0,5,6452,2,7,8,204,0,4814
1,0,989,1,3,6,104,3,2584
1,0,1974,2,6,15,93,0,2614
0,5,9779,1,4,1,63,0,5409
1,0,745,2,6,0,67,0,1971
1,0,1568,1,6,1,74,1,1423
1,0,905,2,5,9,136,3,2779
2,0,32,0,2,0,116,1,1034
1,0,963,1,4,6,181,1,2093
1,0,1091,1,7,12,60,0,2574
2,0,38,2,2,6,117,3,2034
2,0,14,1,3,0,135,1,1294
1,0,1470,2,7,11,256,3,3752
1,0,1021,1,4,7,78,3,3273
1,0,1801,2,3,0,164,1,931
1,0,1775,1,6,2,248,3,3493
1,0,93,1,2,11,225,0,1493
2,0,73,0,2,14,250,2,1133
0,3,2511,2,2,1,220,2,2139
2,0,4,1,6,1,283,0,2050
1,0,1244,2,3,11,185,3,2609
0,2,8136,1,6,12,69,3,2404
0,2,1101,0,4,3,180,0,1929
0,3,2478,2,7,5,223,0,2803
2,0,47,1,6,0,53,0,1284
0,3,2162,1,4,7,67,0,1526
0,3,844,0,4,11,162,0,2014
2,0,77,0,2,0,229,0,2334
2,0,8,0,6,15,259,3,3579
1,0,78,0,2,15,277,3,2838
0,1,3699,2,3,9,161,2,2946
2,0,29,0,1,12,277,2,1627
2,0,40,2,3,12,272,3,2643
0,2,4155,0,3,6,68,0,2225
2,0,88,1,4,14,193,0,2196
0,5,7424,1,7,5,118,2,5476
0,2,499,0,4,3,212,1,1318
2,0,63,0,5,12,263,2,1602
2,0,96,1,7,13,228,0,2202
1,0,1711,2,1,9,181,3,2574
0,5,7793,1,2,5,166,0,4158
1,0,1733,1,3,6,171,1,1075
0,5,4905,2,2,6,288,3,3876
2,0,90,1,6,5,60,3,2674
2,0,45,0,5,1,248,2,1892
2,0,40,2,7,10,221,2,1960
2,0,19,2,4,7,158,2,1161
2,0,12,1,4,7,285,2,2176
0,5,9704,2,1,11,294,0,4877
0,1,3496,1,7,9,232,2,2785
2,0,55,0,5,3,183,2,1731
1,0,51,2,1,0,245,2,1641
1,0,1306,0,5,9,298,0,2695
1,0,1422,2,3,9,236,1,1381
0,1,5379,1,2,9,281,1,2658
2,0,89,1,2,5,194,0,1911
0,1,672,1,4,11,174,0,2010
2,0,86,1,6,10,139,0,2279
0,5,9165,2,5,12,51,3,5111
1,0,373,2,1,1,227,0,1350
2,0,67,1,5,9,282,0,2719
2,0,56,1,2,2,100,3,2461
0,5,6257,2,5,7,226,0,3988
2,0,26,1,3,13,86,3,2372
1,0,1589,2,6,1,132,3,3324
0,5,7206,2,2,6,227,0,4900
1,0,743,0,7,11,181,3,2358
0,1,1346,2,7,5,165,2,2116
0,5,5817,2,2,3,296,3,3628
2,0,38,0,2,1,162,0,2301
2,0,41,2,1,9,227,1,772
2,0,17,1,7,4,228,2,1742
0,2,5192,0,7,0,88,0,2053
2,0,3,2,2,10,56,1,1035
1,0,1514,0,6,9,238,1,2219
2,0,33,0,2,0,244,0,1914
2,0,83,1,2,14,291,3,3803
0,4,7957,1,6,13,238,1,3755
1,0,1746,2,2,12,279,1,1706
0,5,9172,1,7,13,266,0,4675
0,1,5287,2,6,6,235,0,3735
0,3,7042,0,6,3,80,2,3000
2,0,72,2,1,5,197,3,1998
2,0,59,0,2,6,290,3,2388
1,0,1574,2,2,0,118,1,1599
1,0,111,2,3,6,160,3,1468
1,0,852,2,3,7,99,2,1079
1,0,101,1,4,10,159,2,1923
0,5,8518,0,6,2,299,1,4557
0,2,5606,1,7,15,223,0,3441
2,0,98,2,3,2,123,2,908
0,4,2949,2,1,10,241,0,2699
2,0,87,1,4,1,121,1,1981
2,0,10,1,6,5,136,2,1175
2,0,77,1,3,6,184,3,2129
0,1,3581,1,5,14,241,2,2775
1,0,1679,2,7,10,233,3,3918
0,3,8940,2,1,12,143,2,2260
1,0,534,0,5,1,295,2,2028
1,0,9,2,5,12,285,3,2750
2,0,31,2,5,0,248,0,2553
0,1,2033,1,7,11,119,0,2384
0,2,3004,1,2,0,236,0,1621
0,4,1657,2,2,14,138,2,2073
0,2,266,2,3,14,163,0,1510
2,0,97,2,3,8,185,3,2295
1,0,343,1,4,10,215,3,3143
2,0,68,1,5,13,268,1,1518
1,0,1680,0,5,4,98,0,2136
2,0,22,1,1,6,128,2,1411
2,0,2,1,4,4,155,0,1760
1,0,1789,0,2,14,281,0,1838
1,0,652,1,5,11,206,3,2852
1,0,782,1,7,4,99,1,1548
2,0,0,1,5,3,52,0,1588
2,0,56,1,3,12,162,3,3378
1,0,206,0,6,10,251,0,2711
0,1,7058,2,6,3,71,3,5747
1,0,1616,1,3,6,254,3,2534
1,0,117,0,2,10,85,1,1865
1,0,293,1,1,13,161,0,1582
0,5,8782,0,5,13,104,3,5174
0,5,1261,1,6,12,226,0,3753
1,0,1591,2,2,13,186,2,1356
2,0,97,2,4,15,241,1,2376
0,1,6632,2,5,15,220,3,5163
0,1,8102,2,7,1,73,1,4771
0,4,9009,1,6,14,117,0,5032
2,0,69,2,6,15,65,0,2373
1,0,947,2,4,11,119,1,824
0,4,9580,0,5,8,273,3,6032
2,0,59,1,6,9,160,0,1971
0,3,9439,2,1,9,143,1,2865
0,4,8910,1,3,12,281,0,5039
2,0,22,1,4,10,247,1,1662
1,0,790,0,5,12,98,2,1914
0,2,9719,0,3,10,123,2,1269
1,0,1515,1,2,14,118,3,3066
0,1,681,2,2,3,123,3,2223
2,0,56,1,7,15,118,1,2047
1,0,1321,2,2,12,114,2,1722
2,0,58,1,3,4,267,1,1704
0,5,9029,0,5,10,105,2,4798
2,0,10,2,2,8,123,3,2021
0,4,3807,0,5,5,120,0,3161
1,0,743,2,3,10,258,1,1151
2,0,25,1,2,4,93,0,1414
1,0,1287,2,7,9,85,3,2748
1,0,508,2,6,2,65,1,2190
1,0,374,2,6,6,204,0,2345
0,4,1779,0,7,13,157,2,1860
0,5,6007,1,5,15,236,0,3758
1,0,747,1,5,12,289,0,2359
2,0,69,1,1,4,290,2,1146
1,0,892,2,7,9,161,3,2306
1,0,338,0,2,12,152,1,1131
2,0,87,1,4,14,286,3,3446
0,4,3187,1,5,0,95,1,2601
1,0,851,0,1,8,51,0,1919
1,0,874,2,7,9,57,3,2235
1,0,760,2,5,2,219,2,1749
0,4,2242,0,5,10,185,1,2070
0,5,6865,1,6,12,161,3,5578
2,0,73,0,3,15,140,2,1937
0,1,6226,1,2,6,249,1,2705
2,0,22,1,4,9,52,1,1544
2,0,49,2,3,7,120,0,2129
2,0,97,2,7,8,98,1,1107
0,3,6992,2,3,13,292,3,4324
1,0,30,2,2,2,243,1,917
0,5,1716,1,4,11,225,1,1656
1,0,906,2,7,14,58,0,2400
2,0,90,1,6,3,72,0,2057
0,4,135,0,2,10,90,1,1270
1,0,1098,2,1,3,142,3,2140
2,0,47,2,6,1,293,3,3300
1,0,1653,2,6,0,100,0,2800
2,0,3,1,6,13,120,1,1444
2,0,41,0,6,6,295,1,1265
0,4,8519,0,5,2,200,1,3559
0,3,8807,1,3,10,118,1,2943
0,1,3491,1,2,0,145,2,1998
1,0,1756,2,1,3,126,1,904
1,0,834,2,5,11,224,3,2729
2,0,70,1,5,4,78,2,2198
0,3,5011,1,6,3,209,0,2791
0,4,9484,1,6,3,266,2,4935
0,1,7391,1,7,12,115,3,4480
0,5,2971,0,6,8,195,3,3844
1,0,377,0,3,13,147,0,2405
2,0,51,2,6,8,99,2,1899
1,0,1999,2,7,10,125,0,2575
1,0,656,1,3,3,181,3,2450
2,0,24,1,1,12,66,0,1570
0,4,128,1,2,4,235,0,1758
0,2,2163,0,3,15,255,0,1956
1,0,1958,1,4,6,151,2,1441
1,0,1035,1,5,5,98,2,1097
2,0,87,0,3,6,254,1,885
2,0,80,1,4,10,158,3,2411
0,4,9522,0,7,15,65,0,4946
0,2,9475,0,4,1,111,0,1997
1,0,1877,2,5,4,197,3,3511
0,3,3969,0,6,1,256,2,1793
0,4,3986,2,2,9,281,2,3007
2,0,97,0,2,13,295,0,1919
1,0,36,2,3,14,256,1,1101
0,5,7900,0,7,9,74,3,5921
0,3,6344,2,1,3,253,0,3068
2,0,18,2,2,12,267,2,1835
1,0,1721,2,4,7,204,1,1653
1,0,1251,1,4,13,116,1,1164
2,0,14,1,3,10,214,0,2204
1,0,312,2,1,2,61,3,2554
0,2,4159,2,1,12,137,1,1640
2,0,35,2,7,1,64,1,1666
2,0,31,1,1,8,94,2,436
2,0,52,1,4,7,150,1,1120
1,0,1020,1,7,2,266,3,2898
1,0,1098,2,7,9,51,3,2466
1,0,1921,2,2,9,255,3,2893
2,0,52,1,2,14,74,3,2153
0,3,908,2,4,1,79,1,1455
0,4,2146,0,6,8,256,0,2406
0,3,7909,0,6,11,221,0,3458
1,0,989,2,4,0,168,2,1533
2,0,57,1,3,4,82,1,912
2,0,50,2,3,14,64,1,1592
2,0,89,2,4,9,139,0,1402
2,0,12,0,5,15,139,3,3481
1,0,287,2,6,1,217,2,1902
1,0,200,1,4,13,70,3,2384
0,3,4327,2,3,4,81,2,1645
2,0,10,1,3,8,100,1,679
1,0,268,0,6,2,119,3,2535
1,0,614,2,7,0,83,3,2892
0,3,8794,0,1,0,239,2,2255
0,5,3882,1,4,15,83,2,3114
2,0,71,1,6,13,94,3,1940
1,0,1197,1,6,7,141,1,1517
0,4,721,0,4,4,100,3,2730
1,0,1866,1,7,14,229,0,2846
1,0,438,0,7,11,190,3,2795
2,0,92,2,4,5,59,1,1114
0,4,6919,2,1,2,219,1,3053
2,0,93,2,6,8,68,0,2159
1,0,1350,2,6,11,65,0,1816
2,0,76,2,5,11,83,3,1589
1,0,1621,2,5,6,93,3,3170
2,0,40,2,1,6,172,1,874
2,0,57,1,1,0,118,3,2826
0,2,8713,0,7,11,224,2,1145
2,0,66,1,5,7,269,2,1203
0,4,1154,0,3,5,280,1,1525
0,2,3800,1,6,14,260,2,2206
1,0,53,0,4,11,296,3,2727
0,1,8262,2,6,15,86,1,3999
1,0,426,0,2,8,141,1,819
2,0,88,2,5,15,156,0,2083
1,0,1234,2,3,4,88,2,1339
1,0,1335,2,6,12,51,0,1990
0,5,5060,1,1,11,74,0,4627
0,5,3400,1,2,12,53,3,3928
1,0,648,1,3,2,147,0,1761
0,5,9061,1,3,0,252,2,6076
2,0,36,0,2,6,122,2,996
0,3,9168,0,6,9,201,0,3420
1,0,1034,1,3,7,237,1,1354
1,0,213,2,3,14,271,2,2064
0,1,4603,0,6,9,281,2,3181
1,0,1740,1,1,9,187,1,1077
0,5,1721,0,6,15,262,1,2682
1,0,526,2,2,6,179,1,1055
0,5,922,1,4,4,160,0,2137
0,1,9933,2,6,4,58,3,4206
1,0,1540,2,6,12,188,1,1972
1,0,180,1,1,0,172,0,1266
1,0,1507,1,7,1,207,2,1594
2,0,81,0,1,1,234,3,2351
0,5,959,0,5,3,188,2,2474
1,0,746,0,3,10,249,0,2322
1,0,817,2,2,11,259,1,1719
0,1,6119,1,6,6,256,2,2537
1,0,1849,2,3,4,297,3,2713
2,0,2,2,6,2,266,1,1357
0,5,2142,2,6,4,94,3,3506
0,4,4717,2,6,1,220,3,3947
2,0,19,2,5,1,229,0,1960
2,0,49,1,6,2,116,3,1917
2,0,97,1,2,7,58,0,1098
2,0,6,2,4,9,229,2,1594
0,3,9677,2,3,0,169,1,3212
1,0,158,2,3,15,114,0,2219
2,0,69,1,5,2,225,0,2915
2,0,48,2,4,1,203,0,3397
2,0,41,1,6,14,138,1,2333
0,3,9861,1,2,12,188,1,2332
2,0,6,2,2,7,126,0,2573
2,0,39,1,4,11,242,0,1991
1,0,568,0,7,0,141,2,1637
2,0,45,1,7,1,51,3,2660
0,3,8701,1,4,12,274,2,3666
1,0,1943,0,7,9,107,2,2047
2,0,46,2,4,12,171,2,1466
0,5,9658,1,2,9,125,0,6786
1,0,154,2,3,10,120,3,2546
1,0,500,2,3,0,236,2,1725
2,0,41,1,6,13,213,1,1475
0,4,9402,2,7,9,105,2,3944
2,0,90,2,4,10,116,2,1596
2,0,95,2,7,15,215,0,3285
2,0,15,0,7,8,101,3,2264
0,4,7026,2,6,5,250,0,5017
1,0,555,2,5,14,149,0,2755
0,3,107,2,1,3,157,0,1712
0,4,8187,1,4,15,273,3,5030
2,0,53,0,3,11,184,1,1598
2,0,42,0,4,9,124,1,1355
0,5,4747,1,2,8,140,2,2865
2,0,1,0,4,1,229,1,1685
2,0,5,0,3,2,197,0,1838
2,0,96,1,1,11,145,1,642
1,0,571,0,3,12,197,1,1230
0,4,9771,0,6,10,239,3,5639
2,0,54,2,7,15,112,1,1814
2,0,75,2,5,8,192,1,1303
0,1,7155,2,1,6,83,0,3021
0,2,9181,2,7,15,108,2,1539
0,1,2959,2,1,1,238,1,2769
2,0,41,2,4,12,161,2,1476
1,0,1164,1,7,5,276,1,1712
1,0,1970,2,7,11,87,2,1536
0,5,9425,0,7,10,119,3,6719
2,0,13,0,2,1,297,0,2138
0,3,500,0,3,3,108,0,1808
0,2,3302,1,6,4,264,3,3274
1,0,1339,2,5,13,220,2,1526
1,0,286,2,3,5,258,3,2319
2,0,22,0,2,1,55,2,2038
2,0,6,2,1,1,264,1,1612
0,3,645,1,4,4,145,3,2124
2,0,59,2,7,12,271,1,1352
0,5,9187,2,6,15,123,2,4973
0,4,4022,1,6,14,199,1,2552
2,0,31,0,7,15,53,2,1728
1,0,1098,1,6,15,73,3,2780
2,0,31,2,5,1,166,1,947
1,0,1910,1,7,6,276,3,2927
2,0,94,2,7,14,64,3,2628
2,0,46,0,6,2,246,3,3017
0,4,5934,1,3,11,117,2,2898
2,0,3,0,6,2,137,3,2462
1,0,1930,1,5,2,190,2,1875
1,0,1159,2,4,6,184,2,1151
2,0,25,2,6,15,163,2,2305
1,0,459,0,5,11,166,2,1250
1,0,466,1,3,1,229,3,2790
2,0,28,2,4,7,278,3,2792
0,5,1060,1,3,11,243,2,1852
0,1,9999,0,1,3,202,2,3396
0,3,8636,2,1,13,50,1,1910
0,3,9695,1,4,10,221,2,3886
1,0,1037,1,7,12,295,0,2342
1,0,1215,1,7,12,135,0,1660
1,0,590,0,7,5,233,1,1552
2,0,87,0,2,7,173,1,879
1,0,972,2,6,4,159,0,2497
0,2,9208,2,7,9,74,3,3294
0,2,2237,0,3,13,258,1,1341
0,4,4550,1,2,15,214,3,4028
0,5,102,1,2,8,151,0,1995
0,2,4866,0,1,11,112,2,1286
1,0,883,0,5,13,256,1,1367
2,0,85,0,7,2,133,2,1345
0,5,9461,2,2,6,166,3,6655
0,1,614,2,2,14,295,0,3309
1,0,813,1,2,0,110,1,631
2,0,44,1,6,12,81,2,2290
1,0,45,2,7,10,55,0,3034
1,0,663,2,6,5,295,0,3163
2,0,73,2,3,6,66,3,1901
0,3,9760,1,2,6,89,0,3074
1,0,1422,0,5,6,137,3,3184
0,2,868,1,3,10,268,0,2358
1,0,1667,0,4,14,151,0,2821
0,5,4965,1,3,15,65,2,2694
0,5,4888,0,6,8,148,0,3564
0,1,8012,2,7,0,257,2,3983
2,0,25,2,1,12,196,2,812
2,0,4,2,2,6,120,2,817
1,0,1712,0,1,3,245,3,2118
2,0,14,2,7,2,286,0,2382
0,5,4622,2,2,2,158,3,5271
1,0,283,0,2,2,298,3,2523
0,3,2464,2,3,1,149,3,2994
0,1,3765,1,5,8,222,0,2801
1,0,1561,0,4,1,138,2,2155
2,0,63,0,4,13,57,2,1700
1,0,179,0,2,15,90,3,2424
0,5,7354,1,7,11,91,3,5672
1,0,263,2,3,3,58,3,2775
1,0,1379,1,4,4,101,0,1625
0,4,2795,0,1,3,121,2,2165
2,0,25,1,3,14,213,3,2795
1,0,793,0,4,3,116,1,838
2,0,58,1,2,9,186,0,2526
1,0,419,1,5,14,121,3,2727
0,5,7164,1,3,14,197,3,5733
0,5,3566,1,2,15,80,2,3229
2,0,95,0,2,12,84,0,1625
0,4,5047,0,3,14,203,2,3011
1,0,419,2,7,2,193,2,1045
2,0,87,1,7,5,199,0,2268
1,0,862,0,3,0,55,3,1971
1,0,1311,2,3,5,177,2,1384
2,0,51,2,6,0,52,3,1736
0,1,1936,0,1,1,298,1,2150
0,4,7014,2,7,8,217,3,3950
1,0,645,0,4,10,274,0,2429
1,0,1600,1,1,8,79,3,2482
1,0,808,1,5,8,257,3,3275
1,0,488,1,7,3,244,0,1656
2,0,48,2,6,5,243,0,2488
0,2,7203,0,5,3,288,2,1218
0,1,4048,2,1,6,98,2,1775
2,0,36,0,2,7,197,2,1389
0,3,2672,0,4,1,76,1,1773
0,5,7907,2,6,7,79,2,5629
1,0,595,0,2,2,129,3,2309
0,1,6423,2,4,10,164,3,3814
1,0,863,1,1,2,281,3,3183
2,0,29,2,2,13,258,2,974
0,5,2027,1,5,9,226,2,2117
0,2,1372,2,2,12,139,2,1131
1,0,1888,0,3,2,233,2,1174
2,0,43,2,5,15,146,1,1290
0,1,829,1,7,3,69,1,1406
2,0,60,0,5,1,272,1,2246
1,0,504,1,5,11,270,0,2106
1,0,944,1,3,10,201,0,2109
1,0,562,0,7,5,190,2,1706
2,0,47,0,7,11,128,2,2255
0,2,2193,2,5,2,278,3,2750
1,0,1170,1,7,4,166,1,1732
2,0,32,0,7,0,236,2,1943
0,4,610,0,2,11,82,1,1121
0,3,191,2,1,3,95,0,1471
1,0,135,0,5,1,216,2,2031
0,1,7355,2,7,10,129,0,3602
1,0,560,1,2,14,94,0,1676
0,3,1929,2,4,9,107,0,2098
2,0,44,0,5,4,169,2,1948
0,1,9423,2,6,5,205,2,4220
2,0,60,2,5,11,123,0,1955
1,0,537,1,3,1,279,0,2128
1,0,483,0,1,6,272,3,2699
1,0,1802,0,1,7,258,3,2546
0,5,6329,1,3,3,141,1,3618
1,0,1702,0,3,2,91,2,1576
0,4,5812,2,4,9,296,2,3715
2,0,49,1,1,2,57,2,1457
1,0,1050,1,7,14,270,0,1657
0,1,8233,0,3,8,120,2,4294
1,0,139,0,1,11,74,1,1138
0,5,304,0,7,6,219,3,2157
0,5,3884,0,2,0,255,2,3314
1,0,716,2,3,3,154,1,1663
0,3,7309,0,4,12,141,3,4150
0,2,5970,2,1,6,68,2,1061
0,2,7607,0,1,1,242,0,2072
2,0,19,0,7,11,272,2,2856
2,0,21,2,6,1,285,2,1699
0,5,741,0,6,3,108,0,1671
1,0,931,0,1,3,262,1,825
0,4,9426,1,6,13,100,1,3330
2,0,69,2,1,13,255,0,1276
0,3,7099,2,7,8,212,0,4072
2,0,74,1,1,7,172,0,1245
1,0,940,1,5,12,228,0,2866
1,0,236,0,3,9,256,3,2136
0,5,1544,0,3,4,213,0,1670
2,0,69,1,3,2,59,2,783
2,0,24,0,6,9,243,0,1668
1,0,733,2,7,5,202,2,1403
2,0,86,2,3,9,74,1,1106
0,4,2850,0,3,11,272,1,1977
0,2,9199,2,5,5,157,3,2375
1,0,1056,2,4,0,50,3,2383
1,0,948,2,5,8,272,0,2512
0,2,3203,1,6,8,278,0,1744
2,0,63,1,4,8,226,3,2045
1,0,1580,0,7,1,62,1,1868
0,5,6921,2,2,12,100,2,3250
2,0,68,1,3,3,252,3,1749
1,0,159,0,7,12,259,1,1635
0,5,4096,0,6,9,189,2,2921
1,0,1295,0,3,6,54,1,477
1,0,709,2,6,12,155,2,2384
0,2,6329,0,5,11,100,0,2259
1,0,1806,0,4,13,147,1,1782
2,0,2,1,6,11,217,1,1788
2,0,84,2,5,3,263,0,2078
0,3,1249,2,1,7,180,2,1629
2,0,32,0,6,8,83,3,2191
0,5,1420,1,3,11,111,2,2045
0,1,2330,1,4,4,174,0,2927
2,0,57,1,6,11,112,0,2010
2,0,75,1,5,13,277,3,2287
2,0,51,0,1,2,77,1,1070
0,1,7973,1,1,2,61,1,2915
0,5,9303,1,2,12,225,0,6232
0,4,2360,0,4,1,203,0,2605
0,1,5402,2,5,11,268,0,3537
2,0,38,0,3,1,66,3,2894
0,3,3694,0,2,3,206,3,3252
2,0,11,2,2,10,259,3,3729
0,2,2184,1,4,9,261,3,3148
2,0,48,0,7,11,152,3,3249
1,0,465,2,7,0,137,0,1868
0,1,4576,0,4,8,293,0,2325
0,3,5868,0,7,13,232,0,2436
1,0,864,1,2,0,274,1,882
1,0,382,1,1,7,65,2,858
0,3,9375,1,4,10,172,1,3142
1,0,364,2,7,13,165,3,2898
1,0,518,1,4,6,148,2,1610
2,0,48,0,6,1,90,3,2425
0,4,9928,1,6,0,296,2,4934
2,0,13,1,1,7,214,2,1773
0,4,3570,2,5,4,135,0,3235
0,3,1748,0,3,13,288,0,2451
0,5,9336,2,5,13,239,2,3491
0,3,2710,1,6,1,187,3,3767
0,1,8964,0,1,2,228,3,4333
2,0,42,1,6,14,142,0,2095
0,3,2221,0,7,12,255,2,2857
0,4,9213,1,2,15,292,2,4277
2,0,31,2,4,0,182,0,2517
1,0,986,1,2,6,237,2,579
0,4,8806,2,7,1,178,2,4092
2,0,18,0,4,10,75,1,1573
1,0,955,0,2,12,84,3,2761
1,0,1377,2,1,9,107,1,1227
1,0,1069,0,4,6,109,3,2694
0,4,337,0,7,2,81,2,1591
2,0,67,1,7,8,197,3,2608
1,0,1855,0,1,2,114,3,2195
2,0,29,0,4,13,244,0,2070
2,0,57,2,4,12,119,2,2022
1,0,1533,0,1,11,297,2,1417
2,0,95,2,6,5,289,3,3227
0,3,239,2,4,10,174,0,2435
2,0,73,0,5,7,172,3,2922
1,0,639,2,5,3,168,3,3144
1,0,853,1,1,12,206,1,1178
2,0,35,1,1,3,193,3,2863
2,0,20,1,5,4,231,2,1557
0,5,7749,0,6,6,55,0,3758
1,0,1558,1,7,8,291,1,1381
2,0,70,0,4,11,111,3,1979
0,3,5847,0,6,7,171,3,2385
2,0,4,0,4,15,133,0,2165
2,0,63,1,2,14,295,2,1776
1,0,1910,1,4,13,130,0,2461
2,0,39,2,1,10,108,1,964
1,0,1603,0,3,12,170,0,2665
0,2,9277,1,2,9,145,3,2352
1,0,743,0,2,12,259,1,1050
1,0,830,0,4,10,63,1,1339
1,0,102,0,4,6,196,0,2517
1,0,1339,2,7,5,259,0,3501
0,3,2016,0,2,2,53,0,1394
1,0,1350,1,7,1,86,0,1882
0,2,6492,2,7,0,86,2,1946
0,3,729,2,4,12,156,1,1473
1,0,1031,1,6,4,144,0,2094
2,0,75,2,6,15,278,3,3162
0,2,5607,0,5,0,194,1,987
2,0,51,2,6,14,264,3,2318
2,0,35,0,4,12,237,2,1915
2,0,25,0,4,9,138,1,1342
0,1,5304,1,6,13,168,3,3402
1,0,1438,2,7,3,236,2,1583
2,0,33,0,3,5,51,1,863
1,0,1327,0,6,6,84,3,2078
0,2,2746,0,1,10,182,1,1129
1,0,1646,1,4,15,281,2,1863
2,0,47,2,5,9,153,1,1510
1,0,1066,0,1,11,264,1,1572
2,0,24,1,5,14,197,3,3040
2,0,54,0,2,4,162,1,1716
1,0,35,2,3,2,148,1,691
2,0,2,0,7,5,156,0,1867
0,2,8342,1,5,1,185,1,2186
2,0,76,0,2,12,64,2,1365
2,0,66,1,6,12,98,0,2221
1,0,1730,1,7,14,201,0,2469
1,0,1789,0,7,7,292,2,2196
1,0,521,1,3,10,260,1,1482
1,0,722,0,7,8,192,2,1701
0,3,8866,2,5,7,106,1,2383
1,0,1569,1,4,0,261,2,1467
1,0,1430,2,1,15,122,3,2715
0,4,5320,2,3,10,99,2,2499
2,0,24,2,2,9,143,2,1100
0,4,93,0,4,7,266,3,2773
0,3,2767,0,1,1,295,2,2158
2,0,6,2,6,8,166,2,1681
1,0,652,1,3,9,231,3,2629
1,0,973,2,3,2,68,3,2421
0,4,7779,1,5,11,223,0,4145
1,0,1320,2,2,3,247,0,1269
2,0,32,2,5,15,66,1,2117
1,0,217,2,5,8,95,3,2359
1,0,1760,0,2,7,147,3,2477
0,5,7793,0,2,15,80,3,4383
0,5,3818,1,2,8,161,3,3562
0,4,2791,1,5,7,189,3,2610
0,5,3238,1,3,2,155,2,3872
2,0,76,0,2,15,139,3,3406
2,0,71,2,3,1,52,0,2237
0,5,5945,2,7,4,171,3,6260
2,0,64,2,6,13,194,3,2639
2,0,93,2,6,11,200,3,2005
2,0,48,2,6,12,289,0,2199
2,0,55,2,6,1,238,0,2009
0,2,9707,0,1,9,283,0,1451
2,0,15,0,3,8,238,0,2024
0,3,1104,2,6,2,94,1,1298
0,4,966,1,1,1,292,3,2525
2,0,1,1,4,8,94,3,3967
0,4,9590,1,4,1,75,2,3771
1,0,1786,1,5,7,100,0,1897
1,0,1114,2,5,6,247,2,1581
2,0,20,0,4,8,72,2,2040
1,0,1942,2,4,4,199,1,1422
2,0,83,1,6,13,283,1,1665
0,2,7328,0,3,5,213,1,1287
1,0,1834,1,1,1,190,0,2064
0,5,526,2,6,14,165,2,1655
1,0,1415,1,6,11,133,1,1629
0,3,4667,2,1,13,150,1,2227
0,4,6614,0,2,5,142,3,3962
2,0,98,0,3,11,276,3,3112
1,0,1318,1,7,9,151,2,2017
0,1,7206,0,1,4,181,3,4874
2,0,1,1,4,8,72,3,2101
0,5,4521,1,5,3,234,2,2651
0,5,345,1,2,3,80,3,2699
2,0,48,2,5,6,87,2,1266
1,0,399,1,2,5,209,1,1444
1,0,966,0,5,3,244,1,1658
2,0,27,0,1,10,191,0,1740
2,0,87,1,5,9,166,2,1165
0,3,1009,1,7,8,296,2,2934
1,0,514,1,2,14,214,1,1932
1,0,1627,2,3,15,50,2,1059
1,0,1751,1,6,13,151,1,1522
0,5,3234,1,1,1,231,3,3698
1,0,229,1,6,10,158,1,1134
2,0,82,1,1,3,297,0,1502
0,3,6220,0,6,15,57,0,3238
1,0,1127,1,6,6,51,3,2243
1,0,1378,1,3,2,99,1,1015
0,2,1874,0,1,9,89,3,2998
1,0,1162,2,4,8,130,0,1493
2,0,39,2,4,1,69,0,1813
1,0,1724,2,6,5,153,1,1695
2,0,33,2,1,15,220,1,1657
1,0,449,2,7,11,166,3,1970
0,3,9068,2,7,15,229,1,3261
0,5,8434,1,5,14,248,2,4738
2,0,92,0,1,0,141,3,2002
1,0,748,2,7,8,104,0,2450
2,0,74,0,7,5,53,0,2571
0,4,596,2,4,8,52,2,1295
2,0,71,1,2,8,123,3,2277
1,0,764,0,6,8,231,1,1148
0,3,6816,2,5,15,55,2,3081
0,2,6527,2,4,1,275,3,3574
2,0,64,2,4,8,118,0,1674
1,0,551,1,4,8,201,1,1098
2,0,20,0,5,4,192,1,1213
1,0,841,2,1,4,126,2,1086
1,0,1737,1,1,2,68,1,905
0,3,3184,2,5,12,171,2,2018
2,0,35,1,5,5,235,2,1698
2,0,82,1,2,11,75,1,1024
2,0,78,0,2,10,283,0,2488
2,0,76,0,1,13,50,0,1685
0,3,7113,1,5,12,85,0,2722
0,2,4685,1,6,9,266,0,2617
0,1,1350,0,4,13,75,2,2106
2,0,30,0,6,5,53,2,1440
1,0,1598,0,4,8,188,0,2789
0,5,1005,0,1,4,189,3,2982
2,0,39,1,7,11,89,1,1925
1,0,355,0,7,12,151,2,1704
0,5,3873,1,5,4,279,0,3786
1,0,1238,1,7,14,186,1,1072
0,5,5832,2,1,11,132,0,3027
1,0,1934,2,3,3,73,0,2639
1,0,1329,1,4,14,104,0,2196
2,0,61,2,3,10,203,2,1283
1,0,780,2,3,13,118,0,1476
0,4,4539,1,4,4,162,0,3042
0,5,9868,1,7,9,223,0,6792
0,2,9665,2,1,7,58,0,933
2,0,66,2,1,3,94,2,1747
0,2,868,0,6,15,293,0,3020
2,0,81,0,6,3,172,0,1877
0,5,9544,2,6,1,106,1,5294
2,0,66,0,5,7,241,3,3034
1,0,458,2,6,14,251,2,2584
2,0,27,1,4,1,116,0,2332
0,3,3820,2,3,3,235,3,2698
1,0,1246,2,2,11,129,3,2319
0,5,9066,2,2,12,132,3,5467
1,0,1585,0,2,3,86,0,2064
1,0,1827,2,2,1,97,1,1696
0,2,2553,0,2,9,71,1,1070
0,2,3709,1,3,7,65,1,1668
1,0,1205,2,5,4,178,1,1375
0,1,2567,1,1,5,144,2,2304
1,0,323,1,2,10,114,3,2180
2,0,90,2,5,5,121,2,690
0,1,4488,1,4,6,184,3,3871
0,5,3434,1,4,5,184,1,2041
2,0,57,0,6,3,74,0,1181
2,0,92,1,3,10,165,2,1564
0,4,5174,0,3,11,123,0,2840
0,2,9297,0,3,2,291,3,2924
0,5,146,2,4,14,190,1,1502
2,0,78,1,4,14,184,1,1437
1,0,235,2,5,2,185,3,2521
2,0,2,1,1,5,218,0,951
2,0,30,2,4,6,63,3,2568
1,0,8,0,5,1,53,3,2464
2,0,6,2,3,1,126,1,1014
0,1,2086,2,6,8,299,2,2710
0,4,7935,2,2,2,270,3,4165
2,0,87,1,7,0,73,1,2355
2,0,19,1,4,11,120,0,1677
1,0,1897,1,3,13,253,0,1901
0,1,9845,2,4,15,87,2,4288
2,0,78,2,1,15,215,2,1461
1,0,75,2,5,9,134,3,3250
1,0,759,1,6,11,167,3,2877
1,0,444,1,5,6,298,3,1966
1,0,1090,2,3,6,158,1,1084
1,0,401,0,7,7,154,0,1857
2,0,13,0,4,1,145,1,1787
0,2,5202,0,6,7,127,2,1516
2,0,88,2,6,12,192,2,1769
0,3,6928,1,4,9,237,1,2310
0,5,1958,0,1,0,279,1,1432
1,0,487,2,5,3,167,1,1354
1,0,233,2,6,8,134,3,2305
0,3,5086,0,4,2,152,1,2120
0,1,31,1,5,5,63,2,975
2,0,44,2,2,1,290,0,1715
2,0,3,2,7,13,104,2,1888
0,2,5183,1,2,4,65,1,850
1,0,90,2,5,1,152,1,1787
0,4,596,0,2,10,111,0,2030
0,2,1921,1,6,7,248,2,1717
0,3,3696,1,4,10,257,0,2319
2,0,19,2,3,5,239,1,1573
1,0,1664,2,3,1,158,0,2308
0,4,8403,0,4,10,152,1,4136
2,0,72,1,2,0,56,2,981
2,0,7,2,4,11,215,3,2641
0,1,9635,0,3,6,90,1,3842
1,0,519,0,3,13,296,0,2665
2,0,13,0,1,13,170,2,973
1,0,1193,1,4,3,298,3,2806
2,0,62,0,7,5,54,1,1455
0,3,8855,0,2,12,244,2,2081
0,5,1834,1,1,10,207,1,2059
0,5,2853,0,7,0,217,1,2910
1,0,688,2,6,5,180,1,1440
1,0,430,1,6,14,218,0,1966
0,4,3030,1,2,8,136,2,1980
1,0,1595,2,4,10,276,2,1554
2,0,8,0,7,2,220,3,3246
0,3,7753,0,3,1,175,3,4924
1,0,210,1,2,3,119,0,1164
1,0,914,1,5,7,66,3,3006
2,0,92,2,5,3,217,3,2372
0,3,1851,0,1,7,66,0,1464
0,5,1554,1,3,10,172,3,3279
0,4,4359,0,2,3,291,3,3175
0,4,723,1,2,13,52,2,1377
0,5,2622,1,2,8,125,1,1770
0,4,703,2,5,2,80,3,2836
2,0,2,0,7,11,243,0,2493
2,0,61,1,2,13,173,2,1651
0,4,9198,1,1,3,71,1,2854
2,0,83,1,5,0,84,2,1966
0,4,9368,1,6,8,68,1,3718
1,0,987,2,3,9,150,2,1111
2,0,40,1,3,6,70,2,593
2,0,98,2,5,3,269,2,1713
0,3,8159,2,1,7,214,2,2773
0,2,5384,2,5,13,180,3,2566
1,0,818,1,3,8,193,0,1387
1,0,1242,2,7,1,244,0,2034
1,0,1545,2,3,6,177,0,2260
0,2,9076,0,7,8,140,1,804
0,2,6432,1,6,4,124,0,1612
2,0,78,0,7,3,74,0,1629
1,0,634,1,5,9,93,3,2764
0,4,8943,0,3,12,105,0,4025
1,0,545,2,1,0,116,3,2054
0,1,6487,0,2,2,59,3,4058
2,0,54,2,3,15,156,3,3025
2,0,48,1,2,2,195,0,1822
1,0,1848,2,5,0,217,0,1997
2,0,97,2,3,8,114,2,1320
2,0,19,1,6,13,191,1,1302
1,0,557,0,1,15,184,3,3185
0,2,6038,1,6,15,245,3,2629
2,0,7,0,5,6,56,3,2717
1,0,1500,0,4,1,257,3,2721
2,0,42,0,4,8,224,3,2639
1,0,664,2,6,15,199,1,1916
1,0,1394,0,6,11,161,0,2079
1,0,174,1,6,9,137,0,2446
2,0,48,0,7,5,124,3,2491
1,0,229,2,7,5,275,3,2637
0,5,4102,2,3,14,131,1,3661
0,5,5779,2,3,10,171,2,3023
1,0,1190,0,6,5,64,1,1204
1,0,1025,1,3,10,160,1,1792
0,5,8517,1,3,11,238,3,5031
2,0,22,2,2,11,231,1,1022
1,0,65,2,6,14,277,0,2116
0,2,4099,1,7,12,260,3,2538
1,0,1494,0,7,10,262,3,2404
1,0,390,1,7,8,119,0,2292
0,5,9925,1,1,14,240,2,5289
1,0,115,1,6,10,59,0,3217
0,2,577,2,7,2,113,1,1327
0,5,8682,0,6,1,262,0,6776
1,0,1902,0,6,13,284,1,1742
0,5,4246,0,4,5,156,0,3648
1,0,277,2,3,6,235,3,2718
2,0,53,2,5,15,151,2,1845
2,0,97,1,1,14,223,2,1953
2,0,95,1,4,14,262,2,1486
1,0,303,0,3,0,186,0,1284
2,0,64,2,3,11,135,0,1542
0,1,7413,2,4,14,220,3,4638
1,0,1966,1,6,9,89,0,1841
1,0,1024,0,2,10,117,3,2636
2,0,71,0,3,12,139,1,926
0,4,3777,1,6,12,183,3,4869
1,0,1680,1,5,3,95,1,1290
1,0,154,1,3,1,104,3,4149
1,0,118,2,5,14,245,0,2926
0,5,9942,1,3,6,64,1,5071
1,0,172,1,5,1,131,2,1898
0,3,5272,0,3,15,143,2,2192
1,0,1571,2,5,8,228,0,2428
0,4,8493,2,5,2,200,1,3957
1,0,1598,2,4,1,138,2,1710
0,1,2880,2,6,11,150,1,2282
2,0,52,2,6,14,291,0,3344
1,0,825,1,6,15,124,3,3411
0,5,1669,1,7,15,220,3,3675
0,4,9100,2,4,10,188,0,4262
2,0,91,2,1,2,99,2,1329
1,0,1974,0,3,13,187,2,2034
1,0,1958,2,4,15,136,3,2187
1,0,786,0,3,0,128,1,1514
1,0,1731,2,5,13,237,2,2405
1,0,838,0,1,1,281,0,2148
0,3,6039,1,1,12,91,0,2911
2,0,39,2,6,8,272,3,2544
0,2,2230,2,5,3,136,0,1223
0,4,6425,1,2,4,251,3,4681
2,0,64,1,2,13,177,0,1370
2,0,95,1,4,13,142,3,2437
2,0,32,1,1,1,132,3,1622
0,4,2060,2,5,11,261,0,2407
1,0,1110,2,7,5,206,3,2361
2,0,54,2,5,13,279,0,2258
1,0,439,1,2,4,164,0,2636
2,0,9,1,5,10,81,3,2268
2,0,60,0,4,7,257,1,958
1,0,1528,0,4,5,216,0,1774
1,0,1950,2,2,1,247,3,3213
0,4,500,0,2,7,105,0,2290
1,0,332,1,2,0,262,0,1707
2,0,7,0,5,9,82,1,1277
2,0,83,2,1,12,212,2,1306
1,0,227,0,6,13,83,0,1675
1,0,539,1,1,2,75,0,1877
0,2,9592,2,5,8,276,2,1794
1,0,464,1,3,12,149,0,1875
2,0,26,2,2,6,195,2,1988
1,0,1902,1,5,5,59,3,2352
2,0,81,0,1,15,236,2,1593
0,3,4923,0,3,12,151,0,2529
2,0,10,0,6,7,134,1,1395
0,3,8814,1,4,6,289,0,4064
0,4,1258,1,3,13,254,0,2198
2,0,28,0,1,15,176,2,1707
0,4,9516,1,4,14,209,3,4730
2,0,34,0,5,7,79,1,949
0,4,9532,2,3,7,220,3,5345
2,0,53,1,5,12,156,1,1570
1,0,214,2,3,10,245,0,2164
0,3,2977,2,5,1,103,0,2814
1,0,1990,2,2,11,133,0,1413
2,0,62,2,4,10,291,3,2920
1,0,662,0,6,5,278,0,2629
2,0,79,2,2,13,197,0,1464
0,1,2747,1,6,15,125,3,3961
0,2,627,2,2,3,196,3,2342
2,0,38,0,7,8,128,0,1443
2,0,95,1,1,15,212,2,1235
2,0,67,1,5,2,272,1,1155
0,4,3079,2,2,0,134,3,3202
1,0,810,2,7,4,206,3,3581
2,0,93,0,1,14,271,3,2483
0,5,5707,2,7,1,197,3,5075
1,0,36,1,7,3,56,1,1923
2,0,15,2,1,14,132,1,1449
2,0,66,2,5,2,286,1,1341
0,4,8414,1,6,14,291,1,4603
0,3,1520,1,4,10,137,1,2121
0,3,7446,2,6,7,217,0,2853
2,0,63,1,7,2,244,3,2839
1,0,311,2,1,15,191,0,2045
0,4,4938,0,1,15,70,3,3112
0,4,6003,2,2,4,105,1,3325
0,2,7934,0,3,14,221,1,1939
0,5,2084,0,5,5,55,1,2531
2,0,68,1,4,2,210,2,1190
0,3,1525,0,5,0,107,3,2781
0,1,4046,2,2,2,180,2,2124
2,0,15,1,7,13,138,0,2185
2,0,82,1,3,13,172,2,970
1,0,1079,0,7,0,228,0,2480
1,0,1086,2,7,9,241,0,2173
2,0,15,0,1,2,147,0,1826
2,0,58,1,5,9,271,1,2004
0,4,3655,2,2,9,146,1,2254
1,0,7,2,7,8,220,3,3248
0,3,8315,1,5,13,268,2,3448
2,0,12,0,3,11,138,3,2591
2,0,40,2,2,1,254,1,1219
2,0,21,1,5,15,53,0,3512
0,2,1118,0,1,0,211,1,1104
0,2,5487,1,4,14,215,1,1579
2,0,52,2,6,3,240,1,831
2,0,62,1,7,4,69,0,2309
1,0,1534,0,6,15,184,1,2165
1,0,1651,2,5,5,238,2,1363
0,3,2881,2,3,11,63,0,2766
0,1,1708,1,4,14,167,2,1899
0,5,6327,0,5,14,173,2,3301
1,0,923,2,2,7,133,3,2664
0,1,2679,2,5,6,109,0,1924
1,0,1862,0,5,1,278,1,1550
0,4,9661,0,2,10,139,2,4773
0,1,2131,0,1,13,193,0,2637
1,0,1848,1,5,15,240,2,2004
1,0,1084,2,4,12,264,3,3065
1,0,1337,0,5,5,224,2,1560
0,5,3909,2,3,12,91,0,4015
2,0,19,1,7,0,220,3,2807
2,0,76,0,1,4,161,3,2815
0,3,6305,2,3,0,63,1,2208
0,3,8163,0,4,8,287,3,3663
1,0,951,0,6,13,181,0,2503
1,0,184,2,3,10,147,2,1514
2,0,83,0,5,0,129,2,1638
0,2,3938,2,6,1,92,2,1602
0,5,6990,2,5,11,294,1,3625
0,2,3021,2,5,2,285,3,3589
0,4,1713,1,5,4,281,1,2052
2,0,32,2,3,13,215,3,2603
2,0,99,2,7,7,195,2,1872
2,0,25,2,5,15,51,0,1721
2,0,79,0,1,13,234,1,1262
1,0,79,2,5,10,92,0,1944
1,0,158,2,3,7,205,3,3049
1,0,1630,2,4,15,169,2,1317
0,2,7961,0,5,12,82,3,2644
1,0,1948,0,6,1,111,2,2548
1,0,762,2,5,10,299,1,1566
1,0,1557,2,6,3,256,1,1652
2,0,79,1,1,5,232,1,1124
2,0,46,2,2,10,168,3,1935
1,0,895,0,5,14,171,3,3478
0,5,7196,1,4,6,139,1,2999
2,0,11,1,6,6,76,3,2848
2,0,29,0,6,1,90,3,3206
0,5,9900,1,6,1,123,3,4923
2,0,46,1,6,1,139,0,1619
0,4,5530,0,6,3,249,1,2886
1,0,456,2,2,12,254,1,1272
2,0,90,1,6,12,91,3,2661
2,0,57,1,3,5,209,1,1344
2,0,87,0,3,2,260,2,1390
2,0,62,1,7,14,80,0,2453
1,0,1490,1,3,4,275,2,1840
0,2,5613,1,6,4,249,1,2220
2,0,15,1,1,5,131,0,2075
2,0,41,1,4,6,50,3,1959
2,0,39,1,6,4,167,3,2330
0,2,7894,0,3,8,262,2,1637
2,0,50,2,3,1,167,3,2582
2,0,44,2,6,8,257,1,1816
1,0,1418,0,4,4,207,3,3946
1,0,525,0,1,13,122,2,1433
2,0,37,1,4,9,273,1,1292
2,0,30,2,2,7,140,2,1155
1,0,1059,1,7,12,289,2,1579
0,3,5069,1,2,14,184,3,3348
0,1,9714,2,3,4,260,0,4362
0,5,4768,1,1,1,267,2,3556
2,0,5,1,2,15,79,3,2710
0,4,9913,1,7,15,206,2,4736
0,1,9757,0,3,8,175,0,4747
2,0,69,2,6,13,259,2,1384
0,1,3294,1,5,5,62,0,2213
1,0,492,2,5,5,144,3,2086
0,2,7379,0,2,13,229,2,1538
2,0,10,0,6,6,116,1,1062
2,0,9,2,2,7,172,1,1353
2,0,9,2,5,13,81,2,1162
1,0,520,1,5,6,299,3,2761
2,0,88,0,2,7,214,1,1074
1,0,650,0,5,15,111,3,2818
2,0,56,1,1,14,263,2,1283
1,0,431,1,6,8,233,2,2465
2,0,36,2,6,14,271,1,1691
1,0,639,2,7,15,286,1,2090
0,4,8026,1,6,0,274,3,5466
0,3,7116,0,1,1,180,3,2858
1,0,1505,2,4,4,202,0,1608
0,2,9565,2,7,6,287,0,2318
1,0,574,0,6,6,113,3,3192
0,4,9592,2,3,1,279,2,3592
2,0,91,2,5,4,211,3,2491
2,0,95,2,5,13,189,1,1627
2,0,60,2,6,6,239,0,1642
1,0,1758,2,3,10,155,2,1399
1,0,1343,2,4,9,190,3,2433
2,0,27,1,4,4,110,3,2748
2,0,77,0,2,6,238,0,2032
1,0,436,1,6,12,111,0,1899
1,0,548,1,6,3,155,0,3051
2,0,15,2,6,7,127,3,2108
0,4,7069,2,2,2,153,3,4605
2,0,68,0,2,8,56,1,1344
1,0,1939,2,2,14,91,0,1942
1,0,2000,2,1,15,289,2,1803
1,0,1772,0,7,11,161,1,1457
1,0,272,1,4,2,156,3,3080
0,4,4472,1,2,0,289,2,2658
0,5,8102,1,1,6,180,1,4135
1,0,363,1,7,8,187,3,2610
2,0,10,2,1,13,124,3,3065
0,2,2921,2,1,3,226,0,1354
0,5,692,1,1,15,142,2,2201
1,0,1578,1,5,10,265,1,1814
0,4,8228,1,1,11,68,2,2824
1,0,44,2,4,13,123,2,1884
0,4,3682,0,5,7,187,0,3900
1,0,480,2,2,10,132,2,1765
1,0,382,1,6,3,292,2,1728
0,4,8121,2,1,15,78,3,5221
2,0,99,1,4,12,93,1,933
2,0,20,0,1,14,106,0,2191
1,0,242,1,3,12,140,3,2711
1,0,1554,2,6,5,135,3,3128
0,4,138,0,5,15,263,3,2871
2,0,65,2,3,2,138,3,2871
1,0,511,1,5,6,190,0,1834
2,0,26,2,2,8,292,2,1208
1,0,1040,0,7,3,145,1,1580
0,3,5624,2,6,15,60,1,2018
0,5,556,0,7,0,134,2,1813
1,0,656,0,2,5,164,2,1620
2,0,1,2,7,1,214,3,4071
0,4,4476,0,2,11,212,3,3901
1,0,1073,1,1,5,118,1,986
2,0,13,0,4,6,153,3,2495
1,0,784,1,2,15,290,3,2672
2,0,17,1,3,13,249,2,1273
1,0,7,0,4,0,94,2,969
2,0,67,1,1,11,79,1,1223
0,4,4406,0,5,13,137,0,2547
1,0,822,2,1,10,147,1,1646
1,0,1332,1,3,6,54,1,740
1,0,1996,1,2,13,194,3,2404
0,5,9883,0,5,14,138,3,7531
2,0,48,0,6,9,234,1,1591
1,0,658,1,4,5,64,1,1294
1,0,360,1,6,10,162,3,3717
0,4,8422,2,6,6,198,0,3636
2,0,44,1,5,10,289,2,2179
2,0,47,1,6,8,226,0,1979
0,1,9939,2,3,8,210,1,3549
0,3,8279,2,4,9,152,1,3117
1,0,1572,0,4,3,278,2,1232
2,0,68,2,5,11,192,1,1178
2,0,69,2,5,7,192,1,1309
0,5,9868,0,3,12,67,0,5634
2,0,88,0,6,9,258,2,1090
1,0,1923,0,3,8,89,0,1608
2,0,11,1,2,13,73,2,1319
2,0,11,0,3,9,79,3,2087
2,0,88,2,6,1,243,1,981
0,3,8554,2,3,8,127,1,3694
1,0,1961,2,3,10,171,2,1939
2,0,47,1,5,15,274,1,1735
2,0,84,2,4,6,70,3,2661
1,0,1852,1,5,6,233,0,2019
0,2,9500,0,5,11,156,0,2435
0,1,3542,1,6,5,285,3,4117
2,0,16,1,1,12,160,1,905
1,0,804,1,4,5,220,2,1622
0,1,1883,0,3,5,210,3,3088
2,0,65,0,5,4,103,0,2982
1,0,540,0,1,6,99,0,1259
1,0,851,1,3,0,215,2,1208
2,0,36,2,2,3,192,0,1756
1,0,568,0,3,13,130,1,1253
1,0,792,0,2,4,173,2,1793
0,4,8119,1,3,9,204,0,4570
0,2,6674,2,2,13,200,2,1180
1,0,689,0,6,4,63,3,3318
0,3,375,1,5,12,138,0,1885
1,0,1265,1,6,5,50,3,2414
1,0,359,1,7,5,114,1,2519
0,5,498,0,2,2,132,2,1570
2,0,8,1,3,11,189,0,1847
2,0,77,2,3,4,154,2,2210
2,0,10,1,1,2,217,0,2090
1,0,1868,1,3,6,105,1,1004
0,4,437,2,6,5,91,1,2005
2,0,67,0,7,15,144,3,2696
1,0,1584,2,7,10,237,0,1834
1,0,1423,1,6,3,291,3,2801
2,0,17,1,7,1,121,3,2849
1,0,1947,1,1,10,95,1,1079
1,0,193,1,6,9,195,3,3357
2,0,24,1,1,15,216,3,3111
2,0,76,1,6,3,161,0,902
2,0,39,2,5,4,299,2,1292
2,0,13,1,7,5,62,1,1729
1,0,615,1,5,5,63,0,1461
0,1,5189,1,4,11,251,1,2326
1,0,1863,1,3,5,285,1,2121
0,4,8536,1,6,6,126,0,4038
0,5,1270,2,3,2,178,2,1789
1,0,1267,2,4,14,286,1,1836
0,4,2081,1,3,3,115,2,1674
2,0,94,0,2,1,90,3,2217
0,1,9616,0,3,11,174,1,4327
2,0,29,2,1,2,160,2,1123
1,0,97,2,4,5,264,3,1900
1,0,1621,2,1,9,286,0,1881
0,1,2845,2,4,0,252,3,4522
2,0,40,1,4,10,66,0,2909
2,0,16,1,2,9,81,2,968
0,1,427,2,6,8,257,3,1769
0,3,9681,1,2,12,227,2,2834
0,1,8152,0,3,5,156,1,3687
1,0,604,1,2,12,165,3,3550
2,0,4,1,6,12,88,2,1473
0,5,933,1,5,9,177,1,2264
0,1,2593,2,2,0,128,3,3338
1,0,1032,0,4,14,150,2,1883
2,0,98,2,6,3,232,1,1308
2,0,53,2,2,5,73,1,619
2,0,70,2,6,12,299,2,2537
1,0,705,1,3,9,145,2,1541
1,0,614,0,5,8,68,1,1237
1,0,1530,0,6,5,50,0,1941
2,0,75,1,5,11,293,1,1563
2,0,14,0,6,1,211,0,2806
2,0,72,2,7,10,113,2,1713
2,0,4,0,5,13,215,2,2159
2,0,88,0,1,2,209,2,1352
2,0,63,2,2,7,157,2,1231
1,0,680,1,7,15,52,3,3327
1,0,1444,2,1,12,118,0,1998
1,0,1787,2,2,7,244,2,984
1,0,520,0,2,0,152,2,921
0,5,8611,2,2,10,237,0,4757
0,4,5207,0,1,11,63,0,2515
0,3,4080,1,7,5,95,0,2171
0,5,9566,1,2,14,175,1,5033
2,0,87,2,5,6,51,3,2170
0,3,6729,0,6,10,67,2,2966
1,0,798,2,6,4,142,3,3074
1,0,1475,1,2,0,220,3,2121
1,0,1159,0,4,2,208,0,1394
1,0,1212,1,6,7,222,1,1425
1,0,595,1,7,2,136,0,2391
0,2,4922,1,2,5,273,1,798
0,1,3075,1,6,3,239,0,3122
0,3,6692,2,5,15,154,2,2361
2,0,80,2,1,7,232,2,837
1,0,400,1,3,4,288,1,1428
0,5,1564,0,5,6,71,3,3847
0,2,1001,2,6,1,234,0,2132
0,3,6082,0,1,13,212,2,1716
1,0,259,0,6,5,220,3,2569
2,0,81,0,6,11,158,1,1184
2,0,29,2,1,13,195,0,1888
1,0,1661,0,5,11,214,3,2379
2,0,87,0,7,15,131,2,2240
1,0,388,2,7,15,192,3,3236
2,0,0,1,4,2,183,2,1801
1,0,1432,0,6,4,284,0,2819
2,0,61,1,5,0,142,0,2206
0,4,7849,2,4,1,146,2,3022
2,0,38,2,5,15,61,1,1383
1,0,756,0,6,11,108,0,2231
2,0,7,0,3,12,159,2,1783
0,3,2764,0,7,14,208,0,3139
0,2,5737,2,6,10,211,0,1779
1,0,1935,0,4,2,148,0,1678
0,5,3876,0,5,0,153,3,3984
2,0,86,2,3,10,79,3,1886
0,1,3307,0,2,12,217,3,4040
2,0,88,0,2,4,242,1,1643
2,0,28,2,3,9,241,3,3573
1,0,14,1,6,6,69,1,1401
1,0,121,0,6,5,136,1,1679
1,0,159,1,6,15,246,3,4128
1,0,1826,2,1,6,276,2,1242
0,1,8729,0,6,5,98,2,4138
2,0,2,0,4,0,221,1,1613
1,0,1309,2,6,9,284,3,3543
0,1,5204,2,1,13,191,0,2116
2,0,70,2,7,3,232,1,1964
1,0,857,1,2,2,151,3,2611
0,4,8097,0,7,14,72,2,3586
0,4,7185,0,2,14,244,0,3244
1,0,849,0,6,5,201,0,1792
0,5,7429,1,4,15,269,3,5521
0,1,9460,0,1,7,294,2,3575
2,0,68,0,2,11,60,2,967
2,0,21,0,4,10,201,2,2343
1,0,1696,2,6,8,267,3,2830
0,2,7954,1,3,14,115,1,1616
2,0,69,0,7,10,73,0,3326
2,0,43,0,3,7,189,1,1743
1,0,866,1,7,13,232,2,1503
0,3,5438,0,6,15,66,3,2881
0,3,4915,0,7,0,277,3,4601
2,0,81,2,3,2,72,3,2522
2,0,73,0,3,11,155,1,826
1,0,1412,2,4,15,236,3,2843
0,5,2910,1,5,12,193,0,2792
1,0,1707,2,2,7,281,2,1643
1,0,1239,2,1,7,55,1,1064
0,3,5413,2,1,3,73,2,1495
1,0,618,0,5,12,208,3,2597
1,0,1190,0,5,3,176,1,1472
0,4,226,1,3,6,93,2,824
1,0,1399,2,5,15,75,3,3630
1,0,1747,2,6,3,143,2,2249
1,0,1252,1,6,9,141,2,2052
0,2,1828,0,2,15,218,0,2264
2,0,13,0,4,3,265,3,2472
0,2,6124,0,1,0,159,0,2134
2,0,81,0,3,11,296,3,2320
0,3,2771,1,5,13,78,0,2581
1,0,1397,2,5,7,55,1,1244
2,0,14,2,4,6,98,0,1780
2,0,23,1,5,11,291,2,1230
2,0,37,1,2,12,116,2,1504
1,0,413,1,1,4,106,2,1614
0,5,3974,1,3,2,276,3,3516
0,5,2767,2,1,14,198,1,2453
2,0,52,0,5,13,65,3,2714
2,0,38,1,6,13,250,2,2559
2,0,32,1,6,0,283,1,2140
2,0,33,0,3,5,94,1,1344
0,1,5065,0,4,5,172,0,3681
2,0,75,2,7,1,291,3,2642
1,0,1208,0,1,15,199,2,1847
1,0,1718,0,2,4,85,3,2353
1,0,245,0,1,5,243,1,1115
0,2,2476,2,7,3,150,3,2742
0,3,5423,0,5,0,255,1,2630
1,0,991,0,1,9,129,3,1570
1,0,910,2,5,10,202,1,1751
0,5,1136,0,7,0,53,0,3421
0,4,2810,1,5,10,165,3,3601
0,3,7714,0,5,2,227,2,3855
2,0,88,2,2,12,103,1,870
0,4,6847,2,3,5,148,3,3522
1,0,1826,1,1,3,103,3,2541
2,0,28,0,1,11,75,0,1781
0,4,1830,1,6,12,180,1,2654
0,3,6269,2,5,8,118,0,3288
1,0,576,0,7,8,248,2,2330
2,0,35,1,1,12,101,2,1197
1,0,1771,0,6,2,261,1,1167
2,0,50,2,3,14,258,2,1617
0,4,5694,1,5,11,229,2,2845
2,0,5,2,5,7,99,1,1588
0,2,6474,0,5,10,161,0,2057
1,0,923,1,4,15,263,3,2788
1,0,426,0,3,7,242,0,3224
1,0,422,1,7,5,85,2,2097
1,0,1285,0,4,6,167,2,1366
1,0,1040,1,4,2,268,0,1737
1,0,918,2,5,14,186,0,3018
0,2,9814,0,2,11,234,2,1393
0,5,4570,1,1,4,173,3,3490
1,0,159,2,5,12,249,2,1598
0,3,7315,0,2,15,73,2,2518
1,0,1559,2,2,13,264,0,1951
2,0,87,0,5,5,265,3,2546
0,2,1958,0,3,7,59,2,998
2,0,12,2,2,12,109,1,764
1,0,1791,2,5,0,86,0,2266
2,0,72,0,1,9,69,2,1085
2,0,49,2,1,0,172,1,592
1,0,961,2,5,6,189,0,1267
1,0,147,2,5,12,285,2,1834
0,4,2626,1,6,9,87,1,1397
0,1,1233,1,6,14,283,2,1950
0,2,6597,1,5,6,283,0,2169
0,1,1469,0,4,2,76,1,1429
2,0,50,2,4,4,136,3,2329
0,1,4179,2,1,0,246,1,2449
0,4,2591,2,7,15,271,1,2798
0,4,8561,1,6,14,178,2,4359
1,0,585,2,5,8,260,1,931
2,0,1,2,6,12,52,0,2479
2,0,25,1,6,12,54,0,2116
0,5,7735,1,3,3,295,1,3882
2,0,25,1,1,9,154,0,1495
1,0,1621,2,1,9,247,1,1585
1,0,937,2,6,14,186,3,3088
2,0,33,1,6,13,136,1,1095
0,5,2885,1,2,4,161,2,2494
1,0,1770,2,6,13,262,3,3650
0,4,5011,2,1,6,181,2,2466
0,5,7532,2,5,13,72,2,5052
1,0,1533,2,7,2,196,2,2274
0,3,8539,1,6,15,270,3,4042
1,0,1891,0,6,8,230,3,2385
0,2,4896,0,3,13,78,1,1198
0,5,3471,0,6,15,223,3,4166
0,2,9120,1,6,15,162,3,2593
0,3,7649,1,4,11,239,2,2412
2,0,90,0,1,3,195,2,1234
0,1,8961,1,6,3,181,2,4130
2,0,28,0,3,2,222,2,1564
1,0,1160,2,6,13,74,1,1507
2,0,98,1,2,13,182,1,1469
2,0,12,0,1,14,94,1,835
0,2,8713,2,6,14,171,3,3336
2,0,26,1,6,6,213,2,1547
0,4,1417,2,5,1,101,0,2724
2,0,70,2,6,5,236,2,1695
2,0,86,2,2,2,273,1,1938
2,0,79,2,3,11,151,1,1226
2,0,73,1,6,7,249,0,1771
1,0,1508,0,2,4,189,0,2096
2,0,42,2,7,2,91,3,2963
0,4,7994,1,5,1,192,2,3538
1,0,1439,0,2,11,205,2,1144
0,3,133,2,7,12,277,1,689
2,0,80,0,1,13,239,1,1021
2,0,89,1,3,1,174,3,2308
0,3,800,2,1,10,70,3,2237
1,0,1582,0,2,0,294,1,1421
1,0,635,1,6,5,285,0,3031
2,0,36,1,4,14,138,2,2158
0,5,2225,1,7,11,106,2,2536
0,1,1642,1,1,9,61,1,1793
0,3,8345,1,2,15,94,0,3502
2,0,20,1,7,6,224,1,1868
1,0,365,1,5,11,216,2,1141
1,0,594,2,3,6,70,3,2024
1,0,477,1,6,1,222,1,1520
0,1,2541,0,3,0,226,3,2938
0,3,7440,1,5,12,209,0,3060
1,0,1948,0,5,3,276,1,1210
0,3,4355,1,6,15,264,3,3272
1,0,1586,0,3,14,53,0,2745
0,1,6129,1,6,12,235,2,4046
2,0,19,1,7,13,245,0,2670
2,0,31,1,5,2,66,2,1725
2,0,84,0,5,11,276,0,2548
0,3,3569,0,6,4,179,1,2119
0,1,5356,2,5,15,55,1,1940
1,0,155,1,4,1,78,1,1273
1,0,1885,1,4,11,59,1,1156
2,0,20,0,2,2,176,1,1734
1,0,957,0,7,8,252,0,2712
1,0,1046,2,2,0,284,1,1003
0,4,5569,1,6,4,97,3,4255
0,1,539,2,6,5,240,0,1193
1,0,672,2,6,10,162,3,3272
2,0,84,0,2,15,67,1,1335
0,1,5738,2,3,10,56,3,3164
2,0,5,0,4,9,151,0,2122
0,5,1019,2,7,12,225,1,2106
0,5,9117,2,7,3,52,2,5258
2,0,98,2,5,2,183,3,2263
0,3,5984,2,5,10,109,1,1965
0,4,8203,1,1,7,175,2,3317
2,0,43,1,4,5,52,3,2372
0,4,1375,0,3,7,208,3,3892
0,1,1632,2,7,0,124,1,1256
1,0,1509,1,2,11,192,3,2208
1,0,1718,0,5,11,221,2,2176
2,0,41,1,3,13,181,0,2390
0,2,2496,2,1,11,140,3,2773
0,5,846,2,6,14,299,2,2191
1,0,1151,2,2,12,62,0,1888
2,0,31,1,4,14,122,2,2338
0,1,1765,1,2,2,284,2,2688
1,0,911,0,7,1,51,3,4049
2,0,61,2,5,7,259,3,2742
0,2,4256,2,1,3,65,1,846
0,2,1382,1,3,8,144,1,735
1,0,1149,0,2,11,95,3,2756
1,0,137,1,5,5,280,2,1219
1,0,1830,2,1,11,53,0,2093
0,3,2810,1,6,6,188,1,1850
0,4,5162,1,1,12,240,0,3110
1,0,658,2,1,7,283,1,1197
1,0,1121,1,2,8,223,1,691
2,0,74,0,6,5,187,3,2308
0,1,1273,2,2,12,255,2,2191
0,4,7757,0,5,6,139,1,4186
0,3,9772,0,2,13,154,3,3649
0,2,8400,2,3,9,237,1,1467
1,0,652,2,1,14,135,3,2374
1,0,1430,1,4,2,94,2,1616
0,2,5955,2,1,14,225,1,1644
2,0,42,2,7,0,87,2,2636
1,0,1159,2,1,11,54,1,1127
0,1,944,2,3,8,216,3,2525
0,1,8932,0,7,5,93,2,4440
0,5,5507,1,7,14,290,2,3598
1,0,404,1,6,8,154,2,1141
1,0,165,1,7,1,258,0,2343
2,0,8,1,2,11,196,0,1279
2,0,89,1,2,14,87,2,1279
1,0,1891,0,2,10,207,0,2908
1,0,1281,0,7,3,178,1,1981
2,0,29,2,6,8,194,3,2242
1,0,1190,2,7,2,236,2,2434
2,0,0,0,6,0,269,3,3220
1,0,862,0,2,4,89,1,1160
0,5,2898,1,3,7,144,1,2432
1,0,7,2,2,12,233,3,2931
2,0,34,1,3,0,208,2,1588
1,0,568,0,4,11,90,3,2236
0,2,5480,2,1,5,99,1,1231
0,2,7408,0,1,5,246,3,1913
0,3,4980,2,3,15,158,2,2890
1,0,1342,2,3,8,190,1,1071
1,0,1133,0,6,11,133,1,1428
0,5,3946,1,6,13,222,2,2278
2,0,24,2,4,4,176,2,2610
0,1,4382,1,2,5,82,3,3292
0,1,6895,2,1,7,295,2,3566
2,0,42,2,4,14,101,2,1330
0,5,3711,1,2,14,166,3,2831
0,3,3538,2,3,9,193,1,1452
2,0,58,0,6,6,193,1,1843
0,4,7876,0,6,15,194,2,4707
1,0,326,2,5,0,253,3,2604
1,0,1706,1,2,13,128,3,3308
1,0,241,0,1,0,125,1,1103
2,0,94,1,2,5,68,3,2438
0,3,2380,2,3,12,57,0,1968
0,5,4095,1,2,6,147,3,3497
0,3,5981,2,7,15,295,3,4529
0,2,2130,2,3,10,122,1,993
2,0,92,1,4,2,251,2,1906
2,0,68,2,4,6,260,2,1295
0,4,6042,2,3,8,212,1,2604
0,2,3550,0,5,2,209,3,3389
2,0,76,1,3,2,84,2,1116
0,5,3631,1,4,1,96,2,2474
2,0,77,0,4,9,113,2,1586
1,0,1064,1,4,3,207,2,1954
0,1,4619,0,6,1,179,2,3509
0,1,3228,2,1,11,240,0,2343
1,0,1424,0,2,0,76,0,2389
1,0,630,2,2,14,268,2,1510
0,4,6547,2,4,10,144,0,5572
0,2,5334,1,2,14,149,0,2127
0,2,6917,0,7,0,85,0,2077
1,0,651,2,1,5,280,3,3170
2,0,20,0,4,4,147,1,1096
1,0,1393,0,3,5,202,0,1650
1,0,1062,1,1,7,223,3,2132
0,3,8370,2,5,13,70,0,3388
0,3,7898,1,6,4,201,2,2829
1,0,1010,0,3,4,292,1,1989
2,0,66,0,3,8,60,0,1617
2,0,65,1,2,2,74,3,2470
1,0,881,2,6,0,59,0,2225
0,5,6135,1,1,1,277,3,5370
1,0,1798,0,1,1,114,0,1871
2,0,13,0,6,6,185,3,2405
0,3,4296,1,7,12,196,3,4069
0,3,7436,1,6,12,207,3,3908
0,5,911,1,5,5,67,2,1470
0,5,4081,0,6,0,288,0,3231
2,0,15,0,1,15,110,1,1323
1,0,479,1,4,11,51,2,2321
0,1,8099,1,5,11,73,0,4112
1,0,1791,2,1,8,79,1,1058
1,0,1976,0,2,5,233,3,2585
2,0,34,1,6,15,291,2,1944
0,5,7047,1,5,13,269,1,4122
1,0,1717,2,6,11,110,3,3314
0,2,5776,1,2,6,255,1,967
0,3,7294,2,3,5,149,3,3164
2,0,27,0,6,0,293,1,1361
2,0,3,2,7,8,172,0,2241
0,5,6841,0,5,13,238,0,5371
2,0,8,1,7,10,120,3,2337
0,5,1033,0,2,1,173,0,2271
2,0,55,1,6,6,272,2,1436
2,0,45,2,6,5,99,0,2977
1,0,712,0,6,9,259,3,2977
0,2,6911,1,6,4,143,1,1502
1,0,328,2,3,11,277,1,1843
2,0,43,2,1,2,214,2,1114
1,0,1437,2,4,13,233,1,1989
2,0,36,1,4,13,214,1,1640
1,0,988,2,1,13,119,3,2874
2,0,90,2,3,2,128,1,615
0,2,9421,2,6,14,253,2,1492
1,0,225,2,3,6,284,0,1246
0,2,1342,2,5,11,55,0,1442
1,0,1310,0,4,13,108,3,3590
1,0,1852,0,5,9,64,1,1369
0,5,2264,0,6,15,187,0,3494
1,0,1616,2,6,0,120,1,2030
1,0,949,1,1,6,122,0,1452
0,5,4098,2,4,3,173,2,3075
0,2,6476,2,7,0,93,1,1576
1,0,24,2,7,9,202,0,1774
2,0,26,1,2,0,202,1,489
0,1,6698,2,3,12,76,3,4543
2,0,98,0,5,5,54,0,2636
2,0,76,0,3,0,155,2,1433
2,0,69,1,1,0,249,2,864
2,0,90,2,6,5,111,1,1029
2,0,31,1,3,4,144,1,608
2,0,13,1,4,5,209,0,2016
1,0,325,2,2,15,220,1,1421
0,2,5831,2,4,7,191,0,2364
2,0,95,0,6,10,266,2,2259
2,0,85,0,5,4,273,3,2794
2,0,30,1,6,2,162,1,1570
2,0,5,0,5,13,166,1,1236
0,2,5177,0,6,11,173,3,2404
0,1,1625,0,6,6,86,1,1130
2,0,24,0,6,13,163,1,1310
0,4,899,2,1,12,132,2,1025
2,0,57,0,2,15,214,0,2910
1,0,809,0,4,15,133,0,2315
1,0,1927,1,3,8,270,1,1672
0,1,4601,0,2,4,134,2,1908
2,0,96,2,7,12,130,0,1767
0,3,9467,1,5,2,146,3,3519
1,0,41,0,5,0,202,0,2276
1,0,111,0,6,10,254,3,2273
1,0,1974,2,1,2,245,0,1685
2,0,53,0,1,14,250,3,2647
1,0,100,1,4,6,52,3,2232
0,5,8441,1,4,7,262,2,4334
0,4,2425,0,5,6,128,3,2540
0,4,5755,0,4,1,176,2,3934
1,0,691,1,4,9,279,0,1976
1,0,1019,2,4,6,178,3,2853
2,0,65,1,2,0,115,0,1819
2,0,81,0,3,6,249,2,1009
1,0,1821,2,3,11,237,2,1690
0,3,7530,2,4,12,263,0,2867
0,1,8594,0,1,0,188,3,4502
1,0,727,1,4,12,139,2,1791
0,2,3,2,2,11,159,0,1456
0,5,5550,0,3,4,128,3,4178
0,4,7564,0,3,4,290,2,4163
2,0,9,2,4,1,161,2,1917
0,4,7812,1,7,10,108,2,3077
2,0,65,2,1,10,199,0,1514
2,0,91,2,7,11,260,2,2420
1,0,1051,1,6,9,244,1,1263
0,3,8445,1,5,6,154,3,4542
2,0,62,0,6,0,106,1,1826
2,0,98,0,6,14,225,2,2699
1,0,1431,0,2,7,254,1,1169
1,0,495,0,1,11,107,1,1056
1,0,1555,1,5,0,290,0,1954
2,0,35,0,4,6,193,0,2558
0,2,4581,1,1,10,164,2,1085
0,5,4910,0,4,2,274,1,3732
0,4,5439,1,7,14,123,3,4386
1,0,1212,0,4,6,62,0,2006
0,2,3136,0,1,13,210,1,1454
2,0,25,0,6,2,213,1,2098
0,1,1763,0,2,5,263,1,2359
0,2,2883,1,7,3,142,3,2629
1,0,1659,1,5,10,167,0,1670
0,2,1051,1,3,6,192,3,2069
1,0,1861,1,2,9,151,2,1308
2,0,6,1,6,9,96,3,2225
2,0,32,2,2,1,89,0,1540
0,2,4281,1,1,14,77,3,2625
2,0,72,2,4,8,94,3,2313
1,0,1377,0,1,12,236,1,1552
1,0,1930,1,6,8,112,0,2323
0,1,7701,0,7,6,295,3,5250
1,0,1103,1,7,13,64,0,2138
1,0,1856,1,5,8,89,0,2534
1,0,1544,1,3,4,209,3,2502
1,0,1470,0,4,7,84,0,2143
1,0,242,1,1,6,56,0,1880
0,2,7905,0,4,12,209,3,3058
2,0,75,2,4,9,176,0,1536
0,3,4313,0,6,0,285,0,2716
0,1,7992,0,7,0,94,3,5662
2,0,31,2,1,2,84,0,2176
0,1,189,2,3,9,248,1,1890
0,3,4070,0,4,0,156,0,2475
2,0,67,1,5,6,162,0,1646
0,2,7322,2,1,15,190,3,2551
1,0,1595,1,1,10,242,3,3344
1,0,1597,0,5,5,272,3,3037
2,0,24,2,4,15,116,2,1331
1,0,1875,0,7,11,74,2,1173
2,0,74,2,7,14,258,0,2395
1,0,1462,2,1,4,218,2,1457
2,0,22,0,4,11,229,0,2383
0,1,6384,0,5,2,67,3,3990
0,5,5479,1,1,15,247,2,3463
1,0,458,0,5,12,289,3,2517
2,0,56,1,6,6,216,0,2516
2,0,45,2,4,15,278,0,1753
1,0,1990,0,3,10,128,2,1275
0,3,2584,2,6,2,169,0,2743
0,3,6667,2,1,13,71,0,2905
0,4,976,0,3,12,51,1,1639
2,0,49,2,1,6,262,0,1385
1,0,664,2,2,13,64,3,1985
2,0,15,0,5,8,286,1,1250
0,3,2254,1,2,0,187,0,2393
0,5,957,1,1,6,152,1,974
1,0,1894,2,6,9,128,1,1330
1,0,370,0,1,13,114,3,3106
2,0,12,1,4,4,162,0,2020
0,3,4157,1,3,7,178,1,1915
2,0,96,2,2,1,277,3,2336
1,0,1221,1,6,13,146,0,1800
0,4,5716,1,6,6,128,2,2767
2,0,13,0,7,8,213,0,2336
0,5,3263,2,6,14,273,2,4087
1,0,658,1,5,11,143,2,1117
0,1,8046,0,6,0,259,3,5583
0,4,2733,0,1,4,50,1,1266
0,4,6767,2,2,3,222,0,3529
0,3,2727,1,2,13,292,3,4340
0,2,9805,2,2,12,199,1,725
1,0,304,2,3,7,254,0,2499
0,5,3150,2,2,1,194,3,3730
1,0,902,1,3,15,109,0,1896
0,3,1546,2,3,13,225,3,2941
0,1,1996,1,6,4,121,3,3128
1,0,1541,1,7,0,67,0,2439
0,5,8291,1,5,4,186,3,6037
0,2,5932,1,7,7,145,1,1309
1,0,1015,2,1,15,132,2,933
1,0,1713,2,3,0,236,2,1489
2,0,64,2,5,3,197,0,2023
1,0,1893,2,4,7,292,0,1485
2,0,16,0,7,6,292,0,1451
1,0,1727,2,6,5,86,2,1896
0,4,5606,1,3,5,230,2,2353
2,0,71,0,5,11,56,1,1349
2,0,33,1,6,0,229,1,1576
0,1,3000,1,7,4,80,1,2252
1,0,698,1,2,14,148,1,1009
2,0,82,1,4,6,236,2,971
2,0,37,1,5,2,216,3,2141
0,3,680,0,7,7,296,1,2146
1,0,1380,2,5,11,288,3,3878
2,0,36,2,4,14,252,0,2463
0,1,3996,0,3,2,188,3,3022
0,4,3604,1,1,7,274,2,2825
1,0,774,0,4,6,272,0,2341
1,0,1591,1,6,3,70,3,2545
0,3,2525,2,5,11,180,3,2883
0,3,5887,1,4,8,82,0,2282
2,0,58,1,6,5,240,1,1411
0,2,3586,0,5,15,236,2,1279
2,0,47,1,2,0,190,0,1803
1,0,1708,2,6,6,142,3,3173
1,0,838,2,5,4,179,0,1864
1,0,1045,1,1,0,132,0,1310
2,0,67,2,7,1,113,0,2211
2,0,1,0,2,9,296,0,1863
1,0,403,0,6,2,219,2,1703
1,0,1888,1,4,7,98,1,1714
1,0,1920,0,6,2,235,2,1817
1,0,661,2,5,8,146,1,1057
1,0,1856,2,6,8,102,0,1757
1,0,875,0,7,1,125,3,2192
2,0,63,2,5,8,82,0,2148
0,3,7092,2,4,11,132,1,2319
1,0,579,2,3,15,142,2,1231
1,0,1886,2,1,4,50,0,1962
1,0,248,1,1,2,85,0,1478
1,0,1946,1,1,10,222,3,2542
1,0,1024,0,2,11,191,1,1059
1,0,1590,2,2,1,247,2,1216
1,0,870,1,3,7,111,1,1314
1,0,1118,1,5,10,225,2,2028
1,0,60,1,5,12,161,3,2462
0,1,2956,1,2,6,115,3,3446
2,0,79,1,7,12,75,1,1385
1,0,1082,0,5,7,212,0,1654
1,0,1602,2,4,7,81,2,1184
0,3,7567,2,6,4,105,3,4377
2,0,78,0,5,0,173,2,1494
0,1,3589,1,5,6,126,0,2422
2,0,80,1,1,15,124,1,1187
2,0,2,0,5,1,58,3,2673
2,0,56,1,7,11,91,1,1095
0,2,8180,1,3,14,254,0,1948
1,0,25,0,6,4,119,3,2427
2,0,99,2,7,3,265,1,1486
0,3,2024,1,5,2,243,1,2417
0,3,5583,2,2,6,209,3,2982
2,0,1,1,4,3,272,0,1687
2,0,54,2,4,11,128,3,2370
1,0,1592,0,6,5,215,0,2227
1,0,1379,2,2,6,198,0,1194
2,0,77,0,2,10,85,1,925
0,1,8109,0,4,14,111,2,3552
2,0,18,1,5,4,162,1,1530
1,0,1977,1,4,15,288,3,3068
2,0,5,0,3,2,231,3,3082
2,0,42,2,2,12,79,0,1405
0,2,5743,2,4,14,202,2,1557
0,5,4994,1,1,13,284,2,3534
1,0,1238,0,7,11,190,0,1803
0,4,4127,1,3,11,291,0,3717
0,5,8264,1,2,10,250,2,4952
1,0,1564,2,1,7,77,1,1223
0,2,6484,1,7,5,281,0,2842
2,0,46,2,1,5,130,2,1184
1,0,919,1,1,13,120,0,1729
0,5,7762,2,6,11,113,2,4180
1,0,1140,1,7,2,234,2,2444
2,0,21,2,2,8,101,1,1150
0,5,4302,1,6,0,230,3,4513
2,0,96,2,2,6,223,1,615
0,1,7397,1,7,0,192,0,4426
1,0,1236,0,7,12,111,2,1365
2,0,6,1,1,4,144,2,1563
0,3,3635,2,2,9,80,1,1265
2,0,21,1,7,14,123,3,3813
2,0,89,1,4,14,164,3,2689
2,0,67,0,1,0,85,3,1975
2,0,38,2,4,1,64,1,1425
2,0,80,1,6,0,54,2,1950
1,0,934,1,4,0,122,3,2853
1,0,1964,1,2,14,282,2,1465
1,0,171,0,3,7,292,0,1935
0,3,6299,0,5,14,157,3,3716
2,0,57,1,1,6,232,3,2613
0,3,6069,0,3,15,91,2,2330
0,3,2072,0,6,0,141,0,2138
2,0,48,1,4,11,125,0,2088
2,0,35,1,5,14,220,3,3764
1,0,1520,1,7,12,81,2,2657
1,0,1031,0,2,3,83,2,1313
2,0,1,1,2,2,285,0,1906
2,0,65,0,3,4,233,3,2993
0,1,6910,0,3,7,210,3,3230
0,3,6258,2,1,13,143,3,3671
1,0,71,0,3,4,254,3,2585
2,0,46,2,3,10,195,1,1105
0,4,7094,1,4,5,96,2,2840
2,0,79,2,2,8,254,2,1052
0,5,3967,2,1,0,139,2,2475
0,4,3581,0,4,5,212,2,2320
0,3,477,0,2,1,191,1,1455
0,2,1825,2,2,3,175,0,1581
0,1,7955,0,6,3,166,1,3065
2,0,70,1,3,10,274,2,2074
2,0,98,1,4,5,207,2,1407
2,0,21,0,2,4,176,3,2723
2,0,61,0,2,8,113,1,1240
0,2,4360,1,6,12,81,2,1868
0,1,8057,1,1,3,229,1,2790
2,0,53,1,1,10,211,1,1629
0,4,6654,0,1,2,190,3,4437
2,0,39,0,7,15,195,1,2019
2,0,28,2,1,9,143,3,1874
0,1,166,2,5,6,155,0,1088
1,0,514,1,2,3,295,2,1541
0,3,3746,2,1,8,67,3,3313
0,5,8432,2,6,13,213,0,5439
0,1,1216,2,3,6,50,0,1566
2,0,59,2,6,12,93,3,2364
2,0,19,2,7,10,221,1,1975
2,0,11,0,4,6,193,0,2342
2,0,15,1,4,14,188,0,2228
1,0,1457,0,4,9,250,2,1801
1,0,129,0,3,6,266,0,1857
0,4,3103,2,6,4,188,2,1561
2,0,20,1,6,9,247,3,2528
2,0,44,0,6,6,111,3,2100
2,0,50,2,4,6,117,0,1841
0,5,5779,1,7,12,168,3,3963
1,0,1257,1,3,9,183,0,2269
2,0,36,2,3,7,127,0,1799
0,2,216,2,7,5,149,3,2558
1,0,997,2,7,15,143,0,2938
1,0,250,2,7,13,166,0,2229
0,2,1066,2,6,4,108,1,1043
2,0,38,0,6,10,226,1,1779
1,0,1510,1,4,11,134,1,1385
0,2,8162,0,7,11,243,0,1702
1,0,1098,2,4,0,274,0,2525
2,0,77,1,1,15,148,0,1952
1,0,1233,1,1,3,74,0,1361
2,0,55,2,4,2,183,0,2245
0,5,6296,1,7,15,163,2,3927
2,0,53,2,2,3,162,1,1012
0,3,2670,1,1,14,299,3,3202
1,0,575,0,7,0,72,3,2359
2,0,95,0,1,12,166,3,3569
1,0,809,2,4,10,113,2,1510
1,0,390,2,2,10,182,3,1928
1,0,1409,2,3,8,237,1,1726
0,1,8585,0,3,4,113,3,4414
0,4,4444,0,6,4,253,3,3257
2,0,98,2,6,12,53,2,2074
1,0,1828,2,4,6,70,1,1617
1,0,1557,2,4,15,294,1,1568
1,0,1099,2,6,15,74,0,1749
0,1,3956,1,7,1,178,3,3247
1,0,1718,1,1,6,242,3,2854
1,0,442,1,5,0,169,0,2012
1,0,304,0,1,8,264,0,1530
2,0,8,0,7,5,242,0,1897
1,0,1948,2,3,15,162,3,2749
2,0,64,1,3,10,85,3,2552
1,0,1780,0,3,13,135,0,2893
2,0,3,1,6,2,162,2,1576
1,0,888,1,6,13,221,0,1944
2,0,91,1,3,4,184,3,2080
2,0,45,1,1,1,76,0,2058
2,0,79,2,1,12,114,3,2354
0,4,7337,0,5,5,102,0,4845
2,0,24,0,6,4,273,0,2266
0,2,7475,1,4,13,50,3,2118
1,0,1654,2,1,3,184,3,2812
2,0,2,0,3,6,273,0,2286
1,0,1423,2,4,3,197,1,1437
1,0,920,0,2,13,281,3,3177
2,0,79,2,3,5,180,0,1350
0,2,5608,1,1,13,221,1,1236
2,0,38,0,7,13,142,2,1986
1,0,1660,1,7,2,299,1,2105
1,0,697,1,4,6,74,1,1348
1,0,588,1,6,4,80,0,1606
1,0,861,0,2,8,298,1,1476
0,4,7148,2,3,0,117,0,3530
0,2,8148,1,2,8,79,0,1559
2,0,6,0,1,13,130,3,2720
2,0,28,1,2,8,123,1,968
1,0,1980,1,4,13,215,2,1402
1,0,150,0,2,8,247,3,2917
0,4,2722,2,4,13,186,0,2431
0,4,3624,2,5,8,238,2,3122
2,0,1,2,5,8,68,3,3236
2,0,61,2,6,13,247,2,2317
2,0,11,0,2,12,294,0,2023
0,2,5875,0,2,15,233,1,1887
2,0,46,0,6,0,294,2,2092
1,0,1200,1,3,14,222,1,1666
1,0,1365,2,6,14,291,3,2679
2,0,80,0,6,10,271,2,1691
0,1,7226,0,5,12,89,1,3197
1,0,441,0,6,6,181,0,2547
1,0,47,0,6,8,264,3,3270
1,0,845,0,6,14,235,2,1599
0,2,7916,0,1,12,53,1,768
2,0,71,0,1,12,203,3,2732
2,0,81,2,5,8,51,3,2458
2,0,18,2,3,5,181,3,2028
1,0,1814,1,2,14,96,3,3071
2,0,42,1,6,5,150,3,3161
0,3,6474,2,5,10,252,0,3583
1,0,1588,1,1,11,148,3,1941
2,0,59,0,6,8,70,1,1376
2,0,68,0,2,15,66,3,3131
1,0,1741,0,1,12,226,3,3619
1,0,532,1,3,14,218,0,2022
0,4,8442,2,7,15,85,2,4346
2,0,42,0,6,0,87,3,2997
0,3,5259,1,7,1,61,2,3300
1,0,574,1,7,4,277,3,3372
0,5,1069,2,4,14,223,0,2091
0,5,3271,2,3,2,139,3,3466
0,5,4731,1,4,3,151,3,4813
1,0,353,1,6,3,147,2,1745
0,3,2886,0,1,2,109,1,1555
1,0,1527,1,2,8,54,2,695
2,0,80,1,6,0,136,3,2793
2,0,74,0,4,3,154,0,2543
0,2,4113,2,3,9,282,0,2268
1,0,1926,0,6,12,299,2,1877
1,0,792,0,7,15,127,0,1960
2,0,99,0,4,7,128,0,1786
2,0,61,1,6,7,207,3,2423
2,0,7,1,3,12,153,1,1439
2,0,38,0,7,8,176,2,2471
2,0,18,2,7,7,251,1,1367
2,0,91,0,1,9,203,1,788
2,0,61,0,3,13,117,0,1661
2,0,35,2,6,5,216,2,1542
0,2,5626,1,2,7,136,1,511
1,0,255,1,7,15,134,0,1916
2,0,65,1,4,6,123,1,1024
2,0,31,1,3,9,74,1,1403
2,0,73,0,6,3,147,3,3221
0,1,9246,0,6,14,195,2,4858
2,0,23,2,5,7,54,2,778
0,3,9142,1,2,0,98,0,3594
1,0,963,2,2,3,204,1,1020
0,2,7760,1,6,13,108,2,1506
0,4,7809,0,5,6,126,1,3070
0,5,3637,0,5,11,59,0,2908
1,0,1382,2,2,15,182,0,2549
1,0,792,2,6,4,78,2,2189
1,0,405,1,7,12,295,1,1244
2,0,44,1,3,11,280,2,1377
0,1,6474,2,5,11,263,2,2410
2,0,8,2,6,2,207,1,1513
0,2,8405,1,2,14,252,1,1392
1,0,1421,1,7,0,274,0,1979
0,2,369,2,4,4,108,3,2869
1,0,1267,0,1,6,239,0,1776
0,3,9088,1,7,3,166,0,3214
2,0,42,0,2,6,231,1,892
0,4,3018,1,1,14,298,3,3552
1,0,1352,0,7,1,260,2,2228
0,3,3403,2,1,9,231,1,2065
2,0,38,2,6,2,196,1,2789
0,4,289,2,1,9,223,3,2681
1,0,1360,2,6,0,104,3,3432
2,0,1,1,3,0,270,0,1795
0,1,9237,1,2,10,291,3,5884
1,0,119,2,6,3,189,0,1773
2,0,42,1,3,9,60,0,1536
2,0,32,0,2,11,162,0,2811
0,3,9041,1,1,4,71,3,4706
1,0,99,0,6,10,171,1,1325
0,4,7423,2,4,2,210,0,3906
2,0,96,1,6,4,72,2,1888
1,0,91,0,7,0,247,3,3030
0,2,6292,2,2,0,223,3,3604
0,4,9818,2,1,3,240,0,4990
0,1,2195,1,5,6,83,3,2745
0,1,6573,0,6,12,203,2,3542
0,1,8592,2,5,6,296,0,3198
0,3,5320,0,5,10,84,2,2050
2,0,29,0,5,12,116,3,2205
1,0,970,2,7,5,208,0,2015
0,2,5847,2,4,9,226,1,1482
2,0,82,1,2,10,143,2,1642
1,0,399,1,1,4,122,1,973
0,2,2010,0,5,14,175,3,3439
0,4,1295,2,6,15,240,2,1742
1,0,1374,2,5,7,187,3,3310
1,0,1959,1,4,2,250,2,1702
1,0,369,1,1,2,164,0,1533
0,2,4208,0,1,8,243,3,1916
1,0,1015,1,4,12,282,3,2866
0,1,9597,0,1,9,107,1,3307
2,0,84,2,2,0,207,2,1082
2,0,34,0,6,3,213,0,2119
2,0,48,2,4,7,190,3,3247
2,0,56,2,4,12,191,3,2265
2,0,41,1,5,3,152,1,1354
2,0,2,0,6,1,125,3,2753
2,0,4,2,2,2,137,0,1600
1,0,1410,2,2,14,198,1,1186
1,0,24,0,4,11,242,2,2098
1,0,1415,0,7,12,72,1,1823
0,3,6119,2,6,9,237,1,2085
1,0,75,0,2,11,72,0,2473
0,5,7973,1,1,2,290,1,4684
1,0,1494,1,6,14,192,1,1495
0,4,1505,2,3,6,120,0,1761
0,4,9982,2,6,7,100,3,5069
2,0,83,2,4,8,156,2,1140
0,5,9146,0,2,0,97,2,4045
1,0,1966,1,7,3,164,3,2560
0,5,8453,1,3,6,109,1,3867
1,0,1651,1,2,5,190,2,1470
1,0,1990,0,3,15,106,0,2341
0,5,7955,2,6,9,185,3,5687
2,0,43,1,4,6,193,0,2032
0,2,7676,0,3,6,229,3,2499
2,0,23,0,2,15,263,2,1825
2,0,86,0,6,0,72,2,1829
0,4,315,1,3,5,263,1,866
2,0,25,0,6,6,95,3,2601
2,0,48,2,5,0,164,3,2965
1,0,1945,1,7,10,176,1,1068
0,2,1299,2,6,10,215,3,3361
1,0,923,1,7,12,275,3,3220
1,0,1504,1,2,1,100,3,2487
2,0,29,1,2,9,107,0,1536
0,5,5676,2,2,10,197,3,4338
2,0,96,0,6,12,169,3,3332
1,0,1510,1,5,13,138,0,1606
2,0,58,0,2,6,147,3,2132
2,0,11,1,2,0,112,3,1780
2,0,60,0,5,11,222,3,1730
0,5,7968,2,3,15,151,2,4950
0,4,3443,2,4,1,94,1,3041
1,0,1150,1,6,8,286,1,923
1,0,54,0,6,12,119,2,2033
0,4,1239,1,5,5,64,2,1596
2,0,16,1,5,2,130,0,1686
1,0,1959,1,7,10,66,3,3291
2,0,62,1,3,11,152,2,1133
0,2,7189,2,2,9,211,2,1589
0,5,2165,0,4,1,176,2,2572
0,5,7063,2,4,4,83,0,4136
1,0,1796,0,6,4,146,3,3154
1,0,1405,0,5,5,217,0,2086
0,2,6113,1,7,12,255,3,1951
0,4,1430,1,7,12,85,0,2330
0,1,5157,0,2,3,57,3,3842
0,3,830,1,7,7,243,2,2441
0,1,1597,1,5,3,295,3,3147
1,0,1377,0,4,3,267,1,946
2,0,43,1,2,2,138,2,1229
0,4,7044,2,5,7,215,2,3143
0,3,9604,2,1,6,132,3,3572
1,0,1935,1,5,15,85,3,2869
2,0,26,2,6,7,271,2,1598
0,2,9259,1,4,12,175,2,1711
1,0,659,2,4,3,195,3,1844
2,0,38,1,1,7,94,0,1444
0,1,2883,0,1,0,73,2,2068
1,0,352,0,2,9,163,1,951
2,0,13,2,6,1,54,0,2153
1,0,1604,0,3,8,118,1,994
0,4,1715,2,7,3,112,1,1371
0,2,465,2,4,9,116,3,3231
1,0,39,0,3,10,288,0,2356
1,0,893,1,4,1,86,1,1312
1,0,1567,1,7,0,245,1,1463
0,3,9683,0,7,8,280,0,5176
2,0,77,0,4,10,289,3,3348
2,0,53,1,7,1,285,1,1807
0,5,8916,1,4,5,112,1,4640
1,0,1979,0,3,7,89,3,2631
2,0,6,0,1,4,283,3,2256
0,4,7871,2,1,5,100,0,2775
1,0,779,1,3,8,146,0,1246
0,3,5846,0,1,14,54,3,3610
2,0,28,1,1,14,109,0,2548
0,4,6590,1,7,6,68,0,3052
1,0,1779,0,6,13,50,0,2363
1,0,867,2,6,10,101,0,2399
0,4,7513,1,7,8,271,3,4580
0,3,5557,2,6,13,147,3,3258
0,1,5792,2,3,14,184,1,3129
2,0,53,0,5,2,72,0,2647
2,0,77,1,2,9,203,1,1356
0,4,1222,2,3,15,279,0,2130
1,0,1251,2,6,15,233,2,1485
0,4,2363,2,2,9,168,0,2746
2,0,8,2,6,12,76,3,3110
0,3,2740,1,3,13,127,1,1381
2,0,61,1,4,1,224,1,1067
0,4,942,2,1,2,147,0,2147
1,0,1378,1,3,15,295,2,1668
2,0,87,0,4,4,160,2,1376
2,0,8,0,5,7,96,2,1316
1,0,276,1,7,10,209,0,2627
1,0,1364,1,7,1,201,3,3187
0,2,7699,2,2,15,77,3,3038
2,0,69,2,2,0,80,1,1130
0,3,7724,0,4,1,161,3,3725
1,0,1672,2,1,14,242,1,1539
1,0,520,0,4,14,105,2,1597
0,2,8406,1,1,7,251,2,606
1,0,691,2,1,12,122,0,1942
2,0,21,2,4,5,186,1,1208
1,0,1931,2,6,1,181,3,2875
0,4,8773,2,6,11,209,3,6093
2,0,18,0,5,0,72,0,1953
0,1,3731,1,3,7,268,0,4130
0,2,8155,2,6,3,74,0,2935
1,0,755,2,1,3,60,2,844
1,0,371,2,1,14,135,3,3365
2,0,7,2,2,5,158,2,1931
2,0,51,1,4,12,286,1,1785
2,0,88,1,6,14,131,0,2581
0,4,9425,0,1,9,84,1,3495
2,0,40,2,4,5,110,2,1083
1,0,1091,0,3,5,89,3,2028
0,5,3150,2,3,0,208,0,3425
2,0,78,0,5,6,228,0,1316
0,1,3220,1,2,6,189,0,2686
0,2,298,1,1,2,138,2,1009
0,1,502,1,5,1,68,3,3218
1,0,826,1,7,6,198,0,2598
2,0,9,1,2,10,283,2,1245
0,1,1743,2,1,14,135,0,2281
2,0,67,2,1,12,259,2,1096
2,0,23,2,2,6,267,1,1486
0,1,3974,2,7,8,250,0,3482
0,1,3080,2,6,4,241,1,2542
1,0,1539,0,5,7,260,2,1688
2,0,16,1,2,3,91,2,1799
2,0,93,1,3,10,192,0,1461
1,0,666,1,4,3,129,1,1278
2,0,60,2,1,4,54,0,1474
2,0,88,2,4,12,88,0,2465
2,0,68,0,1,9,87,2,1226
2,0,89,1,1,11,265,1,1013
2,0,97,1,7,1,288,2,1587
2,0,42,2,7,14,218,2,1296
2,0,83,1,5,2,299,1,1377
2,0,31,2,4,10,54,3,2580
1,0,1495,2,2,6,247,0,1684
2,0,67,0,7,2,94,1,1787
2,0,44,1,1,13,188,0,1276
1,0,1914,0,3,4,59,2,1585
0,1,4334,0,2,2,102,1,2386
0,4,2352,0,6,15,69,2,1991
0,3,8443,1,1,9,54,0,3202
1,0,571,2,7,13,65,2,2005
2,0,19,2,2,1,178,0,1808
0,1,9969,1,3,14,65,3,4350
0,1,9844,1,5,7,86,0,4570
1,0,1158,1,5,4,288,0,2078
0,2,3711,0,5,11,114,2,1761
1,0,1902,0,2,3,60,3,3062
2,0,74,0,2,1,189,1,1843
1,0,449,0,3,0,139,3,2927
0,3,4132,2,1,8,291,1,2309
2,0,35,0,6,8,253,0,1276
0,4,9122,2,1,3,226,0,3542
1,0,124,0,1,3,243,0,1245
1,0,1588,2,3,15,226,3,2123
0,4,1812,0,4,8,71,0,2070
2,0,27,2,3,4,282,1,1064
1,0,677,2,2,15,190,3,2945
0,3,5815,2,2,3,61,3,3261
2,0,78,0,1,2,164,2,1015
1,0,407,1,7,1,160,2,1749
2,0,42,2,4,9,211,3,2311
2,0,18,1,1,11,130,0,2451
1,0,1105,2,5,5,89,0,2086
2,0,21,0,6,2,251,3,2752
2,0,36,0,4,12,217,2,1457
1,0,1271,0,4,8,262,0,1523
1,0,1804,1,2,7,244,2,1255
0,5,6507,0,2,14,99,1,4220
1,0,830,1,1,2,136,3,2175
0,3,8951,0,7,15,174,3,5474
2,0,62,2,7,9,293,1,1993
1,0,120,0,4,12,74,3,2402
0,5,2620,1,7,9,93,0,2865
2,0,95,0,4,13,166,2,1587
0,3,6615,2,5,14,243,0,4178
2,0,61,2,3,3,86,1,1792
0,5,5009,2,4,13,255,2,3223
0,5,7493,0,1,0,145,3,6438
0,3,4045,1,4,3,104,3,3166
2,0,24,1,2,11,278,1,1284
1,0,1328,0,1,10,148,0,1493
1,0,839,0,5,5,216,2,2735
0,5,6014,0,1,1,126,0,3397
1,0,359,1,5,12,63,3,2611
1,0,1839,2,2,0,150,0,1478
1,0,929,0,7,7,253,3,2917
2,0,61,0,5,2,212,0,2442
0,1,9089,1,2,12,79,1,4144
2,0,46,1,5,8,181,1,1078
1,0,1814,1,2,7,202,1,1161
1,0,333,2,6,1,189,1,2363
1,0,1389,0,7,14,253,1,1926
1,0,40,2,7,3,76,2,1530
2,0,8,1,7,5,128,0,1534
2,0,39,1,7,13,84,2,1325
1,0,1435,2,4,4,171,3,2262
1,0,104,2,5,12,263,0,2213
1,0,1500,1,5,2,241,3,3141
2,0,21,1,6,8,261,1,1704
2,0,60,2,4,5,126,2,1479
0,2,1018,1,2,10,85,0,1999
2,0,49,0,1,12,255,0,2534
1,0,370,1,7,7,217,1,2037
2,0,91,1,3,4,218,1,1122
1,0,1318,2,2,6,101,3,1723
0,4,9953,2,6,9,109,2,5416
1,0,1311,0,2,11,282,1,1685
0,4,6415,2,1,12,232,3,5267
2,0,20,2,4,3,102,0,1827
0,5,6229,0,3,10,82,2,3234
1,0,827,2,7,0,245,1,1433
0,3,4193,2,4,0,91,0,2263
2,0,37,2,3,2,177,1,1433
2,0,96,1,2,5,74,3,2235
2,0,7,0,3,13,54,0,1414
1,0,535,0,5,12,285,2,2237
0,4,135,0,3,8,252,3,2373
0,1,3983,2,4,2,151,2,2307
0,1,8328,1,3,2,156,0,3164
2,0,38,1,2,1,63,1,692
0,4,8163,0,2,12,209,3,4615
0,2,2728,0,3,1,157,1,2141
0,2,3695,0,5,8,275,3,1894
2,0,83,0,4,3,50,1,930
2,0,3,2,6,13,209,3,2645
2,0,64,1,7,0,106,1,1364
0,3,7678,0,7,8,252,3,3708
2,0,19,1,5,9,78,0,2336
0,3,3252,0,1,5,193,2,1422
2,0,60,0,6,12,125,0,1797
2,0,71,0,2,8,192,3,2118
0,5,3038,0,2,14,115,2,2764
2,0,26,2,7,10,226,3,3678
0,4,7367,2,6,7,105,3,5696
1,0,52,2,1,4,147,1,495
2,0,17,2,1,14,152,3,2539
0,4,6738,1,4,3,295,3,6355
2,0,42,1,5,11,184,0,1608
2,0,86,0,3,4,224,0,1527
2,0,23,1,4,9,269,3,2398
2,0,44,2,4,9,194,3,2110
2,0,68,0,2,8,275,2,1221
2,0,62,0,7,3,277,2,1548
2,0,14,1,2,9,276,0,2390
2,0,18,0,4,2,98,2,1010
2,0,93,2,5,13,265,1,1558
0,5,5067,2,1,8,164,1,2983
1,0,1034,1,5,7,118,2,2007
2,0,35,0,7,8,104,2,1212
0,1,6972,2,1,9,247,1,2632
2,0,84,2,5,12,275,3,2927
0,1,9351,0,3,6,274,0,3844
1,0,271,0,7,8,145,0,1744
2,0,6,2,5,10,295,2,3079
1,0,62,1,2,10,260,3,1983
2,0,24,1,3,2,287,1,1087
0,4,9811,2,3,11,61,0,3898
2,0,76,1,7,15,195,2,2225
1,0,1154,2,6,8,67,1,880
1,0,1645,1,4,11,122,0,2199
2,0,73,0,6,15,121,1,1501
2,0,21,0,5,8,294,1,2104
1,0,179,1,5,8,243,3,2441
0,3,5618,2,6,6,284,1,1758
0,5,5872,1,3,5,198,2,3627
1,0,964,1,5,0,208,3,3640
0,2,1921,1,2,8,299,0,1892
1,0,1642,1,3,15,68,2,1443
2,0,67,1,5,15,78,0,1951
1,0,1828,0,7,2,242,0,2031
2,0,17,2,3,2,262,2,1950
2,0,64,0,2,4,173,1,824
2,0,45,2,2,0,286,3,1947
2,0,26,2,4,11,94,3,2401
0,4,4730,2,4,11,158,0,2210
1,0,516,1,6,9,114,1,806
0,2,9149,1,5,4,153,0,2260
2,0,71,2,3,3,241,3,2265
2,0,38,1,3,11,223,3,2786
0,5,3962,1,6,12,259,2,2799
0,5,2622,0,4,4,181,2,1782
1,0,656,2,1,14,294,3,2696
2,0,67,0,1,14,142,2,1702
1,0,383,2,4,1,202,1,1160
1,0,1133,1,1,12,74,2,1201
2,0,69,0,1,8,296,2,1490
2,0,48,0,3,1,293,3,2359
2,0,32,2,1,4,293,2,1337
2,0,45,1,2,12,255,1,1116
2,0,88,2,3,12,54,2,867
2,0,94,2,7,9,153,1,1970
1,0,1102,1,5,12,80,2,1092
1,0,412,0,6,7,83,1,1151
1,0,1229,2,7,7,289,0,1461
0,2,6933,1,7,14,122,0,2790
2,0,17,2,1,15,84,3,2314
1,0,335,2,6,5,176,3,2892
1,0,995,2,5,7,268,0,2220
1,0,626,0,2,11,248,3,2380
2,0,50,0,1,8,162,3,1815
2,0,11,0,1,3,199,1,1504
2,0,53,2,6,5,124,1,1419
1,0,1527,0,2,15,87,1,1577
2,0,60,2,2,2,271,2,1040
2,0,46,1,6,7,143,1,569
1,0,185,1,7,2,77,1,1458
1,0,24,2,1,14,125,3,2955
0,3,2314,0,5,15,82,3,3816
1,0,1582,0,3,11,194,3,2393
0,4,9857,1,6,3,276,2,6233
0,5,2799,2,5,14,228,0,3363
1,0,1006,2,2,14,211,1,1784
2,0,56,2,2,1,227,0,2421
2,0,90,1,5,13,122,1,1741
0,5,9947,1,3,0,69,3,5557
1,0,1510,0,3,2,118,3,2354
0,5,8270,1,4,5,154,2,3751
2,0,97,2,2,14,271,3,2492
1,0,498,0,1,15,216,0,2500
2,0,85,0,2,11,226,3,2280
1,0,466,2,2,6,141,2,1091
1,0,1557,2,1,14,84,1,1488
2,0,43,1,1,3,288,3,2603
0,2,5589,0,2,8,57,3,2056
1,0,98,1,4,0,59,3,2157
2,0,82,2,5,15,207,0,1297
0,5,5562,1,7,13,239,3,3969
1,0,891,0,7,12,197,1,1495
2,0,40,2,7,2,179,3,3543
1,0,1941,1,5,7,207,3,2798
2,0,10,2,3,7,292,1,1460
0,2,3632,2,7,15,210,2,2014
1,0,1488,1,1,4,204,1,596
2,0,21,2,4,0,156,0,1486
0,3,2991,1,1,14,133,0,1740
1,0,304,2,2,5,166,1,1078
2,0,68,2,3,15,191,0,1252
2,0,99,1,1,12,126,1,972
0,3,8099,2,1,9,247,3,2924
0,4,2683,0,3,6,218,2,1656
0,3,6802,0,4,8,104,3,4154
1,0,1012,1,4,1,232,1,1542
2,0,64,2,5,10,219,2,1252
1,0,54,2,6,5,290,0,2044
0,5,2336,1,1,8,239,1,2400
0,5,294,0,7,10,65,1,1299
1,0,1571,1,7,9,150,2,904
1,0,1076,0,5,6,97,0,2175
0,4,768,2,4,0,61,3,2961
1,0,1773,1,7,5,192,0,2876
2,0,52,1,1,4,90,3,3343
1,0,1346,1,1,3,290,2,1192
2,0,24,0,4,5,242,0,1246
2,0,39,2,3,8,246,3,2262
1,0,909,2,5,14,220,2,1340
1,0,1136,2,6,11,242,1,1143
1,0,1016,0,7,14,76,0,2355
0,4,2264,0,6,10,232,0,3303
0,2,4327,2,2,13,118,1,1193
2,0,1,1,7,13,124,3,3149
2,0,6,2,1,2,160,1,1367
2,0,80,1,4,6,199,1,1105
1,0,38,2,5,13,219,0,1734
0,3,2976,1,1,1,102,3,2746
1,0,992,1,1,6,65,0,1506
0,5,1807,2,4,4,115,0,1985
0,1,8358,1,6,6,258,2,3301
0,2,2705,2,2,15,203,0,2080
0,1,9156,0,1,0,247,3,4232
2,0,33,1,2,14,61,2,1639
0,2,6465,1,7,12,268,1,919
2,0,5,2,3,11,139,1,554
2,0,69,1,5,15,164,3,2692
0,1,9198,0,4,9,58,1,3238
2,0,77,0,7,0,283,3,3847
0,5,7723,1,4,12,128,3,5279
0,5,3227,0,7,9,71,0,3122
0,4,8526,1,6,3,213,3,5516
0,5,7363,1,6,5,140,0,4480
1,0,1298,0,5,7,255,3,3765
2,0,17,0,3,6,139,2,1454
2,0,68,1,1,13,135,1,705
0,1,5794,2,2,15,176,2,2969
2,0,24,1,7,11,145,0,1631
1,0,692,0,7,9,94,2,1263
0,5,1126,2,3,3,280,3,2803
2,0,11,2,7,3,142,1,1382
1,0,1593,1,7,2,271,2,1522
2,0,14,0,2,3,141,0,1786
1,0,1523,1,6,7,134,2,1644
1,0,341,1,3,7,215,1,936
0,5,11,1,6,0,69,1,1270
0,5,1616,2,2,0,130,0,2143
0,1,570,2,5,13,207,2,1265
2,0,19,1,5,6,257,2,1401
2,0,50,2,5,2,234,3,2025
2,0,93,2,5,10,247,2,2307
2,0,60,0,5,13,170,1,1820
0,3,3160,0,2,12,212,2,1688
2,0,78,1,5,11,278,3,2708
0,1,7321,2,6,6,141,0,2817
1,0,201,1,6,1,111,2,1765
0,3,4273,0,4,9,251,2,2386
2,0,40,1,5,1,95,1,1376
2,0,28,1,2,0,182,1,849
0,5,5844,2,6,12,263,2,3866
2,0,13,1,3,10,225,1,1241
0,4,9280,1,2,12,293,3,5238
0,2,5917,2,6,11,105,3,3328
0,1,3498,2,1,7,134,2,1697
1,0,817,1,4,15,211,3,3379
1,0,667,2,5,4,165,2,928
1,0,727,0,7,10,260,2,2194
2,0,77,0,2,13,191,0,2107
1,0,4,1,7,15,82,0,3151
1,0,183,2,1,15,156,3,2304
0,3,4023,0,5,1,61,0,2904
1,0,1815,0,1,5,175,2,1043
2,0,81,2,5,3,268,0,2015
1,0,1104,0,2,12,113,3,2061
2,0,93,0,2,15,58,3,2592
0,4,7657,2,4,0,240,1,3038
2,0,53,1,1,7,68,0,1452
2,0,87,1,5,0,223,1,1131
1,0,520,2,5,6,168,3,1671
1,0,494,2,2,13,111,2,843
0,5,8406,1,4,1,257,2,4761
0,1,4130,2,4,15,159,2,2808
0,2,4004,0,4,13,218,1,1674
0,2,7726,2,3,12,109,0,2006
2,0,15,2,2,10,236,3,2209
1,0,190,2,3,15,165,2,2157
0,5,9324,2,7,8,231,1,4456
1,0,1047,1,3,3,234,0,1486
1,0,1188,2,3,1,166,2,1801
0,1,6317,1,2,9,239,3,4423
2,0,87,2,5,10,288,0,1979
1,0,383,2,6,2,225,0,2989
2,0,9,2,4,2,162,0,2305
0,3,159,0,3,7,101,0,2155
0,1,1272,0,5,2,59,1,1731
2,0,16,0,5,14,226,3,2747
0,2,1123,2,2,0,226,1,1395
1,0,1000,2,4,1,264,0,1932
0,3,1444,0,5,2,280,2,1454
1,0,1973,0,4,6,205,1,2073
1,0,687,0,7,11,161,2,2568
2,0,71,1,5,14,295,3,2670
0,3,1702,1,7,1,195,3,3289
2,0,68,0,4,5,215,3,3331
1,0,840,0,5,13,253,0,2218
2,0,86,1,6,15,85,1,1545
1,0,80,0,4,13,145,1,1241
2,0,38,0,6,15,136,1,2545
0,4,6906,0,4,10,177,2,3046
1,0,761,2,6,10,122,0,1476
1,0,282,2,5,11,162,2,1104
1,0,450,0,3,9,183,0,2712
1,0,959,1,3,9,118,1,848
1,0,528,0,2,0,266,3,2820
1,0,62,0,7,5,213,0,1610
0,1,9446,1,3,4,291,3,4042
1,0,731,2,3,12,141,3,2276
0,1,4244,0,1,14,254,0,2894
2,0,19,0,5,15,115,2,1351
1,0,1140,1,6,13,287,0,2018
0,1,2466,0,7,3,266,3,2631
2,0,86,1,1,13,254,1,1238
0,5,2388,0,3,12,289,1,2362
1,0,216,0,5,13,271,0,2448
1,0,441,2,7,13,244,0,2262
1,0,1398,1,1,13,243,0,1509
1,0,564,2,2,10,108,2,1336
2,0,82,2,7,4,287,0,2474
2,0,89,1,4,15,130,3,2545
0,4,3400,2,6,12,139,3,3731
0,1,2451,2,7,9,276,2,2055
0,2,9197,0,5,6,112,3,3270
0,1,3316,0,6,12,80,2,2458
1,0,1802,1,1,8,172,1,863
1,0,74,1,5,8,76,1,1087
2,0,71,1,6,8,113,2,1710
2,0,95,1,5,8,129,0,3043
1,0,729,0,6,2,296,1,2032
1,0,1713,0,1,11,112,0,2668
2,0,44,2,3,14,197,1,1616
2,0,56,1,4,13,139,1,1042
1,0,1506,1,4,9,212,1,1946
2,0,75,0,3,10,293,0,2422
0,4,6807,1,6,13,267,0,4709
0,4,7460,0,6,2,105,3,4264
0,2,5108,2,3,13,297,3,1975
1,0,1243,0,4,2,277,3,2151
1,0,840,1,6,3,275,1,1319
0,4,1452,0,4,0,293,1,1619
0,1,5013,0,3,1,69,3,3961
0,3,2392,0,4,0,53,3,2929
2,0,70,2,4,6,261,2,1451
0,3,3364,1,1,6,102,1,1037
0,5,6372,2,1,8,159,1,3737
1,0,1212,2,5,9,210,0,1423
1,0,958,2,7,3,153,1,1293
2,0,13,2,6,12,248,3,1890
0,3,4354,1,1,15,240,3,3766
2,0,40,1,3,6,106,0,1390
2,0,83,0,6,5,141,1,1260
1,0,293,0,5,0,207,0,1886
2,0,83,2,5,4,99,0,1440
2,0,26,1,4,9,161,2,1542
1,0,2000,0,7,11,133,0,1944
0,1,4242,1,5,12,270,1,2859
1,0,784,1,5,0,63,1,862
0,2,1015,0,7,12,101,3,2506
2,0,11,1,5,6,186,3,1964
2,0,48,0,5,14,226,0,2154
1,0,971,0,1,12,72,2,1211
2,0,0,0,5,2,100,0,1413
2,0,9,1,3,1,276,1,1836
1,0,1863,0,4,2,184,1,1615
2,0,96,0,6,15,97,1,1556
0,4,5437,2,1,12,194,1,2608
1,0,1759,1,5,1,217,2,1764
0,4,5891,2,2,5,283,0,2538
2,0,14,1,2,5,71,1,1182
1,0,1745,0,3,8,165,0,1715
1,0,102,2,4,11,272,0,1548
1,0,1456,0,6,12,70,0,2249
0,1,9487,2,7,4,192,2,4261
1,0,1572,2,7,4,80,1,1214
2,0,49,1,4,3,63,2,1371
0,5,5737,1,4,15,134,3,5565
0,3,6770,2,5,9,168,2,2459
2,0,7,0,6,9,95,1,1072
0,1,9523,2,2,13,284,1,4822
0,5,5131,1,4,6,282,2,3153
2,0,68,2,6,3,272,2,1059
2,0,86,2,5,10,173,3,3703
1,0,1257,2,2,4,242,0,1886
0,2,6685,0,7,6,248,2,1372
2,0,24,0,3,10,152,2,1218
0,4,58,0,3,4,241,1,1372
2,0,1,1,3,14,77,1,1325
1,0,653,0,4,4,82,0,2391
1,0,1773,1,6,10,148,2,1731
1,0,1958,2,5,12,268,0,2851
0,4,4717,0,3,15,85,1,2412
2,0,18,0,5,0,264,2,880
0,2,1187,1,6,12,136,3,2358
2,0,19,0,3,13,297,3,2125
0,2,7195,0,3,6,128,0,1899
0,2,5476,1,4,11,75,1,1541
1,0,1591,1,4,2,141,1,1526
2,0,66,1,2,7,163,1,690
2,0,83,0,3,1,147,2,2130
2,0,72,0,4,2,84,0,2224
2,0,16,1,3,1,82,3,1814
1,0,481,1,7,8,276,1,1101
0,1,578,0,5,3,123,0,1384
1,0,946,2,6,6,79,0,2005
2,0,12,2,6,6,62,3,2165
0,3,8768,2,4,11,76,2,2342
0,2,4661,0,7,4,179,3,2002
1,0,1585,1,5,11,284,1,1306
2,0,96,2,7,7,76,0,1202
1,0,398,1,4,11,217,3,2547
2,0,63,1,2,0,156,2,1437
1,0,335,1,6,10,103,0,2191
0,3,8679,2,6,11,221,0,3891
2,0,8,0,7,3,180,1,1558
1,0,640,2,5,8,176,3,3498
0,5,6761,1,1,4,201,1,4016
1,0,1725,0,2,10,286,1,2158
0,3,2076,1,6,6,173,2,2967
0,4,2829,2,1,4,186,0,2639
0,5,6652,0,1,13,144,1,3328
1,0,393,1,2,1,240,2,1005
0,2,1134,2,4,12,294,1,1400
2,0,69,1,5,7,149,3,2189
1,0,303,0,4,15,117,2,1264
0,2,646,1,3,0,50,3,2481
2,0,62,1,2,11,175,0,1977
2,0,95,0,4,11,195,3,2591
1,0,750,1,4,7,99,3,2552
1,0,1606,1,2,1,73,1,1553
1,0,1239,2,1,4,228,2,1484
0,5,5210,2,2,11,180,3,3326
2,0,56,0,3,7,171,2,1838
0,4,7074,2,4,4,221,1,2783
1,0,255,2,5,6,212,1,1496
0,3,6068,2,3,1,285,1,3281
1,0,1665,0,6,5,267,1,1363
0,4,9950,0,7,14,90,2,5029
1,0,1651,2,1,14,83,1,1337
1,0,472,1,2,11,66,3,2306
2,0,16,1,2,11,60,3,2021
1,0,1033,1,5,0,267,3,2893
1,0,872,2,7,13,193,2,1044
0,4,3811,1,6,7,155,3,4594
0,5,2915,1,7,3,200,2,3071
2,0,34,0,1,13,266,0,2067
1,0,1835,1,7,1,220,2,2666
0,2,4763,2,2,9,297,1,1024
1,0,1595,0,5,10,271,2,1518
1,0,356,2,6,4,248,3,3061
1,0,770,0,3,6,265,2,1131
1,0,526,1,4,15,130,3,3559
0,2,3940,1,4,11,256,0,1875
0,1,3689,2,6,5,140,0,3231
2,0,53,0,5,3,134,3,1983
0,1,278,0,1,4,63,0,1436
0,1,4623,0,5,2,140,0,2598
2,0,95,1,2,3,51,1,610
1,0,402,1,5,5,143,2,1287
0,1,4272,0,4,10,137,1,2539
2,0,68,1,3,7,184,2,1098
1,0,1509,1,5,13,269,0,2570
1,0,1518,2,5,9,99,2,1154
1,0,1130,2,6,13,98,0,2894
2,0,89,0,2,14,150,2,1641
0,4,1274,2,1,1,202,3,2562
1,0,1886,0,6,4,271,0,2523
0,3,3946,0,5,4,272,0,2112
1,0,1476,2,5,4,196,3,2379
2,0,80,2,2,4,174,3,2901
0,1,3870,2,2,1,278,2,2489
0,5,1616,1,7,9,164,3,3077
2,0,95,1,3,0,115,3,2896
0,1,6098,2,1,2,145,0,3523
0,3,6117,1,2,4,246,2,2376
2,0,0,1,2,11,142,3,2365
2,0,25,2,5,6,88,3,1823
2,0,93,0,2,3,256,2,1749
1,0,1529,1,6,14,163,1,1286
2,0,1,1,2,14,267,1,1496
0,2,9901,1,3,4,289,0,1786
1,0,1383,0,7,8,68,2,2019
2,0,39,1,4,7,291,1,1023
0,2,5931,0,7,8,111,2,1307
0,5,681,1,6,1,111,1,2334
0,4,9795,2,2,0,241,0,4711
0,5,1861,2,5,6,237,1,2226
1,0,522,2,2,9,130,0,2019
1,0,1157,0,1,6,236,1,1200
0,2,5284,1,5,2,248,0,2232
2,0,56,0,2,1,200,2,1757
1,0,450,0,3,10,246,2,1327
1,0,1112,2,5,5,56,3,3198
0,1,74,2,5,14,223,0,2543
1,0,625,2,1,14,158,0,1557
2,0,64,2,1,4,86,1,775
1,0,1301,2,4,6,257,2,1553
1,0,422,1,4,2,209,2,1697
1,0,1416,2,7,12,134,2,1708
0,4,5105,2,6,5,253,1,3813
2,0,42,2,2,8,183,3,2227
1,0,1790,1,7,12,145,0,1805
0,1,5097,2,2,11,208,0,3425
2,0,35,1,2,6,67,1,453
0,3,3557,2,4,9,203,3,4127
0,5,7501,1,3,3,181,1,4059
0,1,7316,1,7,15,278,0,4914
1,0,780,2,6,12,109,3,2132
2,0,91,0,1,9,175,0,1475
1,0,569,0,6,11,193,2,978
1,0,190,0,5,6,155,3,2915
2,0,65,1,4,9,61,2,1437
0,2,5729,1,1,9,63,2,1313
2,0,67,2,3,15,75,3,2495
2,0,42,1,2,3,141,3,1824
2,0,21,0,6,14,285,1,1675
2,0,82,0,7,11,271,2,2380
1,0,1400,2,3,1,288,2,1832
1,0,1221,0,7,3,123,1,1075
1,0,295,1,7,0,124,1,2022
2,0,37,2,6,9,265,2,1875
1,0,1952,1,1,0,274,1,1033
1,0,557,2,6,13,186,0,2714
1,0,1865,1,2,8,111,2,1460
0,4,8238,2,2,2,129,2,3407
2,0,78,2,5,12,85,3,2549
2,0,93,2,7,1,154,0,3246
2,0,66,1,5,12,250,1,1396
2,0,59,0,6,11,245,3,2357
1,0,1676,0,3,6,262,3,2690
0,4,8787,1,7,3,81,0,5145
0,2,4686,0,1,7,101,1,745
1,0,705,0,5,13,174,0,2162
0,2,1701,0,2,1,73,2,1224
2,0,9,0,7,4,265,0,2400
1,0,284,2,5,5,210,2,1174
1,0,117,1,5,5,201,2,2156
1,0,1843,1,4,12,83,1,1265
1,0,1544,0,7,13,127,3,2982
1,0,376,2,7,11,210,1,1161
0,2,5048,1,7,6,243,2,1683
2,0,17,2,3,4,252,0,1756
2,0,22,2,1,2,289,3,2571
0,5,1869,1,2,14,115,3,3688
2,0,1,0,7,6,277,2,1766
1,0,1416,1,6,11,56,1,1902
2,0,90,1,4,2,66,2,1119
1,0,1060,0,3,15,56,2,2318
1,0,278,0,6,0,130,2,1235
2,0,49,1,5,11,244,2,1210
0,2,5470,0,3,8,150,3,2553
1,0,1804,1,1,13,174,3,2416
2,0,53,2,4,0,172,3,2906
0,1,6989,1,3,9,227,1,3679
2,0,32,2,2,4,58,2,1640
2,0,60,0,6,7,222,1,1021
1,0,1688,2,5,1,214,2,1980
2,0,68,1,3,11,126,1,579
1,0,418,1,7,11,158,3,2305
2,0,23,0,2,14,65,1,1304
2,0,21,2,4,7,183,0,1696
2,0,24,0,4,7,125,0,1994
2,0,67,2,2,4,141,3,2007
1,0,1325,2,6,10,214,1,1646
0,5,1901,1,1,12,242,1,1651
2,0,33,2,2,15,261,0,1730
0,1,1750,0,5,9,264,3,2808
0,1,8855,1,5,15,143,1,4068
0,4,7141,2,6,5,253,1,3007
2,0,26,1,2,8,81,3,2990
2,0,97,1,6,0,183,3,2841
2,0,97,2,4,9,91,2,1709
1,0,1297,0,5,15,140,1,1346
0,4,9440,0,4,8,180,0,3789
2,0,36,0,5,11,226,1,1262
2,0,46,1,1,5,297,1,1050
0,2,5165,2,1,12,88,2,1124
2,0,77,2,2,13,140,0,1919
1,0,675,1,7,11,120,3,1996
2,0,96,1,3,5,194,0,1775
0,3,1638,1,6,12,248,1,1847
2,0,90,1,7,4,125,2,2196
0,2,1477,0,5,8,113,1,1537
1,0,1429,0,6,10,148,2,1704
1,0,1009,1,7,8,124,2,1665
1,0,1259,1,2,0,230,0,1836
2,0,4,0,2,1,243,0,1586
2,0,78,1,7,11,74,2,1274
0,1,3212,0,2,0,75,1,2590
0,1,2222,1,4,3,143,2,1892
0,1,2028,0,7,2,78,0,3086
1,0,1442,2,5,2,163,2,2151
2,0,76,1,7,0,228,1,1732
1,0,682,1,7,0,55,1,1179
2,0,59,1,1,13,160,1,872
1,0,326,0,2,11,121,3,3015
1,0,1133,1,1,4,231,1,1123
0,5,9543,1,4,13,274,0,5147
2,0,87,2,7,7,203,1,1266
2,0,98,1,7,13,190,3,2650
2,0,67,1,2,7,202,2,1557
2,0,74,1,1,3,213,0,2334
0,1,4339,0,6,4,61,3,3919
2,0,86,0,5,12,238,1,1322
0,4,8076,0,6,10,270,1,4672
1,0,320,0,2,11,94,0,1662
2,0,35,0,6,1,92,2,1554
0,5,6589,0,7,10,175,1,4952
1,0,1428,1,6,9,51,0,1751
1,0,1502,0,4,0,272,3,2598
0,4,9930,1,4,12,184,2,4167
2,0,47,2,5,5,78,1,1305
1,0,1574,2,1,2,128,0,1814
2,0,62,0,1,8,54,3,3051
2,0,74,2,3,15,55,0,1741
1,0,1770,1,1,14,110,2,921
1,0,323,1,1,6,167,1,836
2,0,22,1,1,1,80,2,1079
0,5,2276,2,1,8,273,0,2861
1,0,1732,2,3,13,206,3,2893
1,0,409,2,7,9,206,3,2477
0,5,7056,1,5,1,159,2,5023
0,1,9156,0,2,15,284,2,4749
2,0,55,0,7,7,101,2,1355
2,0,48,1,6,13,98,2,1371
0,3,7569,0,7,6,63,1,2147
1,0,40,1,3,15,121,1,1400
2,0,71,1,6,4,106,0,1803
1,0,1046,0,2,6,260,3,2768
1,0,1521,2,7,12,132,2,1803
0,5,3550,2,5,8,292,1,2752
2,0,67,0,1,1,105,1,1599
0,4,7467,2,2,1,261,1,4115
2,0,47,1,1,14,173,3,2549
1,0,643,2,5,6,51,2,1130
0,1,7459,2,4,0,210,1,3445
1,0,1013,1,3,9,97,1,1962
2,0,5,0,7,7,139,1,1984
2,0,27,0,6,1,87,1,1238
2,0,0,1,3,6,50,0,1381
2,0,77,1,3,2,79,2,1218
2,0,32,2,7,14,258,0,3022
0,5,28,1,3,3,168,2,1719
0,3,1334,1,6,7,82,3,2444
1,0,1993,2,5,14,133,1,1185
0,5,723,1,5,15,259,1,1880
1,0,422,0,7,7,86,0,2632
0,5,7831,1,6,11,237,2,5880
0,2,5264,1,1,1,245,2,836
0,5,4368,0,4,11,226,3,5303
0,1,6369,1,3,6,158,2,2705
2,0,94,2,1,11,186,1,773
1,0,556,1,5,2,102,1,1225
2,0,7,0,7,3,190,2,769
0,2,5320,1,7,7,91,3,3085
1,0,850,0,3,5,238,1,1396
2,0,32,0,4,2,146,1,1540
2,0,32,1,3,2,163,3,2938
0,3,7452,2,5,5,109,1,3255
1,0,1379,1,1,13,218,3,3015
1,0,64,0,2,5,61,1,779
0,3,3077,2,5,2,122,3,2728
2,0,9,0,4,2,296,0,1657
1,0,1333,0,3,10,121,3,3043
1,0,4,0,5,13,153,3,2705
2,0,66,1,5,5,101,0,2266
2,0,78,1,2,12,217,2,1656
2,0,74,2,6,11,240,2,1092
0,3,1171,1,6,10,212,3,4324
1,0,611,0,2,2,188,3,2146
0,4,8697,0,4,5,298,3,5808
1,0,138,1,3,14,114,3,2424
1,0,105,2,6,13,145,3,3149
0,5,9604,0,3,14,135,0,5307
1,0,1774,1,1,11,56,3,2265
1,0,1315,2,2,3,226,1,725
2,0,42,2,2,15,280,1,1889
2,0,55,0,7,11,72,0,2248
2,0,6,0,6,2,50,2,1733
1,0,1920,1,6,6,70,1,2007
0,3,4450,1,1,12,109,3,3255
1,0,967,2,6,11,162,1,1179
1,0,358,0,1,11,215,0,1252
2,0,4,1,6,8,130,1,909
1,0,672,0,2,0,150,2,1074
1,0,74,1,4,5,293,1,1933
2,0,66,2,2,15,180,1,2097
1,0,418,1,5,1,166,3,2270
0,5,9846,1,1,7,215,1,4335
0,4,2822,1,1,0,260,1,2023
1,0,444,0,1,7,52,3,2556
2,0,58,2,1,7,65,2,933
1,0,1692,0,1,11,299,3,2929
0,5,5401,1,1,3,121,1,2063
1,0,956,2,1,13,137,2,1316
0,2,2701,0,1,10,108,3,2099
1,0,1502,0,7,8,151,0,2039
2,0,24,1,4,14,67,2,2090
1,0,1575,1,1,1,207,1,1652
0,2,2509,2,2,13,242,0,1789
0,2,379,0,7,3,145,0,1602
0,5,3768,1,2,1,116,1,2467
1,0,526,0,6,15,195,0,2508
2,0,18,0,1,4,199,0,1883
0,5,8554,0,6,13,171,2,4076
2,0,11,0,1,6,224,0,1187
1,0,1928,1,4,0,67,1,1626
1,0,874,2,7,8,162,0,1871
2,0,62,1,5,7,109,1,1446
2,0,79,1,3,8,236,3,2682
1,0,1216,0,1,10,295,3,2386
2,0,63,0,7,10,245,2,1240
2,0,81,1,3,2,55,1,1014
0,1,4224,0,6,3,65,2,2909
2,0,30,0,3,10,141,0,1548
1,0,998,2,7,9,201,2,1079
0,4,5513,2,3,9,233,1,2591
0,5,7916,1,7,8,267,3,6498
0,3,2458,0,2,10,205,0,2322
2,0,97,1,4,1,256,2,1972
1,0,1725,2,3,10,217,0,2107
1,0,915,2,7,3,84,2,1863
2,0,64,2,5,10,172,3,2382
0,4,389,2,1,15,285,0,1971
2,0,74,1,7,3,79,3,2616
0,3,3326,2,1,15,118,0,1663
1,0,893,1,3,6,62,0,1528
2,0,14,1,4,5,139,3,2415
1,0,574,1,3,13,242,0,1799
0,2,6395,0,4,7,192,1,1585
1,0,940,1,6,8,202,1,1835
1,0,1850,0,7,15,101,3,3473
1,0,1752,0,6,4,182,2,2035
2,0,51,2,5,9,271,2,1831
0,5,1884,1,4,12,164,2,1861
0,3,8268,0,3,3,225,1,2188
1,0,1250,0,7,14,292,0,2318
1,0,907,1,2,0,116,1,758
0,5,1877,1,5,10,129,2,2054
0,4,6558,0,6,13,99,3,4773
1,0,1005,2,7,10,54,0,1723
0,4,1670,0,4,14,128,2,1765
0,1,9362,1,5,9,252,2,3978
0,1,708,1,3,0,88,3,2820
0,4,2348,2,3,5,103,2,2058
0,5,6134,2,1,12,281,1,2982
1,0,957,1,2,14,171,2,1667
1,0,424,1,3,10,179,3,2041
2,0,11,0,6,0,142,1,2392
1,0,553,1,2,4,224,3,2248
1,0,1645,1,5,11,185,0,2360
2,0,45,2,3,10,221,1,1311
1,0,441,1,1,0,293,3,2604
1,0,1208,0,3,7,235,1,1579
2,0,52,0,4,12,294,0,2196
1,0,1001,0,6,3,203,1,1767
0,2,3807,0,5,10,260,3,3313
1,0,333,2,2,13,231,0,2160
2,0,60,2,3,6,278,1,1536
2,0,37,2,6,2,215,1,1954
0,1,3149,0,2,10,216,1,1828
2,0,6,1,7,10,162,0,1249
2,0,92,0,7,8,54,3,2674
2,0,31,0,1,15,67,3,2392
0,4,1473,2,1,3,110,3,3020
1,0,702,1,2,13,160,3,2395
0,4,207,2,3,1,83,2,1460
2,0,18,0,1,5,281,2,1081
0,5,3535,0,4,3,70,0,4211
2,0,7,1,6,15,77,2,1750
0,2,7505,2,4,5,188,2,1947
2,0,63,2,2,9,273,3,1877
0,1,7443,1,7,7,117,2,2641
2,0,86,0,2,1,68,2,1480
1,0,559,2,7,4,65,2,1568
2,0,24,2,7,11,185,1,1531
2,0,84,1,1,9,143,0,1976
0,1,3452,1,4,13,246,1,2057
1,0,736,1,7,12,157,2,1758
2,0,54,2,4,4,160,1,1651
0,5,1380,1,6,10,285,1,2435
0,5,410,2,5,14,180,0,2239
1,0,398,0,4,5,172,1,1270
1,0,501,0,5,6,150,2,1585
0,1,3583,1,6,9,283,0,3067
2,0,35,0,7,6,133,2,1596
2,0,14,1,2,13,271,2,1709
0,5,2932,1,3,13,279,2,2347
0,2,8174,2,2,2,245,3,2467
0,3,8387,0,1,4,266,0,3160
2,0,66,0,3,8,114,3,2687
1,0,1306,0,3,10,111,1,1701
2,0,59,1,1,8,154,0,1333
0,4,8856,0,7,4,294,3,4594
2,0,11,2,1,5,187,2,1150
1,0,391,2,6,5,50,1,1575
1,0,1519,2,7,8,148,0,2269
2,0,96,2,3,4,288,3,2351
1,0,1396,2,5,0,89,2,1654
0,4,5732,0,6,0,181,0,3448
0,1,6983,1,2,9,170,2,2355
1,0,0,1,1,0,280,3,2283
2,0,73,1,5,5,99,3,2201
1,0,146,0,4,10,165,1,1558
2,0,97,1,7,11,59,1,1766
1,0,1251,0,3,8,255,0,1293
2,0,45,0,3,5,153,0,3208
2,0,13,2,2,3,157,3,2372
0,5,6753,0,3,7,172,0,5906
2,0,10,1,3,0,109,3,2478
2,0,65,0,1,11,66,3,2180
1,0,335,1,1,12,277,2,1928
1,0,1087,1,5,6,82,3,2740
2,0,69,0,4,2,109,1,2148
0,3,1457,1,7,8,103,1,1301
2,0,77,0,6,0,104,2,1029
0,1,778,0,3,4,100,3,3298
0,2,6344,2,5,14,238,2,1231
1,0,93,0,3,5,160,2,1058
2,0,3,0,3,13,205,2,1843
1,0,1291,0,1,0,181,2,1462
0,1,1281,2,6,6,143,0,2429
0,1,4075,2,1,8,153,1,1428
2,0,7,1,7,7,289,3,3540
1,0,1273,2,4,8,151,0,1444
2,0,77,1,3,4,158,1,1645
1,0,1549,1,6,15,146,0,3176
2,0,32,2,5,12,219,2,1966
2,0,78,1,2,2,267,3,2567
2,0,40,0,4,1,192,0,2151
0,1,8912,1,4,12,123,0,4005
0,4,5814,2,1,9,107,3,4015
0,5,6931,1,4,13,263,3,5269
1,0,1533,1,6,4,220,0,1931
0,4,9453,0,1,12,204,2,3334
0,1,8865,2,7,13,234,3,5113
2,0,95,0,1,10,141,2,1266
1,0,1882,0,5,14,230,3,2648
1,0,425,1,7,4,168,2,1341
1,0,1989,0,3,6,72,2,923
1,0,1668,1,3,15,112,1,1488
0,1,298,0,4,11,181,3,1652
2,0,1,1,2,15,232,2,1218
1,0,1654,2,5,14,276,1,1747
2,0,86,2,1,10,280,0,1778
0,4,520,1,6,0,155,1,2382
2,0,84,0,7,3,163,3,1943
1,0,503,0,6,8,201,3,2035
0,4,2553,0,1,5,194,0,3101
0,1,9167,1,4,14,65,3,5136
1,0,79,1,5,0,278,3,3110
1,0,1909,2,6,7,68,0,1458
2,0,50,2,2,4,70,2,1322
2,0,79,2,7,0,90,2,1765
1,0,494,0,2,0,249,2,1675
2,0,92,0,7,11,123,3,2364
1,0,8,2,3,12,68,3,2292
1,0,243,1,4,15,53,1,1489
1,0,847,1,4,3,124,0,1817
0,5,1749,1,4,7,70,1,1172
0,5,6155,1,3,2,146,1,3407
1,0,914,0,4,1,128,3,2748
1,0,221,2,5,2,60,2,2418
1,0,936,1,2,15,86,3,3204
0,3,4021,0,5,15,56,1,2441
1,0,278,0,6,3,281,1,871
1,0,629,1,6,14,256,1,1368
1,0,1300,0,6,5,110,2,1559
1,0,49,2,6,7,188,2,1722
2,0,48,1,3,6,134,2,1007
0,3,2787,0,2,15,193,1,1531
1,0,678,1,2,3,201,0,1146
1,0,1525,0,3,2,76,3,1638
1,0,1704,1,1,10,234,0,1995
2,0,18,1,6,9,84,2,2075
1,0,1951,2,6,7,130,1,710
1,0,879,0,6,13,198,3,2863
0,1,2032,0,5,8,101,2,1947
0,5,1911,2,7,10,135,0,2747
2,0,19,2,6,8,252,1,1904
2,0,19,2,5,5,146,0,1813
0,1,5597,0,1,1,97,0,3033
2,0,41,1,3,3,125,3,2429
0,4,30,1,2,12,195,1,1197
0,2,4366,0,1,4,220,1,1719
1,0,1088,0,1,4,286,2,1986
0,4,9764,1,6,8,96,0,3969
1,0,290,0,3,12,142,0,2331
2,0,47,0,3,10,162,2,1624
1,0,539,0,7,10,226,2,1652
0,2,7706,0,2,10,281,0,2460
0,1,4718,0,5,13,147,2,2810
1,0,1791,1,3,4,112,1,948
1,0,752,0,3,7,270,0,1913
2,0,43,0,6,9,284,3,4033
1,0,589,0,5,7,284,0,2442
0,1,526,2,7,11,216,3,3302
0,4,8525,0,2,12,219,2,3837
0,3,2366,2,3,15,167,3,2656
2,0,8,2,3,11,213,0,1675
0,5,5599,1,2,5,91,0,4805
2,0,94,0,6,6,292,2,1262
1,0,1802,1,1,0,130,2,1269
1,0,854,2,4,0,223,1,1892
0,2,1692,0,1,7,250,2,1131
0,2,9410,1,3,11,198,2,1693
0,2,285,0,6,5,155,0,1903
2,0,81,2,7,14,224,1,2682
0,4,7102,1,3,14,213,2,3155
0,4,5085,1,5,1,113,3,4215
2,0,2,2,6,13,70,2,2418
0,3,6525,2,3,14,153,3,3303
2,0,35,0,2,3,283,0,1601
0,3,859,1,2,13,156,3,2649
2,0,97,1,7,3,166,0,1432
0,4,7496,1,2,11,128,0,3076
1,0,1087,1,6,2,235,3,3735
1,0,715,1,6,7,104,1,1212
0,5,1420,2,3,11,169,3,2373
1,0,1622,0,5,8,280,3,2542
1,0,1208,2,6,14,210,1,2100
1,0,453,2,6,14,153,2,1302
2,0,23,2,2,4,50,2,1247
1,0,1274,2,2,8,98,3,1917
1,0,455,0,7,11,119,1,1622
0,3,8502,1,4,5,68,3,3499
2,0,72,1,3,14,275,1,1570
2,0,31,1,5,12,132,3,3401
0,1,3560,1,5,3,151,3,2388
2,0,54,1,1,7,222,3,1733
1,0,141,0,4,12,252,0,1592
0,4,7525,1,1,7,201,1,3561
1,0,104,0,4,9,52,0,2457
0,5,4646,2,4,9,244,0,4055
2,0,7,1,2,11,167,3,2678
0,1,9799,1,2,12,94,3,4104
1,0,1795,1,3,1,109,3,2390
0,3,6484,2,3,14,125,2,1961
1,0,296,2,6,14,90,2,1535
2,0,83,0,4,15,228,3,3097
0,1,5961,1,2,1,96,3,3638
2,0,85,0,6,6,113,1,1011
0,3,9982,0,7,13,299,3,3601
0,5,2816,0,7,12,50,2,2818
0,4,2750,0,5,8,237,3,4018
0,4,8631,0,5,10,199,3,4793
2,0,19,1,2,1,256,0,2182
2,0,63,1,1,1,66,0,1702
1,0,325,0,5,7,95,2,2409
2,0,55,1,2,14,72,2,1411
1,0,562,0,6,1,278,2,2209
0,4,5711,1,5,6,169,3,3764
1,0,1386,0,4,10,290,2,1667
0,4,5915,0,6,8,193,1,2714
1,0,67,1,4,11,51,2,1502
1,0,1918,2,6,11,297,0,2142
0,1,9120,2,5,2,290,3,6125
1,0,724,2,3,8,60,2,637
1,0,1713,1,4,9,223,3,3023
0,3,6751,2,6,0,83,1,3505
1,0,829,1,3,4,250,2,2090
0,4,5784,2,6,1,244,0,3374
2,0,13,0,4,13,150,2,1825
1,0,1336,2,1,11,291,2,1531
0,3,7585,0,5,8,181,3,4110
2,0,40,2,7,14,116,0,1899
2,0,0,1,4,6,225,3,2912
2,0,22,0,3,10,98,0,1728
1,0,354,0,1,5,95,0,1484
1,0,1176,0,7,7,255,0,2256
2,0,33,1,6,9,179,1,1517
1,0,1719,0,4,5,87,2,2250
2,0,84,1,7,12,281,1,1368
0,4,6358,1,7,13,105,2,4405
0,2,8929,2,6,6,73,2,1515
0,4,7462,2,3,2,111,0,4717
2,0,7,1,6,0,115,0,2006
0,2,1621,0,2,15,56,2,1382
1,0,1179,1,3,0,281,1,1360
0,3,9601,2,4,11,204,2,3152
2,0,9,1,3,9,256,3,2160
0,1,7328,1,4,10,136,0,3323
2,0,0,0,7,3,84,1,1735
1,0,678,2,1,13,245,3,2710
2,0,31,2,1,10,130,0,1431
2,0,44,2,7,0,159,1,1745
1,0,939,0,7,6,251,1,1298
1,0,972,2,7,8,64,2,696
0,5,193,0,2,1,239,3,2824
2,0,6,2,3,1,132,1,2068
0,2,1962,2,6,2,153,1,1672
0,3,6245,0,7,3,79,3,4296
1,0,1951,2,1,6,157,2,1525
1,0,1214,0,4,6,59,0,1638
1,0,1746,0,5,0,168,0,1946
2,0,45,1,7,12,265,0,2945
2,0,37,2,7,1,103,3,3179
2,0,5,1,5,13,197,1,1220
0,1,794,1,6,0,164,3,4170
2,0,56,0,5,13,238,3,2475
2,0,95,2,3,4,181,1,1067
2,0,88,1,4,3,110,1,1315
1,0,1309,2,1,3,261,2,759
1,0,415,0,2,12,242,3,2938
1,0,1208,2,5,5,233,1,2292
0,1,283,0,7,5,197,2,1958
0,5,8730,1,2,13,227,3,6030
1,0,722,2,1,12,167,2,2027
0,3,417,2,4,4,63,2,1456
0,2,9607,0,7,6,258,3,2944
2,0,52,0,1,13,185,0,1278
1,0,1327,0,1,0,181,2,1495
1,0,1314,0,3,15,61,0,1559
0,3,9291,0,5,11,186,1,3596
1,0,499,1,6,14,56,2,1678
1,0,867,2,7,2,55,2,2266
2,0,69,0,3,6,93,3,3129
1,0,368,1,1,9,183,1,1109
1,0,130,0,1,11,74,0,890
0,3,2780,1,7,4,224,3,2554
2,0,65,2,5,13,54,2,1872
1,0,1914,2,4,9,53,0,1766
0,5,7057,2,6,0,272,2,4784
2,0,54,2,7,11,58,3,2544
1,0,218,1,7,10,156,0,2056
0,2,9529,0,7,3,279,2,1944
2,0,35,1,1,9,146,1,847
2,0,26,2,7,4,288,2,2279
0,5,570,1,7,0,289,0,3143
1,0,1357,0,5,4,165,3,2559
0,1,6155,1,6,9,188,1,3515
0,2,3093,2,1,1,217,1,1290
2,0,34,2,5,10,199,3,3001
2,0,24,2,7,4,215,2,2575
1,0,547,1,3,14,257,1,942
2,0,66,1,7,7,198,2,1741
1,0,1687,2,5,10,278,1,1751
0,2,4312,0,3,2,60,1,1095
2,0,93,2,5,11,191,2,2249
0,4,2407,2,1,8,294,3,2577
2,0,68,2,1,13,77,3,2463
0,4,6671,0,7,7,254,1,3436
1,0,755,2,3,0,50,2,1115
2,0,7,1,6,2,235,2,1910
0,2,659,1,1,9,204,1,876
2,0,98,0,5,3,227,2,1733
1,0,1837,2,4,7,92,1,1433
1,0,1523,1,4,11,289,2,1861
1,0,702,1,7,14,116,1,2059
1,0,907,2,3,8,222,1,930
0,3,3023,2,5,7,238,2,2511
0,4,7987,2,5,4,77,3,5767
0,2,8850,1,6,9,299,1,1811
2,0,34,2,7,0,129,2,2685
2,0,27,1,5,15,246,2,1532
2,0,61,0,4,8,238,3,2897
2,0,78,2,4,4,177,1,1021
2,0,22,0,3,11,268,0,2041
0,2,8066,0,2,12,226,2,1197
2,0,29,0,5,5,128,1,1558
1,0,1493,0,6,12,171,3,4102
2,0,58,1,4,5,75,0,1698
1,0,1343,0,5,5,94,1,1353
2,0,45,2,4,1,268,1,1914
0,3,6319,1,6,3,209,0,2774
0,4,9758,0,1,1,136,2,5425
1,0,1112,0,5,9,118,0,1860
0,2,8845,1,2,15,225,0,1822
2,0,39,1,1,14,126,0,1866
1,0,1138,1,2,6,273,3,2015
0,3,9723,0,4,0,171,3,3463
1,0,1775,2,3,1,142,2,1141
0,1,9235,2,4,13,172,1,4614
1,0,944,1,3,6,270,3,2513
1,0,66,0,1,12,186,3,2547
2,0,92,2,4,12,174,3,2025
0,5,2114,0,6,1,285,3,4495
2,0,80,1,6,6,259,1,1810
2,0,65,0,7,14,191,3,3684
2,0,61,2,3,12,248,0,2032
1,0,976,2,3,12,122,1,1356
0,4,3296,0,6,11,226,0,3831
0,1,869,2,2,8,256,2,1230
1,0,754,2,1,2,157,3,2564
0,3,1309,2,2,15,256,0,2328
1,0,1690,2,3,13,246,1,1533
2,0,44,0,2,4,90,0,1362
2,0,4,2,2,8,92,3,2104
2,0,4,2,3,3,141,2,921
1,0,691,1,5,2,272,0,1359
1,0,1788,0,5,2,201,1,1918
0,5,535,2,6,1,260,2,2566
2,0,81,2,5,2,72,2,1435
0,5,1777,2,1,11,116,3,2731
0,3,7899,2,2,10,285,3,5122
1,0,192,0,1,6,154,2,781
1,0,1090,0,4,6,158,0,1714
1,0,542,1,3,0,62,3,1850
2,0,41,0,3,13,234,2,1332
1,0,1192,0,3,14,164,3,3117
1,0,1922,0,7,11,99,0,1986
1,0,1256,0,1,0,136,0,1762
0,4,5350,2,7,14,67,0,3308
2,0,38,0,6,1,160,1,1721
0,2,9455,1,7,7,215,3,2049
2,0,87,0,6,7,122,0,1586
2,0,10,1,1,0,195,2,822
1,0,1779,0,1,15,133,2,1415
1,0,471,2,6,13,265,0,2145
2,0,84,0,5,5,184,2,1596
1,0,1767,0,4,3,64,0,1590
1,0,983,2,4,12,229,0,2347
0,4,8017,0,7,11,52,3,4300
2,0,89,2,4,7,218,2,1663
0,4,5322,2,7,4,235,0,4247
1,0,1682,0,6,2,55,3,2734
2,0,56,0,6,12,221,0,2385
0,3,3071,1,3,2,258,3,4209
0,5,5908,1,6,7,87,3,4046
1,0,652,0,7,12,268,0,1639
2,0,16,0,5,0,233,1,1281
2,0,72,2,1,15,112,3,2571
2,0,7,1,4,8,58,1,545
2,0,20,0,2,0,102,1,1287
1,0,40,0,3,2,263,2,1249
2,0,64,2,2,1,174,1,965
0,2,250,1,3,14,102,2,1634
1,0,1230,0,3,7,120,3,3297
2,0,8,1,2,8,289,2,1490
1,0,1264,0,7,9,204,0,2480
2,0,65,0,7,1,52,3,3359
0,1,1606,0,5,1,225,0,2958
0,2,3721,1,7,11,154,0,2900
0,1,164,2,3,0,130,3,2779
0,4,3662,0,5,13,94,1,2516
2,0,91,0,1,1,108,3,2251
2,0,20,1,1,5,97,3,2130
2,0,89,0,3,0,163,0,1671
1,0,1382,2,7,14,175,3,3927
0,2,9663,2,2,2,211,3,2408
2,0,76,1,7,14,158,2,1723
1,0,1296,0,4,0,211,2,1785
2,0,16,0,6,6,152,3,2044
2,0,92,1,4,6,148,1,1335
1,0,1438,0,7,9,134,2,2562
2,0,21,1,6,11,105,3,3413
0,5,1798,0,1,9,169,0,2722
2,0,94,2,3,1,177,1,1762
1,0,1415,1,7,11,158,0,1906
2,0,65,2,4,8,246,0,2501
0,3,736,1,3,11,146,2,2125
0,5,7763,0,6,2,191,2,3733
0,4,6079,2,5,13,191,2,3219
1,0,874,1,1,12,243,3,2744
0,5,5595,2,7,3,108,0,3706
0,2,3572,1,4,11,260,2,1503
1,0,185,1,2,13,127,0,1862
2,0,99,0,4,6,260,1,1785
1,0,1941,1,4,3,255,0,2091
2,0,82,1,7,4,247,1,2110
0,1,5086,0,2,8,238,3,3463
1,0,739,2,3,6,268,1,957
0,1,5447,1,7,14,73,0,4058
0,5,9462,1,4,14,289,1,4302
2,0,12,1,7,0,182,1,1898
1,0,542,1,3,4,255,3,2672
2,0,3,2,5,9,96,1,874
2,0,39,1,1,3,268,1,1005
0,5,3251,1,1,4,293,2,2991
0,3,3206,2,7,4,184,1,2693
0,1,4619,1,5,9,154,3,3998
0,3,9077,1,6,6,141,2,2778
0,5,2015,1,5,1,185,1,1985
0,5,7587,2,4,3,247,1,3796
2,0,96,0,7,6,255,3,3927
2,0,50,2,5,6,210,2,1365
2,0,96,0,3,10,199,0,1401
2,0,18,0,7,15,230,0,2678
0,4,1205,1,2,13,131,3,3188
1,0,1694,2,6,6,247,2,1703
0,1,5847,1,6,4,262,3,4928
0,2,4277,2,7,12,122,2,2997
1,0,1498,0,4,11,162,2,1608
2,0,1,1,2,7,274,0,1545
1,0,1692,0,3,12,235,3,2516
2,0,86,1,3,13,123,1,1900
1,0,1468,1,5,13,209,2,2064
1,0,1680,2,1,6,109,1,1321
1,0,1867,2,2,1,199,0,2078
2,0,12,2,6,1,288,1,2183
2,0,18,1,3,3,165,3,2884
2,0,35,1,7,11,296,1,1745
2,0,10,2,7,8,94,2,1730
0,2,2820,0,4,12,160,0,1650
0,3,1881,1,7,9,199,2,1659
2,0,80,2,4,15,187,2,1964
0,3,8575,0,1,0,100,0,3373
2,0,74,2,4,2,128,0,2158
2,0,4,1,7,12,90,2,1492
2,0,98,2,7,15,159,1,1443
1,0,704,0,6,10,52,3,2360
1,0,558,0,2,1,267,0,2531
0,3,768,1,7,12,210,0,2605
2,0,79,1,7,13,111,3,3192
2,0,38,0,2,7,93,2,1116
1,0,1495,1,6,3,248,0,1944
2,0,98,1,3,10,72,3,2119
1,0,444,0,1,5,53,1,897
0,3,317,1,7,2,189,0,2191
0,2,6204,0,6,5,59,0,1358
0,1,5175,2,6,15,118,2,3538
2,0,82,1,3,2,291,0,1413
1,0,238,2,6,6,151,3,2310
0,3,6239,0,6,8,228,2,2951
2,0,70,2,7,14,57,1,842
0,3,9914,1,3,14,181,2,2983
1,0,515,0,1,13,210,0,1857
1,0,1405,1,4,8,261,1,1453
2,0,28,1,3,10,275,1,1090
1,0,237,0,6,7,281,0,1765
2,0,68,0,3,14,171,1,620
2,0,59,1,4,5,77,1,798
2,0,45,0,7,5,237,1,1195
0,5,7864,2,4,2,65,3,5032
1,0,1641,2,6,8,221,2,1836
1,0,1431,0,3,3,136,1,1858
0,3,9991,0,3,0,127,1,3402
0,4,1504,2,6,1,51,1,1329
1,0,1277,2,3,1,238,2,1388
1,0,484,1,6,4,137,1,1558
0,2,9418,1,3,3,261,2,1418
2,0,40,2,5,7,178,3,2515
0,4,9022,2,6,5,238,0,4466
0,5,931,1,1,12,79,3,3158
2,0,9,0,7,0,227,2,1894
1,0,1197,1,1,7,126,0,1904
1,0,1466,1,1,3,187,1,1396
2,0,49,1,1,13,135,0,1343
0,2,3598,0,6,8,72,0,2432
0,5,6793,0,3,15,128,1,3074
0,2,2325,0,3,13,147,1,1034
2,0,94,2,5,0,240,0,2248
0,3,2209,1,5,1,209,0,2341
1,0,488,0,4,15,100,0,2246
1,0,1885,2,7,11,84,2,1179
0,5,6364,0,3,15,138,0,4877
2,0,9,0,7,12,273,1,1455
1,0,324,2,4,1,286,3,3130
2,0,5,1,6,9,188,3,2826
2,0,80,1,1,2,233,2,1462
2,0,22,1,2,3,256,3,2389
2,0,80,0,5,11,127,3,1792
1,0,1537,1,4,1,159,0,1809
2,0,67,2,2,13,167,3,1844
2,0,53,0,1,10,50,1,1161
0,1,1805,1,5,12,250,1,2570
1,0,1918,2,2,3,180,2,1201
0,1,759,1,5,4,160,2,2289
2,0,49,0,5,13,68,1,854
2,0,40,1,6,8,119,3,2888
0,2,6704,0,3,7,250,0,2271
2,0,44,0,1,3,65,2,369
2,0,29,1,6,4,95,3,2487
2,0,69,1,3,13,62,2,1033
0,5,1982,2,3,9,279,3,2933
0,2,9685,0,7,10,232,0,2594
1,0,934,1,1,5,293,0,1765
2,0,16,2,3,6,158,3,2212
2,0,96,2,3,13,120,3,1890
2,0,77,1,1,3,196,2,1380
2,0,49,2,2,7,83,3,2235
0,3,9626,1,2,3,211,3,4181
0,3,4996,0,1,11,70,3,3352
2,0,55,2,7,2,166,0,2732
2,0,99,1,5,1,71,2,986
1,0,1304,0,3,12,188,3,2721
2,0,22,1,2,10,253,3,2776
1,0,1262,0,5,6,223,0,1878
1,0,1156,0,1,7,109,2,1366
2,0,78,1,4,0,268,1,1525
2,0,40,0,6,13,240,2,1148
1,0,525,0,6,5,158,0,3406
1,0,204,0,7,5,195,3,2521
1,0,618,2,7,14,193,2,1479
1,0,1993,0,4,10,63,3,2732
0,3,9727,0,7,11,101,0,4786
2,0,20,2,5,14,254,0,1862
2,0,48,1,3,6,197,1,1150
0,1,8082,2,1,14,152,3,3824
2,0,77,0,3,2,281,0,2813
1,0,1975,2,2,0,223,1,1968
0,2,1542,1,7,5,140,3,2401
1,0,554,0,7,9,199,3,2805
1,0,1030,2,1,0,152,2,1117
2,0,86,0,2,11,247,0,1861
1,0,22,1,5,12,219,0,2554
2,0,62,2,5,3,245,3,2206
2,0,8,2,7,13,252,3,3581
1,0,1028,0,3,14,259,3,3026
2,0,22,2,1,10,189,3,1527
2,0,98,2,2,0,118,0,2067
1,0,211,1,6,8,120,3,2559
0,5,1074,2,3,0,262,2,1965
1,0,1620,2,3,2,134,0,1797
2,0,74,1,5,6,232,2,1179
0,2,1048,2,1,12,256,3,2292
2,0,46,0,1,8,137,2,1040
1,0,1561,0,3,11,253,2,1624
2,0,88,1,5,8,112,0,1473
1,0,119,2,4,2,202,0,1945
1,0,505,1,1,6,195,3,1666
0,5,6959,0,1,13,251,1,4808
2,0,57,1,7,9,277,2,1823
2,0,30,1,3,7,214,1,1284
1,0,733,1,1,14,275,3,2597
2,0,34,0,7,9,183,3,2822
2,0,88,1,3,10,175,3,2607
0,1,3954,2,6,0,95,1,1967
1,0,1378,2,3,9,253,0,2809
1,0,664,2,7,10,133,0,2361
1,0,1699,2,5,6,202,1,855
1,0,1702,2,2,14,226,2,1263
2,0,41,2,7,8,147,1,1437
2,0,5,1,6,15,256,3,2942
0,2,3390,2,6,3,256,0,2500
1,0,1242,1,7,13,111,0,2394
1,0,671,1,5,9,155,0,2511
0,2,9035,0,7,6,172,1,1641
1,0,358,1,7,3,77,0,2458
2,0,10,2,2,15,175,2,2059
1,0,427,1,1,14,81,2,1985
1,0,1191,0,2,8,242,3,2192
1,0,196,1,1,4,170,2,627
0,2,1144,2,2,0,233,3,2418
2,0,76,2,2,5,204,3,1851
2,0,99,0,3,6,176,0,1814
0,4,2767,2,2,13,181,0,2091
1,0,717,0,1,14,270,2,1492
1,0,1521,1,4,6,176,3,2257
1,0,1354,0,4,4,258,0,2408
2,0,99,2,7,6,263,3,2520
0,5,6512,2,2,8,222,3,5110
2,0,45,1,1,2,155,1,1345
0,1,4097,1,5,11,192,0,3929
2,0,76,2,1,7,121,1,1198
1,0,1038,0,4,14,189,2,2529
2,0,24,2,2,1,287,1,1398
0,4,2962,2,2,8,261,1,1993
2,0,86,1,5,12,87,3,2200
0,3,3630,1,7,8,62,3,3088
2,0,11,1,6,4,168,1,656
0,1,7537,0,2,12,263,0,3256
1,0,389,2,2,11,266,0,2341
1,0,579,1,6,11,237,1,1159
0,2,3462,2,4,2,57,2,1875
1,0,924,2,6,2,140,0,2242
1,0,1903,2,1,13,69,1,1079
0,3,5509,0,5,13,89,0,3144
0,1,9885,2,3,4,262,1,3561
2,0,12,2,4,15,175,1,1524
0,3,9947,0,7,15,97,2,3566
0,2,6215,2,7,9,65,3,2682
2,0,20,2,3,7,144,2,2046
0,3,6086,0,2,15,298,0,2759
0,2,724,2,4,2,149,3,3272
1,0,1939,2,1,7,59,3,2668
2,0,8,1,6,15,173,3,3119
0,4,8904,1,1,5,163,2,3740
2,0,8,2,4,5,205,1,1369
1,0,830,0,3,4,152,2,1604
0,2,6776,0,4,5,57,3,2542
1,0,465,1,7,9,252,2,1964
2,0,98,2,1,14,254,0,2029
2,0,92,2,2,3,141,3,2086
0,2,8744,1,1,11,276,1,893
1,0,1263,0,7,2,224,2,2611
2,0,68,1,3,6,112,0,1279
2,0,81,1,3,4,70,3,2947
1,0,708,0,6,3,147,1,1504
1,0,433,2,3,12,290,3,2099
2,0,29,2,1,1,128,0,2344
1,0,1041,2,7,14,101,1,1442
0,4,5653,2,5,4,132,2,4240
0,1,7434,1,4,2,248,3,4768
2,0,25,1,3,0,81,0,1196
0,2,9700,2,6,14,260,2,1722
1,0,1934,2,2,7,136,0,1612
1,0,1755,0,1,5,88,0,2020
2,0,36,1,4,2,210,2,1709
0,2,3014,0,6,0,213,2,1544
0,5,5787,0,5,8,204,1,2456
2,0,48,0,5,12,268,3,2883
2,0,81,2,4,15,169,3,2452
1,0,1360,2,6,0,200,0,2476
1,0,1738,2,2,9,104,0,1365
2,0,62,0,4,13,251,1,1564
0,3,7174,1,2,2,213,0,3582
0,1,5030,0,5,2,89,1,2313
2,0,58,1,3,1,186,2,1781
1,0,1878,1,6,3,243,1,1747
1,0,821,1,1,1,158,1,1026
1,0,1342,1,1,13,253,2,1560
0,4,6727,0,4,2,223,3,5754
1,0,44,2,2,14,238,0,1947
1,0,35,1,1,15,84,2,1272
1,0,1907,2,4,5,244,2,1693
1,0,117,1,5,6,261,1,1490
2,0,41,1,3,14,62,2,1428
0,3,7804,0,3,8,181,0,2678
0,4,5659,2,7,0,235,1,2902
2,0,6,1,4,8,285,1,868
1,0,1636,2,4,10,95,2,1876
0,5,2678,2,1,12,200,0,2881
1,0,1709,0,3,0,116,0,2007
0,3,647,2,6,15,123,0,1995
1,0,1965,2,2,3,284,1,984
2,0,59,0,5,6,258,0,2003
2,0,81,1,2,8,101,0,1278
1,0,321,0,4,0,252,3,3884
2,0,49,1,6,14,110,3,3115
2,0,80,2,7,6,215,3,4039
2,0,67,2,1,13,193,1,1499
2,0,28,1,7,6,97,3,2476
2,0,12,0,4,12,214,3,3217
1,0,10,0,1,13,106,1,1245
2,0,54,0,1,7,215,1,1435
2,0,26,2,5,9,100,0,2201
2,0,71,1,4,7,152,0,2479
1,0,1153,0,4,5,156,1,964
1,0,1839,0,6,4,111,1,1039
0,4,8620,2,1,11,178,1,3781
0,5,2173,2,4,2,105,3,3419
2,0,50,0,7,12,227,0,3307
2,0,82,0,5,13,126,1,1542
2,0,49,0,7,6,241,2,1064
2,0,25,1,4,3,259,1,1323
2,0,56,1,1,5,72,2,1331
1,0,1552,1,3,14,118,0,1370
2,0,24,0,1,5,222,0,1515
1,0,1802,2,1,3,265,2,1053
2,0,89,2,5,13,157,3,2675
0,2,2490,2,4,9,131,0,1710
1,0,320,0,2,0,163,0,1621
1,0,28,1,6,12,204,3,2775
2,0,28,2,7,8,111,1,1232
1,0,1962,0,6,7,155,2,881
0,4,8953,1,1,7,63,3,4676
0,3,1668,0,7,6,210,0,1748
1,0,1474,1,2,5,231,1,1375
0,4,6340,1,4,8,111,2,2920
2,0,5,0,4,7,80,0,2568
0,4,243,2,4,10,160,2,1587
0,4,6828,0,2,0,115,3,4586
1,0,855,2,3,2,96,3,2174
1,0,545,0,6,11,141,3,2598
1,0,555,1,1,15,165,3,2619
1,0,180,2,4,1,125,2,1640
0,2,3571,0,7,2,137,0,2343
2,0,74,1,1,5,239,0,1329
2,0,65,2,3,1,256,0,1908
0,1,8371,1,6,7,245,3,5020
1,0,1724,0,4,7,157,3,3292
2,0,45,0,6,4,247,2,1745
1,0,1489,1,6,1,255,0,2700
1,0,686,2,1,0,97,2,1451
2,0,70,2,4,15,201,2,1555
0,5,5459,2,6,7,171,1,3818
2,0,80,0,7,3,146,3,3046
0,2,7685,1,4,8,248,1,1279
1,0,457,2,3,7,270,2,976
1,0,1322,0,2,12,122,1,1469
0,2,1405,0,2,6,203,0,2019
0,3,3142,0,7,14,279,2,2802
1,0,1639,1,4,9,93,2,1399
2,0,75,1,1,14,113,3,1795
0,5,7708,0,7,12,136,1,4048
2,0,43,1,4,11,212,1,1141
1,0,1397,0,4,3,276,2,1675
2,0,53,2,1,13,268,0,2047
2,0,83,2,4,11,158,2,2272
0,5,3288,1,6,2,123,0,2823
0,3,8405,0,3,2,171,0,3156
0,4,1838,0,4,7,50,2,2004
2,0,3,0,2,5,134,3,2606
1,0,1579,2,6,15,140,2,1541
2,0,45,1,5,13,242,1,1606
0,5,7135,2,4,1,78,2,4956
2,0,63,0,5,11,149,3,2840
2,0,1,1,7,0,119,3,3192
2,0,60,0,5,15,151,3,2755
1,0,1787,2,4,8,53,3,3063
0,3,9095,1,7,1,77,2,3905
1,0,635,2,1,3,284,3,3154
2,0,56,2,2,12,221,3,2327
0,4,9030,2,6,9,164,3,5145
1,0,1159,0,2,4,61,3,2980
1,0,23,1,3,3,66,0,1807
1,0,1398,2,4,7,57,2,1217
0,3,4477,0,6,7,206,2,1912
1,0,174,2,6,1,104,3,2219
2,0,38,2,7,6,177,0,2051
1,0,1318,1,3,9,123,1,1753
2,0,69,2,1,8,180,1,810
2,0,27,0,3,1,98,0,1378
1,0,1360,1,5,15,235,2,1139
0,3,9280,0,6,10,127,2,3963
0,5,3338,1,4,9,266,1,2758
1,0,1959,0,6,11,206,2,1466
2,0,9,1,7,13,268,0,1515
2,0,62,2,5,4,81,0,2372
0,2,4389,0,3,2,172,1,1392
0,1,8387,0,7,5,155,2,4443
2,0,34,2,2,13,223,1,1114
2,0,9,2,2,7,99,1,703
1,0,317,1,7,10,179,3,2816
1,0,575,0,2,2,264,1,1047
1,0,368,1,5,11,76,3,2807
1,0,872,0,3,15,186,1,1299
0,2,7323,2,5,15,198,2,2141
2,0,88,2,2,13,220,3,2603
0,4,9216,0,2,14,81,1,3476
0,1,7245,1,4,8,214,2,2860
0,2,9536,0,5,13,159,1,1807
1,0,1723,0,6,4,174,2,2469
0,5,4031,1,1,15,105,0,3309
1,0,284,2,1,14,188,2,1542
2,0,54,0,7,8,254,3,3347
0,1,6868,0,5,5,91,2,3356
2,0,75,0,3,5,168,3,2417
1,0,1764,2,2,8,276,1,1226
2,0,7,2,5,0,99,1,1663
0,3,6053,0,2,2,176,3,4034
2,0,11,1,3,11,275,2,1786
1,0,110,1,3,5,260,3,2554
2,0,97,2,2,10,276,3,1714
1,0,1143,1,2,5,238,3,2594
0,5,812,1,5,13,242,1,1890
2,0,16,2,6,4,237,3,2908
2,0,26,1,5,10,79,0,2131
2,0,65,1,3,9,66,0,1673
1,0,1924,0,7,0,210,1,1697
2,0,19,1,4,10,173,3,2673
0,3,1034,2,2,13,226,0,1868
2,0,43,0,2,13,148,2,1078
0,2,4711,1,3,9,149,2,1397
2,0,23,0,4,12,59,3,2944
2,0,73,0,5,10,172,1,1686
1,0,1838,0,5,2,166,0,2604
1,0,970,1,6,8,283,1,1754
0,2,4493,1,7,8,184,0,1812
2,0,89,1,7,9,191,1,1413
2,0,47,2,6,10,103,0,1561
2,0,26,0,1,11,183,3,1779
0,4,3737,2,6,2,289,3,3720
0,5,3829,2,5,4,264,2,2818
2,0,45,1,5,7,239,2,1972
2,0,16,0,4,7,262,0,2243
1,0,1025,1,1,7,69,1,1262
2,0,68,1,4,4,123,3,2026
0,4,9350,1,5,2,106,1,3825
2,0,25,1,6,9,77,0,1133
1,0,646,2,7,7,156,2,1927
0,1,3964,2,2,8,155,1,2002
1,0,380,0,1,12,73,2,1490
2,0,31,0,7,13,74,3,3389
1,0,1276,2,6,7,289,1,1690
0,2,9914,2,1,9,70,0,1872
2,0,54,2,5,4,79,0,2468
2,0,64,1,3,9,264,2,1534
1,0,829,1,7,3,70,3,2117
2,0,61,2,2,6,231,0,1437
0,3,7885,1,1,1,181,3,3492
1,0,331,1,2,10,100,2,1805
2,0,98,0,7,5,123,0,2333
0,2,1050,1,2,9,296,1,1066
1,0,1557,0,1,11,279,1,1560
2,0,28,2,2,2,169,1,1696
0,1,5914,0,1,7,298,0,3134
1,0,790,1,4,5,220,0,2674
2,0,73,2,2,6,105,1,583
1,0,1419,2,2,14,287,2,1588
1,0,1585,1,3,8,236,1,1281
0,3,1131,1,5,11,285,0,1644
0,1,8413,2,2,11,202,1,2319
1,0,1768,2,6,10,54,2,1819
2,0,37,2,5,4,207,2,2094
2,0,69,0,6,2,185,1,1680
2,0,34,2,4,9,228,1,2495
1,0,922,1,7,11,84,0,1628
0,4,2977,2,7,2,63,2,1566
0,2,2996,0,4,8,91,3,1906
0,1,6360,1,1,14,217,0,2634
1,0,1278,0,3,1,235,0,2744
0,4,4779,2,1,13,163,2,2576
1,0,1491,1,3,6,136,2,1461
1,0,1612,1,6,9,174,2,1447
0,5,6331,1,3,7,120,3,4166
0,5,9136,2,7,3,184,1,4913
2,0,29,1,6,13,276,1,2387
2,0,35,2,2,9,250,1,1086
2,0,60,0,7,3,61,1,1621
0,2,7128,2,7,12,234,0,3257
0,1,6906,2,4,12,109,1,2896
2,0,14,1,1,13,254,2,2092
0,2,6238,1,6,0,93,2,2009
2,0,82,2,2,6,288,3,2029
2,0,97,0,5,2,121,3,2502
0,4,6668,2,2,12,293,1,2896
0,1,5806,1,4,7,72,2,2772
0,3,201,0,5,2,109,2,1326
1,0,1041,0,7,13,229,2,1790
1,0,1365,1,6,11,258,3,2230
2,0,84,2,6,4,91,0,2466
1,0,820,2,5,4,75,0,2547
1,0,1505,2,5,7,265,0,1454
2,0,78,0,5,10,146,3,3069
0,5,631,1,5,0,182,1,1120
2,0,91,0,3,0,167,1,898
2,0,40,2,4,3,111,3,1981
0,2,4960,2,5,4,113,0,2656
2,0,33,2,3,12,127,1,1350
2,0,59,1,3,6,282,1,1416
1,0,472,0,4,13,280,0,1445
2,0,72,2,6,7,244,0,2002
0,1,7604,1,2,1,258,1,3206
1,0,1766,0,6,0,69,3,3558
1,0,1567,1,7,15,159,0,3085
1,0,1949,2,1,14,230,1,1562
2,0,53,0,1,8,165,2,940
1,0,847,0,3,6,127,2,1964
2,0,57,2,2,14,290,1,1122
1,0,30,0,4,0,165,0,1596
0,1,6348,1,1,1,284,1,2747
1,0,1788,2,3,10,208,3,3156
2,0,32,2,7,11,130,0,1803
0,1,9394,1,2,7,246,2,3931
2,0,25,1,3,8,125,3,3423
1,0,1654,0,1,1,256,0,1755
2,0,87,2,1,2,278,2,853
2,0,63,2,6,4,85,0,2003
0,4,618,0,4,0,190,2,1564
1,0,1794,2,6,9,164,3,2893
1,0,992,1,3,15,106,2,1734
1,0,721,1,5,9,232,1,1418
1,0,318,0,5,14,52,1,1328
0,5,82,1,7,2,278,3,3369
0,2,9920,2,6,9,253,0,1822
2,0,74,1,2,7,222,3,2432
0,3,4188,2,7,8,98,1,2300
0,4,4776,1,5,13,99,0,3263
1,0,225,1,6,14,221,0,2969
2,0,69,0,4,9,163,2,1296
0,3,5167,1,5,2,292,3,4488
0,1,115,1,5,5,177,3,2895
2,0,29,0,2,11,246,0,2327
1,0,1238,0,2,2,79,1,1118
1,0,1927,0,6,7,274,0,1874
1,0,179,2,1,15,185,0,1818
1,0,1524,2,4,0,79,1,1369
2,0,97,1,3,6,166,2,1150
2,0,51,2,3,4,125,3,2730
2,0,58,0,2,2,85,3,2883
1,0,635,1,4,12,279,3,2923
2,0,7,0,4,10,70,3,2112
1,0,1324,1,4,12,120,1,968
2,0,28,1,4,6,271,2,1516
0,1,9118,0,2,0,232,2,3566
1,0,1426,2,6,4,248,3,3164
1,0,812,1,7,14,104,0,2075
1,0,1279,1,7,10,57,0,2637
1,0,845,1,7,7,149,1,2132
2,0,52,1,6,15,121,1,1518
0,3,4737,1,3,12,132,1,1904
0,5,9825,2,5,14,193,0,6793
2,0,2,1,5,7,98,2,1214
2,0,41,1,5,6,284,0,3193
2,0,87,2,3,10,231,0,1641
1,0,755,1,7,14,183,3,4039
2,0,63,2,7,10,138,3,3707
0,4,563,2,1,13,106,1,743
2,0,17,2,1,11,220,0,1436
0,1,4469,1,3,10,120,3,4492
0,1,3946,1,3,14,200,3,3618
0,1,8787,2,1,2,259,1,3555
0,2,6072,2,4,3,204,3,1799
0,5,7795,1,5,1,270,0,5616
0,2,6588,2,7,15,106,0,2505
2,0,72,2,2,5,178,1,1315
2,0,32,1,4,0,90,0,1669
1,0,634,1,3,7,274,0,2063
2,0,78,1,3,9,219,0,1672
0,4,1642,1,3,11,221,0,1993
0,5,7794,0,3,0,290,0,5306
1,0,1252,2,2,0,205,1,1394
0,3,6979,0,5,5,169,0,4284
2,0,87,1,3,14,141,1,667
2,0,69,1,5,10,85,1,1342
2,0,68,2,4,7,142,3,2240
0,5,310,1,5,4,292,0,1686
1,0,916,2,4,12,193,1,1689
0,1,854,1,4,14,160,1,1969
1,0,389,2,3,4,170,1,779
2,0,13,1,6,6,122,3,2210
1,0,620,1,3,6,99,3,2483
0,5,7587,0,3,0,211,1,4239
1,0,18,0,3,7,211,3,2855
2,0,55,2,1,13,163,1,1007
0,1,8315,0,1,7,114,2,3871
2,0,90,0,3,8,106,1,1004
0,2,4946,1,6,1,260,2,2043
0,4,9349,1,5,3,244,2,3981
1,0,1746,0,5,9,264,0,2705
1,0,1863,1,7,12,127,2,1696
2,0,43,2,1,15,203,0,1815
1,0,1446,2,6,8,51,2,2134
0,4,1540,1,6,13,229,2,1940
2,0,73,2,3,14,149,2,1763
0,1,1149,1,2,10,104,1,1476
2,0,22,0,4,10,68,2,1093
1,0,1502,1,2,4,174,2,1451
2,0,39,1,3,15,122,2,1106
1,0,822,0,1,15,186,1,1154
0,5,4154,1,1,15,277,1,2649
2,0,51,0,2,11,119,3,2527
1,0,1130,2,7,2,172,3,3212
2,0,58,2,6,12,207,1,1164
1,0,1346,1,3,2,121,1,1801
2,0,99,0,2,4,235,0,1675
2,0,69,0,2,9,106,1,1356
2,0,62,1,6,0,110,3,3041
2,0,82,2,7,8,242,2,1572
2,0,87,0,7,3,256,0,1354
2,0,57,1,2,10,289,1,1355
2,0,67,0,3,3,82,2,1340
0,1,7230,1,1,5,289,0,2511
2,0,30,0,6,4,154,1,924
0,1,5566,2,4,12,215,3,4633
0,2,1333,1,4,14,181,1,1323
0,5,5673,1,7,3,180,0,5318
1,0,1603,0,4,6,72,1,668
1,0,1004,1,7,8,271,3,3009
1,0,1282,2,3,5,64,0,2233
1,0,1277,2,6,2,286,3,2722
2,0,13,2,2,11,213,3,1801
0,4,2897,1,6,2,226,0,2251
0,1,340,2,4,6,97,3,2439
1,0,210,1,4,11,295,0,1603
0,3,4602,0,4,6,197,3,2310
1,0,1745,0,2,3,164,1,1156
0,5,6723,1,6,12,286,1,4603
1,0,1384,1,1,10,294,0,1216
2,0,30,0,7,3,80,0,2433
1,0,92,2,4,7,234,3,3416
0,1,1855,1,1,5,116,0,2635
1,0,1435,0,2,4,245,0,1838
0,2,9670,1,1,0,199,3,2361
0,4,9107,2,5,9,207,3,4920
0,1,8430,1,7,15,296,3,5366
2,0,13,1,1,15,129,1,665
0,1,2684,2,1,11,261,0,3881
1,0,8,2,1,15,107,3,2745
2,0,93,0,6,5,139,0,2216
2,0,98,1,5,0,80,2,1840
0,1,8651,1,3,9,238,3,5741
2,0,67,2,7,9,234,3,2387
0,1,841,2,2,11,67,1,1125
0,1,2356,0,4,10,174,1,2027
2,0,53,1,1,7,89,0,1805
1,0,606,1,2,4,195,2,1574
1,0,1551,2,3,3,265,0,2425
1,0,1014,2,5,13,59,3,2166
2,0,42,1,4,2,260,0,2092
0,3,3383,2,1,15,62,2,2190
0,3,6095,2,3,4,242,0,2168
0,5,9326,1,7,1,224,1,4629
2,0,50,2,1,11,281,0,2189
2,0,89,0,6,9,66,0,2450
1,0,272,2,4,4,122,0,1394
2,0,73,1,6,8,238,0,2278
0,1,4038,1,7,7,76,2,2972
0,3,2900,2,1,13,82,1,1679
2,0,88,0,5,15,71,2,1659
0,2,3266,1,6,14,228,1,2163
0,3,5688,1,7,4,234,2,2171
0,4,5978,1,6,2,167,0,4364
2,0,87,0,6,6,239,1,1655
2,0,71,0,1,15,134,2,1087
2,0,1,0,7,1,274,0,2462
2,0,26,0,6,9,279,0,2225
1,0,1444,2,7,9,157,1,1610
2,0,27,1,6,11,61,3,3063
0,1,8553,0,7,12,106,0,4057
0,2,6710,1,4,6,155,2,1224
0,3,4423,1,5,9,208,0,2890
0,5,384,0,7,0,232,1,1360
1,0,1341,1,7,8,245,1,1066
1,0,1253,1,7,2,56,3,3197
1,0,1695,2,6,4,67,1,771
2,0,71,2,7,10,178,0,2031
2,0,7,1,2,6,228,2,1689
2,0,71,1,5,3,297,0,2206
2,0,56,1,3,10,106,3,2495
1,0,213,2,6,4,107,1,1420
1,0,1434,1,3,4,96,0,2193
0,4,4294,2,2,5,249,1,2592
2,0,43,2,5,5,50,3,2343
1,0,1493,1,5,15,136,1,1508
2,0,98,2,4,9,238,0,1731
2,0,78,2,3,6,264,3,2048
0,5,4911,1,4,13,120,1,3075
2,0,14,0,6,6,268,1,1040
0,4,8159,1,6,10,221,0,4040
1,0,1878,2,7,9,51,0,2543
1,0,802,1,3,9,57,2,1578
2,0,94,1,7,12,92,3,2946
0,2,7273,2,3,1,87,2,1346
0,4,7606,2,4,14,298,0,4798
0,4,1718,1,5,0,190,1,2124
0,3,4943,0,5,7,242,3,4544
2,0,28,1,5,6,294,2,1085
2,0,90,1,5,9,217,2,2136
1,0,1035,2,1,3,213,1,702
1,0,293,0,4,15,171,2,1959
0,5,995,2,1,14,121,3,3299
2,0,37,2,1,6,197,2,1716
1,0,1725,2,6,11,98,0,1801
0,4,235,2,6,7,132,1,1192
1,0,1610,2,7,8,177,3,2644
1,0,1886,2,3,1,260,3,3152
1,0,109,2,1,12,108,1,1055
2,0,43,2,3,4,74,3,1803
2,0,58,1,1,4,212,3,3235
2,0,30,0,2,5,192,2,1598
1,0,1726,0,1,9,175,3,2631
1,0,841,0,3,5,268,3,2554
2,0,7,0,7,9,77,1,1153
2,0,17,1,5,12,56,1,2161
1,0,990,2,7,13,193,0,1788
1,0,1155,0,2,9,220,1,985
2,0,16,0,2,8,104,0,1760
1,0,886,1,5,9,53,3,2278
2,0,44,2,6,8,204,3,2375
2,0,99,2,5,5,129,0,1900
2,0,20,2,6,7,291,0,2649
2,0,67,1,4,0,259,1,1552
1,0,1054,1,6,1,285,0,2322
0,1,2299,1,6,5,294,3,4281
1,0,69,1,1,0,214,3,2848
1,0,1611,1,4,10,270,3,2565
1,0,1787,2,6,8,158,2,716
0,3,1958,0,5,15,237,0,2788
2,0,96,2,2,8,184,3,2125
0,3,2763,2,1,15,209,2,1504
1,0,209,1,4,3,199,0,1810
0,3,2826,2,5,0,117,0,2134
1,0,1227,1,2,7,147,1,1034
2,0,12,2,2,0,153,3,2221
0,2,729,2,6,14,193,0,2487
1,0,1224,1,5,0,263,1,1523
2,0,43,2,6,13,232,0,1944
1,0,1537,1,3,3,126,1,1463
0,1,4617,2,1,14,291,3,4443
1,0,976,0,4,9,106,3,3260
1,0,629,0,6,11,228,3,3997
2,0,70,2,2,15,132,2,1461
2,0,84,1,3,5,116,1,916
0,1,8574,1,5,5,291,0,4595
2,0,54,1,5,2,250,0,1703
2,0,21,1,4,2,190,1,2213
0,2,8184,0,4,5,170,2,1492
1,0,1678,1,2,9,241,0,2323
1,0,1420,1,5,9,238,0,2270
0,5,2827,0,7,0,234,3,3939
0,5,1930,0,1,10,92,0,2741
2,0,9,1,6,11,185,3,2647
2,0,47,1,1,6,206,2,993
2,0,76,2,4,12,62,0,2001
1,0,1541,0,2,3,75,3,1952
2,0,17,2,2,8,178,0,1084
1,0,1270,1,3,3,229,3,2297
1,0,457,2,3,6,162,0,2021
2,0,25,0,6,10,199,0,2180
1,0,243,1,4,12,178,0,1583
2,0,47,1,2,9,192,0,1549
1,0,1482,0,3,7,113,0,1616
0,3,5853,0,2,7,197,2,1705
0,4,9684,2,5,1,116,0,4839
1,0,1115,2,7,15,267,2,2207
0,2,5859,1,2,15,144,3,2624
0,5,4832,1,7,7,52,0,3798
1,0,239,0,3,6,229,2,1648
0,4,2130,2,5,14,82,2,2999
0,3,1306,1,5,2,94,1,940
1,0,1644,1,5,15,109,0,2137
2,0,89,1,6,8,226,0,1927
0,2,7671,0,2,14,179,3,2738
2,0,38,1,6,14,84,2,1364
0,4,922,2,4,10,181,3,4421
1,0,176,1,5,3,156,1,1405
1,0,1692,0,4,12,294,0,2522
0,1,9787,0,4,15,57,3,5773
0,5,7324,2,2,5,252,0,3840
1,0,1103,0,7,0,246,1,1931
2,0,98,1,4,2,183,3,2382
1,0,428,0,1,1,279,1,1127
1,0,891,0,7,14,196,3,3280
0,3,6486,2,2,7,234,1,2229
1,0,1556,1,2,1,287,0,2494
2,0,97,0,4,14,295,2,1894
0,5,1504,0,4,8,57,0,2650
1,0,142,2,4,9,93,1,1370
0,3,9541,1,3,5,98,1,2492
0,1,9719,2,1,10,178,1,3353
1,0,1402,0,4,6,213,0,2303
2,0,39,0,1,13,250,0,2150
2,0,9,0,1,14,74,3,2743
1,0,1886,2,5,1,176,3,3153
1,0,1575,1,3,14,286,3,3560
0,1,5067,1,7,0,162,1,2342
0,2,2614,0,5,13,153,1,2152
1,0,109,2,6,15,229,3,3725
2,0,21,1,7,11,180,0,1885
1,0,492,1,2,5,96,0,1252
1,0,358,2,6,1,126,3,2535
2,0,10,0,5,2,228,1,1634
1,0,1312,1,7,1,221,3,3402
2,0,43,0,6,7,256,3,2501
1,0,961,0,3,14,226,0,2283
0,4,3981,0,3,15,178,0,2863
1,0,527,1,3,13,282,0,2335
2,0,53,0,4,9,189,0,1715
2,0,63,2,6,3,168,1,1827
1,0,259,2,2,3,260,0,1224
0,3,9252,2,1,4,142,1,3011
2,0,92,2,6,6,74,0,2048
0,3,9954,0,6,15,226,1,2970
1,0,1552,2,6,3,271,1,866
0,2,9794,2,7,15,54,2,1723
0,3,4105,0,5,8,214,0,2590
2,0,44,0,4,7,100,1,1088
0,3,8507,0,2,5,203,0,3335
2,0,92,0,1,10,154,3,1969
0,5,3171,1,5,3,67,1,2375
0,5,7175,0,3,8,191,3,3852
1,0,1341,1,2,12,115,0,2664
2,0,72,1,2,2,164,1,1343
2,0,86,2,5,11,65,0,1399
2,0,14,0,3,1,88,2,1051
1,0,1624,1,4,4,223,2,2210
0,4,8625,1,3,7,225,2,3195
1,0,1631,2,1,14,225,1,1605
1,0,1973,1,5,13,177,2,1742
0,1,8367,0,7,1,92,0,3926
1,0,1553,2,1,7,161,2,1313
1,0,377,0,1,3,185,0,1392
1,0,1664,1,4,14,294,0,2238
2,0,38,0,7,5,222,1,1652
1,0,1631,2,6,9,197,2,1760
0,4,6363,0,6,7,130,1,3317
0,2,485,0,5,0,149,0,1889
1,0,1527,0,3,8,276,2,1580
1,0,766,2,2,8,94,2,865
1,0,1385,1,4,14,216,3,2880
1,0,1002,2,6,13,81,1,1171
2,0,88,1,5,14,269,0,3037
1,0,1034,1,6,2,123,0,1835
1,0,1879,2,4,15,227,1,1291
2,0,0,1,5,12,273,1,1535
2,0,68,1,2,3,188,0,1790
2,0,69,0,1,0,129,2,997
0,2,2321,2,5,0,126,3,3289
1,0,1952,0,1,6,279,2,1881
2,0,24,1,4,4,85,1,1067
2,0,76,2,6,13,223,3,2254
0,3,3653,0,2,8,213,1,1552
0,5,7745,0,7,6,105,2,4022
0,3,1726,0,1,9,109,3,3237
2,0,29,1,2,8,165,3,2530
0,1,8360,1,2,4,204,3,5691
2,0,72,1,2,3,183,0,1448
0,4,2202,0,5,10,232,3,3341
1,0,1960,2,4,12,88,2,1702
1,0,1595,2,1,2,126,0,1956
2,0,84,0,3,1,239,1,1490
0,3,4420,1,4,14,210,1,2083
0,3,6094,1,4,4,171,3,3739
0,4,6713,0,5,0,116,3,3820
0,1,2027,0,6,11,92,2,1311
0,1,7319,0,1,0,139,3,4195
1,0,1317,0,4,10,209,3,2561
2,0,5,0,5,15,296,3,4089
0,2,6528,0,6,14,209,1,1858
2,0,48,2,7,8,68,2,1382
2,0,44,2,1,13,62,1,925
0,5,7782,0,5,9,213,1,4394
0,5,6172,1,6,8,262,1,4478
2,0,66,2,2,4,281,1,1065
0,5,8414,0,3,2,239,1,4833
1,0,613,0,2,3,59,1,819
2,0,75,1,1,10,120,2,1330
0,3,8961,1,6,2,272,1,3669
1,0,1356,0,3,9,222,1,1312
1,0,1131,1,3,2,130,3,3074
2,0,81,0,5,7,194,0,2135
1,0,1522,1,7,5,84,0,1865
1,0,1943,2,4,7,283,3,2467
0,3,7416,1,7,4,255,1,2648
0,1,1275,1,5,9,58,3,2817
2,0,69,2,2,15,149,2,1776
2,0,64,0,3,11,55,2,1276
0,1,3471,1,2,2,85,2,2966
0,5,5557,0,3,6,276,1,4237
1,0,237,1,4,11,283,3,2610
2,0,17,0,6,11,74,1,1440
2,0,1,1,4,4,129,2,1600
2,0,75,1,4,0,230,2,1490
1,0,448,2,3,1,256,2,1741
2,0,26,1,2,4,179,2,1520
2,0,12,1,2,7,209,2,1508
1,0,1461,1,5,9,252,3,2599
1,0,1818,1,6,11,208,2,1444
2,0,6,1,3,1,271,2,1916
1,0,1987,1,3,12,130,2,2603
0,1,6568,1,4,11,272,2,3187
1,0,1792,2,7,8,68,1,1678
1,0,1169,2,2,8,130,3,3015
1,0,138,0,6,3,188,1,987
2,0,25,2,2,6,241,1,928
1,0,924,1,7,12,128,0,1765
0,4,396,1,3,1,260,0,2044
0,4,3583,0,5,2,52,1,2907
2,0,33,2,6,0,160,3,3252
1,0,917,0,4,13,86,0,2806
1,0,881,0,3,6,201,0,2624
2,0,52,2,4,6,240,0,1820
2,0,90,0,3,13,123,1,1095
2,0,22,1,3,0,277,2,1565
0,2,7132,1,1,12,221,2,1789
0,5,2019,1,4,15,86,0,3514
2,0,80,1,3,3,260,0,1441
2,0,55,1,1,0,293,0,1248
2,0,89,0,2,13,270,3,2072
1,0,986,0,4,15,259,3,2783
2,0,17,2,7,7,231,2,1860
2,0,97,2,4,10,143,2,1143
1,0,1910,0,7,10,197,3,2721
0,1,6969,0,4,5,263,2,3512
1,0,1205,2,7,11,262,3,3079
1,0,1537,1,5,13,103,2,1906
1,0,190,2,2,8,228,2,1070
2,0,21,2,5,1,152,2,1148
2,0,66,2,6,9,57,1,1381
2,0,75,2,5,8,241,0,2495
0,2,6251,2,5,14,73,1,1304
1,0,328,1,1,14,78,2,1001
0,3,2220,0,2,4,120,2,1953
2,0,92,2,2,4,73,1,392
1,0,1826,2,2,6,94,3,1943
1,0,1183,2,3,13,217,2,2075
0,3,2088,0,6,7,102,0,2082
1,0,80,1,7,7,99,3,2737
1,0,1257,1,7,11,90,1,1454
1,0,726,1,6,0,247,1,1794
1,0,1824,1,1,0,86,3,2667
0,2,9401,0,4,12,245,0,2988
0,1,6352,0,5,8,274,0,3278
1,0,1463,2,1,4,273,2,1250
0,3,9182,2,5,1,76,2,2559
2,0,67,0,1,3,153,1,531
0,3,5047,0,2,0,114,2,2617
1,0,1578,0,5,2,135,0,2115
2,0,8,1,4,3,298,2,1439
1,0,838,0,6,8,185,1,2096
1,0,406,1,2,13,192,2,1368
1,0,925,0,7,10,88,0,2746
2,0,33,1,4,13,260,3,2240
1,0,1275,2,3,2,182,1,1141
0,5,6930,1,1,0,215,3,4298
2,0,25,1,4,3,150,1,1037
2,0,65,0,2,9,281,3,2940
2,0,45,2,7,1,159,1,1428
2,0,76,0,6,9,210,1,1591
1,0,1136,1,2,1,287,3,2649
0,3,7614,0,7,15,291,1,2949
0,1,3278,0,3,0,69,0,2270
1,0,539,2,2,14,246,3,2291
1,0,135,1,7,1,261,2,1332
2,0,5,1,3,9,234,2,1273
1,0,1539,1,3,6,281,3,3430
2,0,91,0,5,14,184,1,1365
2,0,21,2,3,7,262,3,2522
2,0,53,2,1,3,271,1,1242
1,0,643,0,4,5,237,2,1695
0,2,5406,2,7,14,158,0,1768
0,3,162,1,3,2,142,1,1706
1,0,325,2,2,9,201,3,2653
2,0,36,1,7,7,50,1,1015
1,0,710,1,3,8,142,2,1318
0,1,4012,2,7,0,166,1,1843
1,0,1686,1,1,1,199,0,2369
0,4,4850,1,1,15,163,3,4099
0,1,3448,0,2,12,267,3,3621
0,4,308,2,4,0,258,3,2490
0,4,1562,0,2,7,197,2,2608
2,0,43,1,3,7,143,2,1988
2,0,42,2,5,8,162,0,2165
0,2,1218,1,1,7,54,3,2591
2,0,75,1,7,2,95,1,2445
0,2,2534,2,3,2,283,3,2659
2,0,10,1,7,3,104,0,2052
0,4,8537,2,1,5,167,2,3533
1,0,1201,2,4,8,94,0,2034
0,5,5879,1,5,13,211,3,5354
2,0,27,1,4,14,149,3,2484
1,0,750,0,3,8,223,3,2924
1,0,861,1,5,14,90,1,1350
0,1,2634,2,4,11,193,3,3893
0,3,7997,0,1,0,190,2,2706
1,0,1910,1,4,0,57,1,1586
2,0,1,1,3,0,52,1,1511
1,0,368,0,4,0,165,3,2317
2,0,43,2,5,0,98,3,2300
0,3,7929,2,7,9,261,1,2665
0,5,4758,0,4,3,178,1,2380
0,4,1167,1,3,13,283,3,3542
2,0,35,0,7,1,204,0,1953
0,3,9420,1,3,4,228,2,2683
2,0,20,1,1,0,126,0,1395
2,0,54,1,6,0,116,2,1204
2,0,68,0,7,9,187,0,2874
2,0,65,1,3,6,154,0,1118
2,0,15,2,1,6,121,3,2468
2,0,54,2,4,3,179,2,1284
2,0,83,0,7,5,241,1,1871
2,0,90,0,3,4,245,0,1200
0,3,1986,0,4,6,143,1,1153
2,0,99,2,7,15,127,3,3755
2,0,83,2,7,3,238,1,1860
1,0,773,2,3,1,268,1,1066
2,0,62,0,6,2,65,1,1624
0,4,2684,1,2,10,275,0,2908
2,0,65,0,2,12,53,3,2712
2,0,49,1,5,9,180,2,1713
0,2,4132,1,5,14,51,2,2149
2,0,26,2,6,6,218,2,1730
1,0,1020,2,2,2,207,1,790
1,0,1046,1,1,15,149,3,2629
1,0,1180,2,5,3,137,0,2419
0,2,5204,1,4,14,80,1,1079
1,0,315,2,5,12,228,0,2158
2,0,69,0,6,10,100,0,1852
0,4,7614,2,5,6,69,2,3123
0,1,6576,2,5,3,89,2,2849
2,0,36,1,5,14,284,3,3307
1,0,1264,0,5,8,105,1,1408
2,0,39,2,4,12,198,2,1777
1,0,1035,0,4,8,276,3,2701
1,0,1440,1,6,14,249,3,3998
2,0,28,1,2,1,73,3,2551
0,5,5328,1,2,5,79,0,3906
2,0,30,0,7,6,101,3,2150
0,2,398,2,5,10,268,1,1754
1,0,994,0,5,6,123,0,2416
0,5,3587,0,7,3,133,3,4300
0,4,9372,2,1,4,102,2,4312
0,5,2183,1,3,1,246,3,2510
1,0,1972,1,6,9,257,3,3697
2,0,14,1,6,7,271,1,1974
2,0,81,0,1,3,224,0,2031
0,5,1328,1,4,4,292,1,1285
2,0,83,2,7,12,65,2,1735
1,0,236,1,7,14,298,1,1089
1,0,1099,2,4,10,119,0,1389
0,5,4586,2,5,12,214,3,4457
0,4,6179,0,7,1,146,2,3529
2,0,20,0,3,13,199,0,1467
2,0,92,1,2,12,293,1,1342
1,0,872,0,4,8,252,3,3302
1,0,1652,1,4,2,128,3,2475
0,1,3052,1,4,5,88,1,1868
2,0,76,0,2,13,106,1,1424
1,0,595,0,3,12,100,0,2446
1,0,1095,1,4,10,228,1,1554
2,0,94,2,5,10,71,2,1480
1,0,147,0,4,10,164,1,956
2,0,73,2,2,12,233,0,1701
1,0,249,0,7,10,113,3,2511
1,0,164,0,5,14,131,2,1455
0,3,2885,0,3,2,160,1,1650
0,2,9126,2,4,9,208,2,1900
2,0,38,1,3,0,98,3,2553
0,5,3824,1,5,11,247,1,3968
1,0,1535,0,5,8,250,0,1875
1,0,1928,0,1,7,115,1,889
1,0,733,1,5,11,281,0,2801
2,0,22,1,4,11,71,0,1658
1,0,1922,1,4,4,68,1,1038
0,3,6091,2,3,11,273,2,2812
0,5,2603,1,2,11,180,1,2369
1,0,1815,0,3,12,222,2,1754
2,0,79,1,4,0,168,3,2964
0,2,681,1,7,10,154,0,1941
0,2,854,1,3,5,90,3,2385
1,0,873,0,4,11,252,3,3119
2,0,16,1,2,5,153,0,2004
0,4,2465,2,2,0,103,2,1842
2,0,85,2,6,4,129,2,1270
1,0,1887,2,1,9,170,2,1929
1,0,459,1,3,6,89,1,512
0,2,8854,0,6,4,217,3,3886
0,4,7389,1,6,8,112,2,3249
0,5,13,1,6,12,130,3,3001
0,3,4039,2,2,14,126,3,3039
0,2,14,2,1,10,147,0,1581
0,5,9710,1,3,11,230,2,4473
0,3,7215,2,6,10,82,1,2666
1,0,1132,1,1,1,161,0,1862
2,0,19,1,2,1,133,2,1709
2,0,92,1,7,5,177,0,2668
2,0,10,1,4,7,91,2,1655
1,0,1320,2,2,15,70,3,2188
1,0,580,1,1,1,249,1,1401
1,0,332,1,1,4,110,3,1873
1,0,1447,0,4,8,204,2,1601
1,0,883,1,7,2,235,0,2521
2,0,95,2,7,10,228,2,2020
1,0,472,0,7,14,165,2,2404
1,0,396,2,2,1,113,2,2010
0,4,1659,1,6,11,230,0,2798
1,0,1352,0,3,9,166,1,1512
1,0,1025,2,4,1,98,2,1359
1,0,1861,0,5,13,262,3,3030
2,0,22,1,4,5,204,2,901
0,4,3007,2,3,8,249,0,3762
2,0,54,2,1,6,150,3,2007
2,0,45,0,4,13,213,3,2039
0,3,8125,0,1,15,279,3,4442
2,0,73,2,6,14,238,0,1477
2,0,50,2,7,3,52,2,1938
1,0,1728,0,7,7,64,1,1657
2,0,54,2,3,2,137,0,2540
1,0,1545,1,6,6,124,3,2424
2,0,68,0,2,9,181,0,2598
2,0,80,0,5,14,272,0,3003
2,0,80,1,3,10,115,3,2626
2,0,49,2,2,7,71,2,1430
0,1,7937,2,4,13,232,0,4077
0,2,8237,1,7,6,106,0,1538
0,2,1601,2,6,7,168,3,3550
1,0,410,0,3,15,72,2,1791
0,3,7440,0,3,13,299,2,2007
0,1,741,0,7,7,275,0,2898
1,0,1690,2,2,12,241,2,1474
1,0,1088,2,7,10,207,3,3859
0,4,4863,1,7,15,68,0,3796
2,0,89,2,2,10,219,0,2681
2,0,75,2,6,3,60,2,1022
2,0,13,0,4,5,235,3,3053
0,5,5221,1,6,8,287,2,3785
1,0,412,0,6,7,147,0,2010
2,0,2,0,4,12,64,3,2342
1,0,1867,1,6,1,191,2,2457
2,0,81,1,1,0,264,3,2272
1,0,345,1,7,1,160,0,2746
0,4,6367,0,7,4,288,1,3961
0,1,3643,1,3,9,264,0,3181
1,0,1670,1,2,3,81,2,1177
2,0,64,0,2,13,204,1,1616
1,0,741,0,4,4,112,0,1964
1,0,1710,0,1,4,227,2,2201
0,2,2836,0,7,15,124,3,2678
2,0,16,2,1,7,199,3,2625
2,0,12,2,4,8,103,2,1787
0,5,6808,0,4,15,268,2,4256
2,0,19,0,7,3,74,2,1683
2,0,4,2,4,7,158,3,2999
1,0,313,1,4,5,153,3,2749
0,5,469,0,4,3,178,1,1730
2,0,87,0,7,15,236,0,3307
0,3,3119,0,2,2,137,2,1835
0,3,4295,1,4,1,79,2,2386
2,0,30,0,4,11,107,0,1965
1,0,907,0,4,13,201,1,1738
1,0,603,0,7,10,282,0,2419
0,2,6993,2,7,9,172,3,2280
1,0,1898,0,2,15,260,2,2413
0,1,3044,1,3,3,176,1,1786
2,0,21,0,1,2,82,1,556
1,0,1195,2,1,1,166,2,1412
2,0,41,0,2,8,255,2,1819
2,0,92,0,5,8,103,3,2563
2,0,52,2,2,4,269,0,1563
0,2,8454,1,2,9,87,0,1693
2,0,18,1,7,2,185,2,1824
2,0,60,0,1,9,190,1,1001
0,3,3652,1,4,8,156,0,2001
0,2,7638,0,2,5,226,3,2368
1,0,715,1,7,13,59,2,1430
2,0,40,0,2,4,142,3,3236
1,0,534,1,2,5,170,2,587
2,0,2,0,3,11,137,0,1873
2,0,8,0,3,1,239,3,2314
0,3,7455,2,4,3,257,1,3100
2,0,10,2,4,1,228,1,1602
2,0,30,0,6,2,259,0,2216
0,4,90,2,1,12,107,3,2640
1,0,118,1,6,9,83,0,1899
2,0,2,2,7,13,94,2,1418
2,0,10,1,2,12,272,0,2355
1,0,841,0,2,10,87,0,2619
2,0,41,1,4,15,142,2,1651
1,0,1263,1,3,15,133,1,1935
1,0,1996,0,6,5,136,1,1716
0,4,9012,0,2,1,103,2,2960
1,0,1315,2,5,3,250,2,2002
1,0,697,0,3,5,147,1,1455
0,1,8371,1,1,2,195,3,5321
2,0,25,1,4,5,244,3,2377
1,0,307,2,4,15,59,3,3093
1,0,245,2,4,3,157,3,1987
1,0,1694,1,3,5,149,0,2231
2,0,20,2,1,5,254,1,1450
0,5,1022,1,1,3,92,1,1387
2,0,23,2,5,15,168,3,2276
0,4,786,2,6,0,124,0,2320
1,0,1040,2,5,4,218,0,1996
0,2,1828,2,2,10,182,2,1647
2,0,69,0,1,3,171,3,1913
2,0,23,0,2,1,130,1,1976
1,0,481,1,1,14,153,3,2411
0,1,8167,0,4,13,281,0,3754
2,0,59,1,3,2,176,3,2076
1,0,745,2,5,6,191,1,962
0,4,439,0,2,3,225,1,1592
0,4,3880,0,3,14,87,2,3246
2,0,24,2,6,0,99,1,1957
0,4,7771,2,1,6,170,3,4501
1,0,1766,0,2,12,294,1,1394
1,0,1569,2,4,10,180,0,2076
0,5,6839,1,7,13,276,0,4030
1,0,441,0,1,7,102,1,991
1,0,53,0,7,0,72,3,4084
1,0,1281,1,4,0,133,1,1182
2,0,50,2,2,15,254,1,1403
1,0,174,1,1,14,237,2,1467
0,5,2402,2,3,7,292,3,2655
2,0,59,1,5,5,297,3,2889
0,5,6287,2,6,7,186,3,4574
2,0,39,1,3,12,192,0,2364
1,0,1159,1,1,12,116,3,2646
0,4,3601,2,5,3,92,1,1928
1,0,1774,1,1,0,66,1,1806
1,0,562,0,5,15,134,0,2567
0,1,2439,2,3,3,146,0,1896
2,0,82,0,6,6,125,1,2066
1,0,168,2,4,15,177,1,2337
0,5,160,2,6,3,210,3,1838
2,0,3,2,1,4,217,1,1280
0,3,1440,2,5,15,291,1,2104
2,0,5,1,2,9,158,3,1877
1,0,503,0,1,8,92,2,1692
1,0,1212,1,4,9,105,2,1296
0,3,8379,1,3,8,106,1,2872
1,0,654,2,2,10,234,0,1504
1,0,1768,0,3,12,159,3,2058
1,0,834,1,1,14,237,3,3121
0,3,7572,2,3,14,297,3,4121
1,0,770,0,4,10,65,1,952
2,0,85,1,5,5,180,3,1955
1,0,1040,1,2,3,169,1,842
1,0,1715,2,1,5,140,3,1786
1,0,839,2,6,9,231,0,2532
1,0,1856,1,4,15,137,1,2612
1,0,90,1,7,14,236,3,2873
2,0,12,0,1,9,180,2,1497
1,0,1486,2,2,8,90,3,1894
0,2,294,2,1,7,59,2,1077
1,0,1563,0,4,6,50,0,2312
1,0,343,1,7,2,182,2,1553
1,0,1055,2,6,6,155,1,1568
2,0,84,2,2,5,106,3,3094
2,0,30,2,3,4,164,0,1280
0,3,191,1,7,14,88,2,1548
0,1,6762,2,2,5,211,1,3203
0,4,7895,2,6,0,271,2,4510
1,0,1193,1,6,3,90,1,829
2,0,5,1,5,6,282,1,1380
2,0,3,2,2,11,109,2,1334
0,2,4605,1,7,7,291,2,2333
2,0,82,2,1,3,292,3,1690
0,4,6760,0,3,10,83,1,3296
2,0,97,2,7,13,167,0,1698
1,0,1046,2,5,6,221,2,1527
2,0,85,1,3,9,253,1,1316
0,5,4351,1,1,11,247,0,2994
0,4,9111,1,2,10,161,2,3907
0,1,8233,2,5,15,148,0,3851
1,0,563,1,6,8,240,0,3008
2,0,86,1,4,2,256,2,2135
1,0,865,1,1,14,170,2,1367
0,4,4459,2,1,4,281,2,2582
2,0,35,2,3,3,188,2,1454
2,0,77,1,4,10,192,2,1790
0,5,5372,2,4,0,257,1,2945
1,0,161,0,6,0,70,0,2181
2,0,0,1,2,11,61,3,2095
2,0,41,0,5,12,136,2,1660
0,3,8842,1,6,11,224,0,4497
2,0,81,1,1,4,154,3,3003
1,0,14,0,3,0,218,3,3672
1,0,1580,1,3,6,63,1,1048
2,0,88,0,5,8,268,3,2778
2,0,17,0,7,3,85,3,3015
0,1,7435,0,7,12,241,0,3916
1,0,1610,1,3,6,115,1,818
2,0,78,1,4,11,296,3,2729
2,0,85,2,6,12,170,1,1625
0,1,8772,0,4,9,255,2,3306
0,5,6813,2,7,14,296,0,4773
0,1,5863,1,7,15,82,3,5750
2,0,31,1,2,11,163,2,1392
0,2,3570,1,5,0,264,3,2937
0,2,8533,2,2,11,169,3,2618
2,0,93,1,3,2,169,0,2388
0,5,8840,0,1,4,145,2,5392
0,5,8860,0,3,0,132,3,5816
0,1,586,2,1,2,279,0,1818
0,5,2834,1,6,9,170,0,4403
0,2,2850,0,1,15,182,1,1586
0,3,7829,0,2,3,253,1,2448
2,0,57,1,5,7,66,0,1393
1,0,708,0,7,12,257,2,2071
0,3,2765,0,6,11,106,1,2083
2,0,8,1,1,7,79,1,1069
2,0,56,1,5,8,125,2,805
2,0,99,1,3,11,90,2,1045
0,1,3730,2,1,9,292,0,3659
2,0,41,0,6,12,266,2,2051
1,0,1603,1,6,13,219,2,2163
2,0,2,0,5,13,299,3,2787
1,0,687,2,5,3,245,2,1765
2,0,92,1,3,7,209,1,809
2,0,57,1,7,7,251,2,1593
0,4,6019,0,3,5,70,2,4040
2,0,65,0,7,7,202,2,1837
2,0,51,1,7,0,105,0,2690
2,0,52,2,1,9,253,0,1587
0,4,6824,2,2,2,63,3,4082
0,1,3293,2,3,9,182,0,2629
0,3,6211,0,5,6,199,3,3700
2,0,60,0,2,14,83,3,2732
2,0,63,1,6,12,132,3,2946
0,4,9941,1,3,12,250,1,3703
1,0,557,2,5,10,190,2,1243
0,4,4499,1,6,3,64,1,2702
0,2,8764,2,6,14,246,1,1815
2,0,70,1,3,3,133,3,2204
0,4,8786,2,4,2,227,3,5976
1,0,1991,1,2,9,59,1,1009
2,0,34,1,2,3,270,0,1641
1,0,227,0,4,6,214,3,2085
0,1,5063,1,7,1,236,2,2833
2,0,47,2,2,5,260,3,2370
1,0,1087,2,7,15,276,2,1221
1,0,748,2,2,14,245,2,2088
1,0,1006,2,7,10,281,2,1984
2,0,6,0,4,12,92,0,1378
2,0,65,1,6,10,113,2,1171
2,0,59,0,2,4,78,2,1609
0,1,3959,1,5,0,276,3,4662
1,0,317,1,2,7,225,0,1847
1,0,547,0,7,7,181,3,3456
2,0,7,1,2,1,135,2,1773
2,0,12,1,4,11,172,2,1706
2,0,13,1,1,8,73,3,2696
2,0,70,1,2,13,195,2,1258
2,0,34,0,2,5,85,3,2363
2,0,96,0,1,14,198,1,1162
0,3,6730,0,4,6,124,1,2207
1,0,248,0,7,15,144,1,2032
1,0,912,0,5,4,103,2,2190
2,0,25,0,6,4,251,1,952
1,0,328,2,4,10,199,0,2312
1,0,1406,2,4,2,93,1,1214
0,2,3022,1,4,7,163,2,1509
1,0,1793,0,2,0,215,2,1845
0,2,4674,1,4,13,238,0,1830
2,0,95,0,6,13,147,1,1132
0,5,5356,1,6,10,172,1,3219
1,0,1819,1,2,4,292,0,2000
0,1,5474,0,3,6,85,0,4061
1,0,1460,0,6,15,256,0,2976
2,0,70,2,4,12,249,1,927
0,3,2859,1,1,6,136,1,1844
1,0,904,2,1,15,294,3,3246
1,0,722,0,3,8,157,0,1537
1,0,1672,0,1,10,258,2,975
1,0,661,0,6,10,267,3,4132
1,0,379,2,6,11,281,1,1302
0,4,1202,2,7,5,263,0,2214
1,0,1747,2,2,9,263,0,2189
1,0,1880,0,4,0,157,3,4021
2,0,51,2,5,13,280,2,2819
2,0,92,2,2,2,95,1,897
2,0,81,2,1,2,280,1,1354
1,0,1886,2,6,1,59,3,1885
0,2,9489,2,5,3,109,2,942
1,0,69,0,1,0,288,1,1156
2,0,9,0,5,15,284,2,1491
2,0,25,0,1,9,97,2,1238
2,0,61,1,7,8,262,0,1712
0,3,5508,2,2,11,110,2,2479
0,4,5986,2,2,11,180,3,4724
0,2,8613,2,2,12,177,2,1221
1,0,397,1,4,3,192,3,2213
1,0,1492,2,7,1,154,1,2083
0,4,4508,2,4,11,280,2,1977
2,0,19,0,4,12,271,0,2223
0,2,7552,0,3,1,73,0,1753
0,4,2499,1,1,14,252,0,2513
2,0,38,1,5,8,232,2,3007
1,0,1046,1,3,11,85,0,2264
2,0,94,2,2,8,189,1,1252
2,0,87,2,6,9,111,3,2768
1,0,1887,2,4,4,264,0,3561
1,0,1945,0,6,9,118,0,2360
0,3,2888,0,2,11,223,1,1472
0,5,544,1,6,1,246,3,3437
2,0,54,1,1,11,61,1,1006
0,3,6920,1,1,8,60,1,2249
2,0,4,1,3,7,123,3,2413
1,0,266,2,7,15,76,1,2175
0,4,5505,1,3,13,233,3,3375
1,0,826,1,6,1,94,0,2487
2,0,99,2,1,10,129,3,2914
1,0,1277,1,4,2,186,1,1573
0,4,8771,2,3,9,105,2,2919
1,0,46,2,3,13,138,1,1148
1,0,1401,2,7,15,112,1,1987
1,0,561,0,6,7,109,0,1877
1,0,1604,1,3,8,261,3,2673
0,1,4265,1,1,7,249,0,2334
2,0,77,0,4,0,217,2,1567
2,0,28,2,1,0,244,3,2798
1,0,519,1,3,5,79,0,1991
2,0,50,2,1,14,248,2,1317
2,0,60,0,2,1,108,0,1401
1,0,898,1,1,3,180,3,2837
0,3,7425,0,2,15,123,0,2649
1,0,15,1,7,14,140,2,2654
0,2,2571,1,7,9,87,0,2365
0,1,9885,1,4,12,198,2,4051
2,0,48,0,3,0,228,3,2381
2,0,69,1,6,11,216,0,2412
2,0,13,1,2,11,195,3,2284
1,0,1996,1,7,9,198,3,2775
1,0,194,1,1,6,168,2,764
2,0,8,0,2,6,72,2,1554
1,0,1923,1,3,5,140,0,1879
2,0,90,1,2,11,203,2,1777
0,2,3650,1,4,3,224,2,663
2,0,90,0,6,15,102,0,2244
0,4,5769,0,7,3,119,0,3646
2,0,66,2,3,7,74,3,2960
2,0,62,1,1,0,202,0,1556
1,0,240,0,2,7,186,0,1724
1,0,332,2,7,3,250,0,2222
2,0,60,2,2,5,186,3,1862
2,0,72,2,5,13,183,0,2241
2,0,91,2,2,14,98,2,1629
2,0,77,0,2,13,107,3,2350
2,0,73,0,1,1,199,1,959
0,4,2664,1,5,14,172,0,3484
0,4,2317,2,6,13,88,3,2930
1,0,1033,2,1,14,98,1,920
2,0,36,0,2,3,213,3,3090
2,0,52,0,3,2,241,2,1811
2,0,32,2,2,7,107,3,2305
0,2,2536,2,5,9,71,2,1635
1,0,972,1,2,4,206,0,1308
2,0,35,1,4,12,93,3,2568
1,0,1591,1,6,4,285,2,1935
0,3,4763,1,5,7,105,2,1897
1,0,482,1,7,8,282,1,1863
1,0,1423,1,5,8,212,3,2501
2,0,53,0,2,3,267,2,1446
0,1,5167,1,3,1,274,0,3698
2,0,29,2,2,8,83,1,1023
0,2,2632,0,6,8,123,3,2499
0,5,3643,1,2,3,50,0,2457
1,0,1493,1,6,15,107,2,2636
2,0,17,2,5,10,154,0,2477
1,0,1574,2,1,14,95,2,1219
0,4,1427,1,4,7,278,2,1509
1,0,772,1,5,0,145,0,2013
2,0,24,0,4,11,109,0,1636
2,0,16,1,3,3,201,0,1767
0,1,4669,1,7,2,159,2,3469
2,0,44,1,7,10,294,3,3038
0,3,2131,2,7,7,94,1,1767
2,0,71,2,4,4,65,0,1712
0,3,4816,1,2,13,178,2,2408
0,1,5555,0,5,3,175,0,3660
0,5,9107,1,3,10,162,2,5293
1,0,1707,2,3,0,145,0,2696
0,2,10,1,6,7,204,3,2955
2,0,75,1,2,6,228,2,1447
0,4,4123,0,1,1,251,3,3415
0,1,5619,0,4,10,168,1,2508
1,0,1857,2,3,12,92,1,1134
2,0,96,0,2,0,65,0,1711
1,0,663,2,4,8,270,3,2113
2,0,95,2,5,7,134,2,1672
0,4,5198,0,3,5,274,0,2669
1,0,37,2,3,12,117,1,995
2,0,84,0,1,3,116,0,1453
2,0,11,0,2,1,93,0,1619
2,0,83,0,4,13,242,1,1865
0,4,7848,0,5,15,145,3,5779
1,0,1079,1,5,4,137,0,1375
1,0,1768,2,2,11,200,1,873
1,0,1583,1,3,4,185,1,1078
2,0,44,2,4,9,223,2,1723
0,4,7864,2,5,2,104,1,3694
2,0,8,0,4,13,291,1,1995
2,0,94,1,6,6,245,3,2093
0,3,5836,2,3,3,249,0,3286
1,0,789,1,2,0,285,3,2606
2,0,7,0,3,4,138,3,2981
2,0,19,2,1,7,292,1,1518
0,4,9332,2,3,10,56,2,4811
1,0,199,1,5,13,203,2,1198
2,0,24,2,6,6,58,2,1611
2,0,53,2,3,4,63,1,542
0,3,6657,2,1,4,246,1,1565
0,4,4783,1,7,9,149,0,3344
2,0,4,0,1,14,78,2,1277
0,5,9993,0,4,14,103,3,5756
2,0,25,0,1,0,69,3,2548
0,5,2901,1,6,6,128,3,4488
2,0,44,0,2,13,204,3,2757
1,0,1584,1,6,0,208,1,1008
0,2,3636,2,1,15,75,2,1192
0,2,9727,0,2,8,252,0,1523
0,5,1485,0,2,8,192,2,2148
2,0,51,2,6,15,149,1,1278
1,0,612,2,7,2,154,0,1988
1,0,901,1,5,15,60,1,1647
1,0,1371,2,6,12,245,1,1759
0,1,759,1,4,0,161,1,1790
0,2,625,2,5,11,275,1,1393
1,0,1691,2,6,11,175,1,1311
2,0,80,0,5,11,180,2,2071
0,1,1846,2,2,8,146,0,2188
1,0,410,2,2,0,153,0,1768
2,0,15,1,7,4,132,2,1278
2,0,92,2,3,6,235,2,1366
2,0,78,0,3,4,285,0,2516
0,5,6109,1,6,14,108,0,4717
1,0,99,1,3,3,149,2,1505
0,2,670,1,2,1,66,1,2026
2,0,81,2,2,2,234,2,1652
0,1,5916,1,6,13,82,3,4374
0,4,3091,0,3,8,174,2,2175
1,0,1158,1,1,14,271,2,1210
0,1,6488,2,6,5,245,3,4859
2,0,88,1,5,3,231,0,1722
2,0,92,0,5,4,65,0,2309
2,0,78,1,7,4,222,1,1993
1,0,1182,1,1,14,133,1,1308
0,3,7385,0,6,3,219,3,3887
2,0,28,0,7,9,166,2,2040
2,0,15,2,5,6,85,0,1760
1,0,1131,1,7,7,236,1,3250
0,1,2003,1,2,2,122,3,2533
1,0,179,2,7,9,196,3,2199
2,0,11,0,4,0,174,3,2335
2,0,13,1,6,1,141,1,1921
1,0,1145,0,3,0,260,2,1615
1,0,776,0,1,15,191,2,1710
1,0,462,0,1,13,185,1,611
2,0,97,1,5,0,235,0,1368
0,4,9395,0,3,3,252,1,2867
1,0,1688,0,7,13,114,1,1341
0,1,2631,1,3,11,94,2,1887
0,5,242,2,2,3,62,3,2542
0,5,1480,1,1,10,159,1,1488
0,2,1695,1,2,11,95,1,1172
1,0,1399,1,5,7,148,1,1645
1,0,1996,1,3,13,60,0,2085
1,0,1034,0,5,14,168,2,1516
0,4,3318,1,6,10,206,0,2531
2,0,17,2,3,9,108,0,1439
0,2,6631,1,5,14,294,1,1741
0,3,257,1,6,9,57,0,2725
1,0,1451,2,6,14,112,1,1778
2,0,73,2,2,11,206,0,1709
2,0,97,1,5,8,201,2,1763
2,0,97,2,5,3,221,1,1353
0,5,1978,1,6,0,281,0,3601
0,3,3329,0,4,4,164,3,3774
2,0,33,0,6,15,107,2,1021
0,1,9398,2,6,14,275,0,4306
0,1,227,1,5,10,141,1,992
2,0,73,2,6,12,214,0,2030
1,0,952,1,1,13,113,0,2401
0,4,2639,2,5,14,293,0,3080
2,0,63,0,2,1,122,2,1277
0,2,5928,1,3,8,170,0,1890
1,0,1045,0,3,13,240,0,2502
0,5,1868,1,5,15,180,1,3292
2,0,76,0,7,15,106,0,3384
1,0,1012,2,7,9,217,2,1781
1,0,46,0,6,0,216,2,2222
2,0,31,0,6,7,257,1,1616
1,0,107,1,6,13,135,2,1545
0,3,8046,1,3,11,168,2,2334
2,0,74,2,3,1,206,2,1273
1,0,1949,2,2,10,153,2,1864
0,2,2549,2,7,9,124,3,2946
2,0,66,0,1,0,299,3,2069
2,0,11,1,3,3,212,1,1286
1,0,1219,2,1,0,192,0,1503
0,1,7816,2,4,6,164,2,3063
2,0,72,1,6,3,211,0,1939
1,0,236,0,7,4,251,2,806
0,4,5478,1,1,7,242,2,2781
0,5,1795,2,5,5,194,1,2244
2,0,12,0,4,7,58,0,1165
2,0,28,0,3,6,152,2,1310
2,0,70,0,5,9,161,1,1539
1,0,1934,0,7,6,107,0,1635
2,0,7,2,4,13,151,2,984
1,0,806,1,2,4,244,0,1708
2,0,93,0,2,5,54,2,908
1,0,1432,1,5,2,181,2,1228
0,1,5018,0,6,10,259,2,2323
1,0,1425,1,4,11,270,1,1674
2,0,87,0,1,6,131,2,1433
1,0,1227,0,5,14,160,1,1774
2,0,79,1,3,0,139,0,1774
2,0,93,1,6,11,73,1,1226
2,0,37,0,5,11,161,1,1336
0,3,8908,2,2,1,133,1,2425
2,0,24,0,5,1,241,1,1497
2,0,14,0,6,12,138,0,1446
1,0,207,0,2,6,279,0,2054
2,0,85,1,2,8,272,1,1393
0,2,8805,2,7,12,150,1,1563
2,0,97,0,3,4,78,1,1432
2,0,19,0,2,11,106,1,821
0,5,1485,2,7,13,192,0,4086
2,0,24,0,1,14,89,3,2457
2,0,10,1,2,13,284,1,1556
1,0,486,0,4,15,272,1,2223
1,0,582,1,1,15,294,0,2001
2,0,81,0,7,10,126,2,1753
1,0,79,2,6,3,185,3,3231
1,0,1618,1,5,13,70,1,1738
1,0,1933,0,1,5,73,0,1522
0,4,8463,0,5,15,147,0,4818
2,0,31,1,1,6,150,1,501
2,0,69,0,1,9,109,0,2087
1,0,1764,2,1,4,177,3,2554
0,5,7150,2,2,3,278,2,4286
2,0,49,2,6,9,91,3,2643
0,3,3121,1,4,2,205,0,2248
0,4,8476,2,1,8,166,2,3343
2,0,73,1,3,15,147,3,2454
0,2,7850,2,7,15,238,0,2326
2,0,70,1,4,3,158,1,822
2,0,4,1,2,4,123,1,1138
2,0,3,1,1,12,209,3,2746
2,0,9,0,5,2,247,3,2821
0,3,8944,1,1,14,284,3,3422
2,0,79,0,5,5,235,1,1775
2,0,21,2,3,3,124,1,1164
1,0,413,2,3,13,226,2,1586
1,0,789,2,6,0,274,2,2263
1,0,1963,0,4,9,225,0,2247
1,0,145,2,2,3,238,1,563
0,4,6986,2,7,3,221,2,4187
0,3,1737,2,4,15,191,2,2121
1,0,619,1,4,8,260,3,2499
2,0,33,1,2,4,181,1,1439
2,0,7,0,3,12,59,0,1836
0,2,523,1,1,14,164,2,1491
0,5,3384,2,3,12,236,1,2199
0,4,9215,2,3,2,67,0,4471
0,2,6243,2,6,14,66,0,2587
1,0,263,2,3,13,134,1,1434
2,0,24,1,7,6,145,2,1659
2,0,60,0,6,11,227,0,2669
0,2,1008,0,2,12,231,3,3206
1,0,1208,1,6,2,168,2,2267
1,0,1840,2,4,5,145,0,1740
1,0,1083,0,6,14,53,2,1841
2,0,34,1,2,1,58,2,1266
2,0,66,0,7,9,287,0,1973
1,0,1753,0,4,7,277,2,2477
0,2,5441,1,3,5,207,1,775
0,3,5263,1,3,12,276,0,2297
2,0,2,0,6,7,207,3,2342
2,0,9,2,6,1,261,2,1859
0,1,975,0,3,7,171,0,1484
1,0,720,2,5,0,279,3,2345
1,0,1215,1,1,11,179,3,2186
1,0,1612,2,4,14,124,3,3666
1,0,1499,1,6,4,286,3,3298
1,0,1713,0,6,9,271,3,2167
2,0,59,2,5,6,71,1,1553
0,1,3433,2,1,3,129,1,2013
2,0,59,0,7,0,114,3,3213
1,0,350,2,7,7,72,2,2005
2,0,87,1,6,3,188,1,949
1,0,1655,0,6,14,227,1,1625
1,0,1486,2,3,10,284,0,2457
1,0,458,1,6,13,194,1,1479
2,0,42,0,7,5,214,3,2640
0,1,8338,1,4,15,248,0,3780
1,0,688,2,3,1,64,1,1303
0,1,3847,1,1,10,263,2,2516
2,0,94,2,2,2,254,3,2842
1,0,1376,2,5,15,150,3,3810
1,0,1230,1,5,15,245,1,2076
0,4,1960,0,1,3,84,1,1286
1,0,1486,1,6,3,108,0,1819
2,0,9,1,5,15,134,1,1681
2,0,1,0,7,8,53,1,941
1,0,173,2,5,11,79,0,1593
2,0,96,1,5,12,180,3,1848
1,0,957,0,4,1,116,2,1886
1,0,1066,2,3,10,179,1,1491
0,1,3890,2,1,15,102,2,2148
0,1,2453,2,7,9,143,2,2261
2,0,92,0,4,10,209,0,2012
0,5,6956,1,1,2,61,1,2713
2,0,19,2,7,4,290,3,2317
1,0,987,1,7,2,72,3,2395
1,0,1620,1,7,11,299,2,2082
1,0,1085,2,7,9,238,0,2216
2,0,83,2,2,1,173,3,2358
2,0,77,2,7,7,57,3,3531
0,5,3730,0,1,5,211,2,2401
1,0,1193,0,5,4,219,1,1616
0,2,1707,2,4,8,171,0,2597
1,0,936,1,3,2,239,1,1261
1,0,405,2,4,2,108,3,2095
2,0,85,2,2,8,193,1,1220
2,0,70,2,6,15,62,0,2171
2,0,83,2,6,8,143,2,755
0,3,2187,1,6,4,235,3,3923
0,5,5473,0,4,3,129,0,3905
1,0,238,1,4,13,185,2,1190
1,0,1886,0,5,14,67,2,1321
1,0,635,1,1,11,66,3,2426
2,0,31,2,1,9,219,0,2471
1,0,1968,1,1,5,92,0,1517
1,0,952,0,4,8,173,2,2130
2,0,97,0,7,10,122,3,2598
2,0,32,1,6,15,228,3,3256
0,1,4555,1,2,8,62,1,2067
2,0,70,1,4,12,212,3,3328
1,0,406,1,5,12,274,3,2696
0,2,589,0,7,11,83,2,1822
1,0,1484,2,3,14,219,1,1397
0,1,8809,1,7,1,196,1,3807
0,5,9316,2,5,9,107,1,4797
2,0,70,1,2,4,191,1,931
1,0,630,0,6,3,146,0,2079
1,0,1319,1,5,1,208,1,1777
2,0,91,0,1,12,156,3,2466
0,3,2891,2,6,4,192,0,2447
0,2,4538,2,5,7,77,0,2249
2,0,64,2,4,4,112,0,1804
2,0,36,2,3,2,238,2,1548
1,0,647,1,3,15,289,0,2106
0,4,8242,1,2,2,263,3,5399
1,0,1274,1,7,14,151,1,2137
0,4,1817,0,2,6,218,1,1610
1,0,631,2,1,4,54,3,2455
2,0,11,1,4,12,170,3,3279
2,0,50,1,2,3,126,1,1279
2,0,5,0,5,4,286,2,1845
0,5,5762,2,7,4,295,2,3962
1,0,1481,0,6,11,69,3,2636
2,0,25,0,6,9,234,1,1181
1,0,1792,1,2,14,200,1,1366
1,0,1047,1,1,14,81,3,2658
0,2,6414,0,7,13,135,3,3526
0,2,6105,0,4,13,81,1,545
1,0,423,1,5,3,64,3,2180
0,3,6044,1,2,10,85,1,2232
0,1,9193,0,5,6,280,1,4007
0,1,2016,1,7,10,276,3,2942
1,0,151,1,1,4,60,1,877
1,0,838,0,2,13,225,0,2181
1,0,279,0,5,9,284,2,1561
2,0,69,0,1,14,231,2,1097
1,0,1808,2,6,10,229,3,3235
2,0,58,1,2,9,163,1,1718
1,0,1489,1,2,5,272,2,977
2,0,97,2,6,10,88,0,1253
2,0,46,0,4,6,297,3,1862
0,2,9410,1,3,14,214,3,3104
2,0,91,0,7,13,106,1,1520
2,0,65,0,4,13,93,3,2926
0,4,90,0,4,9,275,2,1408
2,0,39,2,5,6,265,0,2247
0,3,5685,2,2,5,204,3,3110
0,1,3544,1,1,10,58,1,2141
1,0,1978,1,1,10,145,1,1391
1,0,1403,1,3,6,143,2,1376
0,2,5437,0,3,9,232,1,925
2,0,38,0,6,3,84,1,1101
1,0,850,2,4,11,253,3,2206
1,0,856,2,7,3,69,1,1394
1,0,1781,1,4,15,89,3,3031
2,0,83,2,5,13,175,3,3022
1,0,1955,1,4,15,209,2,1211
1,0,1477,1,5,9,173,1,1267
2,0,4,1,5,0,137,3,2664
2,0,24,1,5,13,97,1,1590
1,0,1006,1,7,13,249,0,1933
0,5,5647,2,3,4,275,1,3338
2,0,55,1,6,7,228,2,2366
2,0,98,0,6,13,50,2,1254
1,0,880,1,3,14,149,2,1563
1,0,759,0,4,15,178,3,3257
2,0,46,0,7,0,273,1,2115
2,0,44,2,2,10,141,0,1381
1,0,1425,2,2,8,206,0,1965
2,0,1,0,3,6,139,3,2478
2,0,38,2,3,5,115,2,1289
2,0,92,2,7,15,181,2,1476
1,0,1332,2,1,2,102,3,2731
0,3,8641,1,2,9,226,1,2928
2,0,21,1,1,0,213,3,3308
0,5,2060,0,7,12,53,3,3067
2,0,99,2,5,13,118,1,1370
0,5,3899,0,4,0,208,2,3272
2,0,14,1,2,9,186,3,2351
2,0,39,1,4,0,189,2,1007
1,0,1308,0,5,15,282,2,1942
0,1,6583,0,1,2,183,2,2912
1,0,401,0,5,2,298,1,1720
1,0,1388,0,6,5,152,0,2232
0,1,1841,2,2,10,203,3,2599
1,0,841,2,7,9,119,0,2290
0,5,9272,0,7,4,275,2,5707
1,0,1568,0,6,2,298,0,1749
2,0,48,0,1,1,67,1,443
0,5,1325,1,5,7,245,0,3491
0,5,7545,2,2,13,95,2,3531
2,0,74,2,7,15,133,0,2575
0,5,4762,0,6,15,55,0,4882
1,0,1944,0,2,6,127,0,1843
1,0,438,0,1,3,147,3,2268
2,0,86,2,6,13,178,2,1496
2,0,11,0,6,12,210,0,1961
0,1,4028,1,6,15,212,1,2619
0,3,4071,0,1,12,96,2,1983
1,0,1507,2,5,4,116,0,2046
1,0,301,1,4,6,69,0,1150
1,0,141,1,2,3,264,0,1559
2,0,62,2,7,1,58,2,1168
1,0,1298,0,1,12,162,1,1619
0,4,1486,1,4,12,207,3,3522
2,0,19,0,6,10,250,1,1123
1,0,734,2,4,10,239,1,1204
0,5,7266,2,6,5,138,1,4155
1,0,1454,0,1,12,60,0,2134
2,0,17,2,4,15,205,2,2307
0,1,3997,2,4,10,158,1,2963
2,0,31,2,5,5,272,2,1699
0,3,8652,2,4,0,222,2,3395
1,0,1687,2,6,7,144,1,2331
1,0,1884,0,6,11,68,1,951
0,1,430,0,4,1,93,1,1287
1,0,76,1,6,11,266,1,1405
1,0,1210,0,3,1,68,3,2388
0,4,8083,1,1,15,161,2,3223
1,0,977,2,5,10,180,2,1633
0,5,4698,0,5,5,173,3,5679
0,2,5698,2,7,0,128,0,2251
2,0,73,1,3,6,275,1,751
2,0,63,2,1,7,221,1,488
1,0,1997,2,5,5,224,2,1376
2,0,35,1,1,8,124,1,1449
0,1,5920,0,1,10,230,1,3363
0,5,140,2,7,5,263,3,2438
0,1,7000,2,5,2,263,0,3712
1,0,154,2,3,1,260,0,2364
0,3,5937,2,5,12,114,1,1935
2,0,34,0,2,9,111,1,1329
0,4,7097,0,4,8,194,2,3300
0,5,3532,0,6,12,144,3,3773
2,0,7,1,1,5,108,0,1644
0,2,5186,2,3,10,180,2,2161
1,0,1166,1,2,15,276,0,1675
2,0,54,1,5,15,162,0,2184
2,0,18,0,5,3,235,0,2751
1,0,931,1,7,12,263,2,2461
1,0,1946,0,6,7,84,2,1538
0,4,9951,1,5,10,84,3,5747
1,0,397,1,6,8,253,3,2109
0,2,7999,2,5,5,280,2,1736
2,0,76,0,5,7,163,3,3446
0,5,8720,2,6,7,281,2,4779
2,0,62,2,7,15,72,0,2253
1,0,1921,2,4,1,58,1,1535
0,2,2653,2,1,11,222,2,1025
1,0,1024,1,3,6,221,3,3116
2,0,55,2,5,4,273,0,2494
2,0,64,1,4,2,235,2,1092
1,0,1598,2,3,4,161,0,1091
0,4,744,2,7,14,135,2,3184
0,5,2095,1,4,5,66,0,2482
2,0,62,2,7,6,50,3,2154
0,2,4325,2,1,7,171,2,1412
2,0,6,2,2,0,146,0,1927
1,0,1472,2,1,0,292,0,1840
0,4,4191,2,2,7,192,2,2400
1,0,293,2,7,14,130,1,1763
2,0,84,0,2,9,297,3,2682
0,1,804,0,7,0,249,3,3533
2,0,74,0,5,3,147,2,1422
1,0,466,0,5,12,256,3,3280
1,0,466,1,7,15,173,1,1837
2,0,85,1,6,14,161,1,1425
1,0,499,1,6,15,223,2,2828
1,0,453,2,1,5,165,0,1802
0,5,6653,1,3,11,247,1,4059
1,0,1028,1,1,6,194,0,1640
2,0,76,0,6,3,295,3,2390
0,1,3789,2,6,3,152,0,2856
1,0,1556,2,2,2,226,2,1575
1,0,931,2,7,0,92,1,2005
0,4,7388,2,6,15,69,0,4879
0,4,1225,1,2,3,50,2,1234
1,0,406,2,7,8,88,1,1558
1,0,629,2,3,12,282,3,3108
0,5,2868,0,1,11,220,1,1962
2,0,94,1,2,7,88,1,1431
0,5,1083,2,4,3,55,2,1864
1,0,1078,1,6,1,283,2,2097
0,4,4145,2,4,4,203,0,2913
2,0,46,0,6,13,128,1,1692
0,1,3634,1,2,10,118,3,2938
1,0,1367,1,4,12,72,2,1299
1,0,685,0,6,11,224,0,2390
1,0,667,2,3,3,289,3,3131
2,0,74,0,7,5,261,0,2109
1,0,1941,0,2,11,273,1,533
0,3,4685,1,7,4,103,1,1535
1,0,767,0,1,0,250,0,2018
1,0,1692,0,5,4,136,1,1733
2,0,94,2,6,7,192,1,771
1,0,1855,2,1,0,280,0,1577
1,0,700,0,1,11,185,2,1181
2,0,10,0,4,6,218,1,1812
2,0,98,0,5,15,257,2,2165
2,0,83,2,6,6,74,3,2653
1,0,164,0,4,9,258,3,3027
2,0,62,1,3,10,180,0,2181
2,0,49,1,6,7,171,0,2023
1,0,1126,0,1,8,211,0,1223
0,4,9179,1,6,4,205,1,4261
2,0,66,2,3,10,234,3,1676
2,0,7,2,5,12,264,0,1742
1,0,756,1,5,11,272,0,2109
2,0,76,0,4,9,169,3,2178
1,0,1110,1,7,1,57,2,1629
0,1,2165,1,2,12,264,0,3226
1,0,1632,1,2,3,171,0,1353
1,0,1735,2,1,12,209,0,1572
1,0,341,0,7,9,175,1,1066
0,4,3722,2,1,12,148,1,1843
2,0,15,2,3,14,137,0,1918
0,2,3913,2,7,4,259,0,3229
2,0,94,2,6,13,267,2,1850
0,4,3116,1,4,1,77,0,2787
1,0,1031,1,6,7,199,0,1571
0,2,8782,1,3,5,113,3,2087
0,4,4384,0,4,13,277,3,4013
0,3,2943,0,4,11,274,1,2323
0,3,3616,0,1,3,239,0,2860
2,0,32,1,6,8,243,3,2531
2,0,66,2,4,4,90,2,932
1,0,1040,0,3,7,208,1,1299
0,5,213,0,5,2,250,2,1263
1,0,1739,0,5,7,223,0,1732
2,0,70,1,7,15,268,3,3399
1,0,440,1,1,3,115,3,2129
0,5,30,2,4,1,52,3,2242
1,0,1307,0,3,0,295,1,2009
1,0,983,1,1,4,248,0,1781
2,0,58,2,4,3,78,3,2338
0,3,8374,0,5,6,138,0,4213
2,0,85,2,7,8,217,3,2495
0,4,9742,2,7,8,52,2,5041
2,0,53,1,7,1,118,2,1930
0,2,7282,1,3,3,145,2,843
0,3,8005,2,2,6,265,2,2568
1,0,961,1,5,4,230,3,2065
1,0,1507,1,7,0,101,2,2383
2,0,50,2,5,10,196,3,3044
2,0,24,2,2,0,159,2,1433
0,5,9622,2,5,4,110,1,4437
2,0,98,1,2,6,217,2,1218
1,0,312,1,6,15,222,1,1992
0,3,5413,2,3,7,158,2,2430
2,0,60,1,3,8,235,0,1552
2,0,34,0,6,10,219,2,2000
1,0,826,2,7,11,288,1,1618
0,1,1510,0,2,12,85,0,2431
2,0,11,2,6,7,144,0,1432
1,0,801,1,3,5,129,1,1562
1,0,1717,0,4,14,264,2,1517
0,1,5457,1,3,7,198,1,2251
2,0,42,0,5,4,179,0,2310
2,0,60,0,2,0,284,1,1171
2,0,15,1,3,4,141,1,1168
0,3,1703,2,6,0,103,1,1595
0,2,1088,1,4,15,92,1,1656
1,0,1764,1,7,11,50,2,1349
0,1,5808,1,7,1,136,2,3015
0,4,3873,2,5,10,176,3,4784
1,0,286,2,4,10,70,0,1470
0,3,8305,2,2,9,267,1,2877
2,0,67,0,1,15,201,2,1302
2,0,94,2,3,11,245,0,2349
2,0,34,2,5,11,261,0,2423
2,0,82,2,1,5,289,1,924
2,0,75,0,2,6,59,2,1284
2,0,72,2,2,8,153,2,1077
1,0,1759,2,6,12,101,3,2632
0,4,8699,1,4,5,132,1,4737
2,0,93,1,2,7,235,2,1023
1,0,773,0,2,2,61,2,1437
2,0,91,1,2,14,182,0,2111
1,0,449,0,1,15,120,1,2458
2,0,92,2,2,6,122,1,837
0,4,5071,2,2,13,294,0,3317
2,0,71,2,3,5,184,0,1835
0,1,9351,2,4,9,178,2,4489
1,0,683,2,3,9,125,3,2010
2,0,87,1,1,15,277,2,1214
1,0,1301,1,6,0,83,2,2127
0,5,9789,1,3,15,110,0,6447
0,4,3438,2,1,1,293,2,2522
2,0,30,2,3,7,176,2,1223
0,2,5467,1,4,10,83,2,1424
0,4,5492,1,7,2,88,1,2815
2,0,56,0,5,9,209,3,2830
0,4,4638,1,1,0,130,3,3395
0,4,4770,0,2,10,138,2,3662
0,1,2157,0,7,6,145,0,2588
0,5,7561,0,4,8,260,2,4359
0,4,8831,2,2,9,222,2,3032
2,0,31,1,5,0,244,2,1359
0,3,2576,1,5,6,58,3,2549
0,2,6830,0,1,8,168,2,1144
2,0,23,1,1,15,219,2,1409
2,0,92,0,4,3,133,1,956
1,0,1301,0,3,8,159,2,1309
2,0,90,1,5,4,154,3,2677
1,0,1770,1,2,8,236,1,1438
0,5,1291,0,6,10,216,3,3363
0,4,3495,2,1,10,240,2,2572
2,0,55,1,5,1,132,0,2021
1,0,834,2,7,4,101,3,2776
2,0,89,0,6,12,209,3,3586
1,0,1821,2,1,11,136,2,617
1,0,1337,1,3,4,294,2,2623
1,0,1027,2,1,4,233,1,1928
0,2,1937,2,7,5,288,0,2120
0,3,2971,1,6,3,97,0,2679
2,0,23,0,1,4,298,0,1723
1,0,1619,0,7,9,150,3,2142
2,0,52,1,3,4,80,3,2773
1,0,1704,0,3,9,103,1,1884
2,0,76,2,3,12,267,2,2137
1,0,1346,2,7,1,134,1,2444
2,0,32,1,6,8,283,3,2974
2,0,30,1,4,11,64,0,1861
2,0,79,0,4,8,81,2,1214
0,4,2946,1,7,9,75,3,3004
0,5,6418,0,3,5,52,3,4155
0,3,4180,1,5,6,254,0,2232
0,3,4358,2,4,8,185,1,1185
0,2,449,0,1,4,66,1,802
2,0,36,2,5,11,166,3,2916
0,2,9124,1,5,12,194,1,1678
2,0,38,2,4,13,266,0,1602
0,4,4909,0,3,14,226,2,2690
1,0,1632,0,2,8,261,1,1323
2,0,24,2,5,14,75,0,1974
0,4,7909,1,3,6,190,1,2959
1,0,1813,2,7,5,125,1,1260
2,0,13,0,5,1,155,0,1998
0,4,8404,2,3,12,275,3,5071
1,0,1299,1,6,6,152,2,1717
0,5,4296,1,3,1,279,0,4053
0,2,6338,1,7,8,115,0,2068
0,1,8037,2,7,12,294,3,4652
0,4,3349,0,2,14,219,0,3560
0,2,1444,1,1,12,185,1,2491
2,0,96,0,5,11,183,2,1425
1,0,542,1,1,14,77,3,3043
1,0,426,0,5,5,71,1,1779
1,0,1964,1,7,4,250,3,2760
0,2,3238,0,1,1,72,3,2189
1,0,205,1,7,5,131,2,1909
1,0,1121,1,4,7,261,1,1821
2,0,68,0,2,10,293,3,2470
2,0,3,1,1,4,238,3,2720
2,0,20,1,2,15,192,1,1592
2,0,10,1,3,13,62,2,1255
2,0,89,2,2,15,81,1,1558
0,5,4268,2,4,3,230,3,3968
1,0,1876,0,7,4,58,0,1723
1,0,275,0,4,2,62,2,1309
1,0,257,0,4,10,118,0,2187
2,0,61,0,6,7,271,3,2257
2,0,82,1,6,3,52,0,2933
2,0,34,1,6,3,162,1,1848
2,0,61,2,6,4,270,3,2926
1,0,838,2,2,2,262,1,1344
1,0,950,1,5,13,196,2,1607
0,5,8021,1,3,3,114,2,3426
2,0,56,2,5,4,236,0,2614
0,4,5878,1,5,12,97,1,3370
2,0,95,1,3,5,196,3,1803
2,0,88,2,4,12,64,3,2601
2,0,42,0,6,0,203,2,1766
1,0,1050,0,4,9,212,1,1783
1,0,1269,2,4,5,100,0,2100
0,5,3808,2,4,7,272,2,3434
2,0,24,1,3,15,160,2,1724
0,1,1396,0,7,3,58,1,1033
1,0,132,1,7,0,125,1,1128
1,0,1968,0,6,8,260,3,2243
0,5,1048,2,1,9,82,3,2425
0,1,2936,0,6,15,105,2,2791
0,2,4792,2,1,9,103,3,2662
2,0,82,0,6,6,204,2,1291
2,0,1,0,5,5,165,1,1530
2,0,21,2,1,13,180,2,1363
0,2,9511,2,4,7,128,2,1797
1,0,672,0,5,2,168,2,2084
1,0,292,1,6,7,135,3,2603
2,0,33,2,4,4,209,1,1734
1,0,465,2,6,2,285,0,1854
0,4,8034,1,6,11,141,2,4223
1,0,1901,1,7,8,261,0,1790
0,5,4458,1,4,6,145,1,2021
0,1,9562,1,5,15,171,0,4300
2,0,22,2,6,10,107,0,2706
2,0,72,2,6,4,255,1,1495
0,5,7246,0,1,5,140,2,3757
0,4,7840,1,4,8,212,3,3925
1,0,434,0,1,1,150,1,1616
0,3,2052,1,3,4,158,3,2279
2,0,54,0,2,15,279,2,1061
2,0,29,1,3,5,147,0,1168
2,0,4,2,3,3,215,2,1167
2,0,85,2,7,15,272,3,2672
0,5,5602,1,2,1,118,1,3094
2,0,43,0,2,0,52,1,656
2,0,53,2,1,15,69,3,1943
0,2,8091,2,5,11,176,3,2728
1,0,117,1,6,0,219,1,1501
1,0,136,0,1,13,85,3,2182
0,5,8522,0,1,3,94,2,4598
1,0,1877,0,5,7,230,3,2164
2,0,38,2,1,12,114,2,1223
1,0,542,1,4,10,97,2,1687
2,0,37,0,4,9,272,0,2081
1,0,1843,1,6,6,261,3,2931
1,0,880,1,5,9,201,2,1707
2,0,29,0,7,3,256,3,3343
1,0,944,2,5,2,95,0,1654
0,1,5556,2,4,10,219,2,3114
2,0,39,0,2,9,111,3,2158
1,0,1287,1,7,8,222,1,1410
1,0,1778,2,7,8,63,1,1444
2,0,6,2,5,15,52,1,723
1,0,695,2,1,14,162,2,1651
2,0,72,0,1,5,115,0,955
0,2,4771,1,4,11,144,0,2014
0,5,8567,1,7,0,147,1,4994
2,0,57,1,2,2,286,2,1767
2,0,89,1,3,15,262,2,2686
1,0,1067,1,2,11,206,1,1629
2,0,3,1,7,3,50,1,1943
1,0,1122,1,4,12,65,1,976
1,0,1373,1,3,11,281,1,1714
0,5,2847,2,4,9,187,3,3121
1,0,1719,1,4,9,181,2,1681
0,1,3337,0,3,1,58,2,3361
0,3,197,0,5,3,201,2,915
2,0,92,2,3,15,98,0,2096
0,5,7070,2,4,11,245,2,3995
0,2,681,0,1,15,215,1,1178
0,4,9245,2,1,6,91,0,4151
1,0,1392,1,4,10,179,1,1936
0,3,2663,1,4,3,257,2,1781
2,0,88,2,4,6,99,0,1654
1,0,5,0,1,15,51,3,2188
0,5,6138,2,6,3,264,2,3647
1,0,1990,2,3,4,287,3,3758
2,0,82,1,7,9,116,0,2061
1,0,53,2,5,15,192,1,1635
1,0,1714,0,1,6,174,2,884
0,1,6859,0,6,5,255,0,3895
1,0,1957,0,2,10,169,2,1204
0,5,6087,1,2,3,211,2,3284
0,5,1810,0,3,0,164,0,3118
0,5,7666,2,6,6,194,2,4102
1,0,877,2,3,10,199,2,1264
0,4,9075,0,6,2,298,0,3719
1,0,489,0,5,2,262,1,1678
2,0,59,0,4,15,51,3,3140
1,0,527,1,7,8,99,0,2201
1,0,910,1,7,1,240,0,3184
0,5,174,0,6,7,261,2,2400
2,0,96,0,7,8,178,1,1035
2,0,47,1,7,2,128,0,3171
1,0,253,1,2,5,181,3,2472
1,0,1637,1,6,14,226,2,1582
2,0,82,1,6,3,78,2,1535
0,3,5156,2,7,0,188,3,4368
1,0,207,2,6,6,167,1,1801
2,0,29,0,5,13,248,3,2875
0,2,3197,2,7,13,186,0,2257
1,0,1445,0,5,15,205,3,3007
2,0,51,1,1,4,284,3,2840
0,5,6231,1,7,2,81,2,5952
0,1,2887,1,7,13,74,2,2224
0,3,3749,1,4,5,127,1,2099
1,0,667,2,7,7,239,0,2254
0,1,7158,0,2,13,264,3,5920
0,1,7826,2,2,15,249,1,2352
1,0,1542,2,2,7,250,3,2563
2,0,26,0,7,8,214,0,2059
2,0,37,0,6,14,286,1,2283
2,0,7,0,5,8,101,2,1070
1,0,1178,2,1,9,66,0,1207
1,0,1654,0,5,8,120,2,2443
0,5,171,2,5,0,280,3,2751
0,2,3431,1,1,13,214,3,2477
2,0,55,2,5,0,294,1,1296
1,0,932,0,2,3,179,2,1061
2,0,38,1,6,10,158,0,2110
2,0,92,1,6,10,210,1,1293
1,0,1228,2,3,7,225,1,1498
1,0,1897,0,5,5,191,1,1642
0,1,5221,2,4,9,77,3,4646
0,2,5174,2,4,10,248,2,2009
1,0,1563,0,3,12,101,3,2970
1,0,1565,2,3,11,59,3,2363
0,2,6693,0,5,14,246,2,1936
0,3,4129,1,7,8,179,0,2393
0,4,9460,1,6,1,66,3,5703
1,0,1573,1,4,13,210,2,1864
1,0,1105,1,2,3,170,3,2254
2,0,22,1,1,14,244,0,1934
1,0,612,2,3,11,172,1,1332
1,0,1940,0,4,6,82,1,2025
2,0,15,2,7,9,126,0,1622
2,0,47,2,1,8,101,2,1273
2,0,21,0,1,4,214,0,1962
1,0,1926,2,3,3,155,3,1995
2,0,19,0,3,9,251,2,1850
0,1,1122,0,4,6,67,3,1866
2,0,50,0,2,4,256,0,2035
0,4,9525,1,7,14,75,3,4642
1,0,1660,1,5,5,188,3,2253
2,0,56,0,7,6,255,3,2752
0,3,8374,2,7,4,213,3,4578
1,0,1466,0,1,7,56,1,886
0,1,325,2,5,1,247,0,2380
2,0,92,0,4,15,288,3,2526
1,0,719,2,1,1,260,2,1582
2,0,3,1,1,11,219,3,1586
0,2,1441,2,2,4,91,0,1803
2,0,10,1,5,15,64,1,1280
0,4,6311,1,4,1,279,0,3752
2,0,64,2,7,15,172,3,3073
1,0,1004,1,4,4,283,1,1905
1,0,1558,2,3,2,66,3,3264
1,0,473,0,2,9,243,1,1212
1,0,1943,1,3,8,79,1,1804
2,0,64,1,3,13,117,1,1546
1,0,1043,2,2,11,279,2,1339
1,0,141,2,4,4,274,0,2100
2,0,37,2,5,8,242,0,1778
1,0,224,2,2,7,200,0,1319
1,0,884,1,5,6,192,3,2992
2,0,14,2,2,7,169,3,2623
1,0,1644,0,5,2,195,1,1590
1,0,238,2,1,4,278,2,1167
0,2,4240,1,6,13,59,1,1050
1,0,1980,0,7,2,68,3,2452
2,0,54,2,1,6,199,0,1296
2,0,95,1,4,8,52,0,1085
0,5,5038,0,4,7,282,0,4085
2,0,48,0,4,11,203,0,1426
2,0,90,0,5,1,140,1,1615
1,0,1730,1,2,3,225,2,1145
2,0,98,0,6,1,217,1,1698
2,0,75,2,5,4,86,2,1554
2,0,7,0,3,7,277,1,1418
1,0,822,1,3,5,146,1,1226
2,0,3,2,5,10,111,0,2664
2,0,7,2,5,5,277,2,1338
1,0,1981,1,1,10,299,2,1651
2,0,45,0,4,3,219,3,2996
0,3,3233,2,4,12,150,0,2923
1,0,1697,0,4,1,293,3,3904
2,0,94,0,2,10,262,3,2675
2,0,88,0,3,2,172,3,2778
1,0,512,1,7,9,278,1,1842
1,0,696,0,1,5,105,2,1349
2,0,7,1,7,1,69,1,1638
0,5,2416,0,5,6,91,3,4267
0,1,9315,0,7,1,167,3,6142
2,0,46,1,5,13,63,3,2631
1,0,196,2,4,2,154,0,2176
2,0,58,2,2,5,166,0,1279
2,0,43,2,4,4,207,0,2666
1,0,1445,0,2,3,104,0,2022
0,4,725,2,5,9,118,3,2183
2,0,73,2,3,0,245,0,2322
2,0,70,2,5,14,290,1,1383
2,0,13,0,2,10,167,0,1350
0,2,5917,2,5,8,293,0,1671
2,0,81,1,3,13,273,2,1929
1,0,334,0,3,1,105,0,2065
0,1,6580,0,4,15,284,1,3759
1,0,1653,0,6,0,99,0,2804
2,0,54,0,7,4,170,0,1854
0,3,2824,1,2,12,284,1,2259
0,3,4019,1,3,7,258,0,2429
2,0,8,0,1,4,158,2,1662
1,0,1888,2,2,12,103,0,1600
2,0,45,2,4,3,266,1,819
2,0,63,1,3,3,88,1,1201
0,3,452,0,1,1,266,2,1161
2,0,57,1,4,11,148,3,2553
2,0,25,1,1,7,83,3,1856
2,0,95,1,7,3,176,0,2791
2,0,95,2,1,4,222,2,1111
2,0,60,1,5,0,231,0,2000
0,4,3106,1,2,6,138,1,1918
2,0,64,1,6,11,112,2,1622
0,2,6809,0,3,2,144,1,1368
0,2,8258,2,6,0,242,3,2887
2,0,59,2,2,12,148,2,1674
1,0,1005,1,1,15,151,1,1664
2,0,64,0,6,0,129,0,1902
0,3,4110,1,4,2,62,1,2102
1,0,701,1,1,0,72,3,2219
2,0,0,0,3,9,76,3,2246
0,3,1194,2,6,14,296,2,2671
0,4,942,1,2,5,247,0,1812
1,0,882,0,7,1,141,0,3293
0,1,4870,2,6,8,276,1,2830
2,0,61,1,6,0,111,3,2483
2,0,70,0,7,14,231,3,2755
2,0,59,0,1,8,247,0,1688
0,3,179,0,6,14,173,2,1386
1,0,736,2,1,1,173,2,1768
0,2,9191,1,7,5,166,3,2369
2,0,34,2,3,9,280,1,1539
0,5,7319,0,7,13,100,0,4087
2,0,12,2,1,5,293,3,1916
2,0,76,1,2,15,129,2,1017
2,0,31,0,7,0,287,0,2645
0,4,357,1,4,12,130,2,1596
1,0,1962,1,4,5,168,0,1840
0,4,4733,1,2,6,297,1,2356
1,0,1869,1,5,0,222,3,3941
1,0,788,1,4,9,122,0,1675
0,5,5016,2,3,3,96,0,3704
0,2,1427,0,7,12,280,2,1214
2,0,72,1,7,12,225,3,4102
2,0,91,2,5,13,150,1,1482
1,0,205,1,5,6,277,0,1704
0,5,7366,1,4,14,177,0,5254
0,3,5816,2,5,8,76,1,1696
2,0,21,2,7,3,85,1,1300
0,1,2222,2,7,6,216,3,5150
2,0,20,2,3,10,200,1,1238
2,0,82,0,3,4,222,3,2876
1,0,1240,2,3,14,94,0,1468
1,0,1931,2,1,7,272,2,1625
0,4,664,2,7,8,130,2,1996
0,1,8246,0,2,7,110,0,4099
1,0,37,1,2,9,290,2,1255
0,2,6159,0,2,4,181,2,1432
0,3,9131,1,4,13,127,1,3234
1,0,337,1,3,5,174,2,1163
2,0,98,0,5,8,268,0,2678
0,2,9197,1,6,15,176,2,2366
1,0,1043,1,4,8,289,0,1532
1,0,421,0,2,13,52,3,3301
2,0,30,1,2,8,66,3,2233
2,0,28,0,2,8,155,0,2271
2,0,78,0,7,4,230,3,3371
1,0,1044,1,1,11,205,2,1220
0,5,5000,1,2,3,208,3,4219
0,1,2948,1,1,1,203,3,4061
2,0,40,1,5,15,123,3,2926
0,2,5469,0,2,15,59,2,1601
1,0,1863,0,7,8,132,3,2562
0,1,8263,2,6,12,273,3,4726
0,5,9616,0,6,13,105,2,5314
1,0,685,1,5,15,275,1,1934
1,0,1791,2,7,13,50,2,2061
1,0,722,0,2,7,120,1,1084
1,0,870,0,5,7,259,2,1198
0,1,7961,1,7,12,51,2,4159
0,4,7713,2,1,13,235,3,3599
2,0,56,0,4,14,169,1,1728
2,0,4,0,5,8,67,3,2340
0,2,5788,2,3,7,219,2,1172
2,0,42,0,7,6,80,2,1566
1,0,1772,2,6,9,175,1,1983
1,0,123,1,4,2,134,2,956
0,1,3782,1,7,4,75,3,3207
2,0,80,0,4,4,244,1,611
0,1,2323,1,6,13,160,1,2079
0,1,6081,2,7,0,203,1,2803
2,0,1,2,2,10,257,2,1389
0,5,5192,2,6,7,238,1,4276
0,3,7794,0,5,13,243,0,3339
2,0,97,2,1,11,150,3,2491
1,0,84,1,2,4,228,1,1183
1,0,911,1,1,4,133,3,2048
0,4,2856,2,7,11,249,3,3522
1,0,1600,0,4,2,53,0,1447
1,0,1480,0,6,2,273,0,2093
0,5,2243,1,2,11,216,1,1761
0,3,8904,2,2,0,180,1,2235
2,0,15,1,2,3,161,0,1825
1,0,1152,0,3,8,232,1,1765
1,0,1636,0,1,14,108,1,1423
1,0,918,1,1,14,279,3,2956
2,0,4,1,3,8,68,0,1554
1,0,1381,1,3,9,191,1,1352
0,5,3436,0,7,6,121,0,2785
1,0,1678,1,5,3,287,3,3019
2,0,26,1,6,8,58,0,1420
1,0,576,0,7,6,219,1,1389
0,3,5177,1,2,4,231,3,3238
2,0,90,0,4,12,131,3,3781
2,0,20,1,1,6,168,1,946
1,0,180,2,2,0,134,1,1338
2,0,7,1,4,2,103,2,924
2,0,2,2,5,15,166,1,2787
1,0,381,0,4,12,217,2,2187
1,0,959,2,7,9,190,1,1361
1,0,1563,0,1,11,284,3,2744
2,0,21,1,2,5,125,1,917
1,0,389,0,2,11,96,2,1683
2,0,68,2,2,0,261,2,1395
0,4,8277,2,3,0,268,3,4584
2,0,40,0,7,9,116,1,1790
1,0,1463,2,3,9,262,1,609
1,0,1234,0,4,13,175,0,2286
1,0,1783,1,3,4,182,2,1618
0,4,7003,2,2,6,272,1,3310
0,3,9787,2,4,4,64,3,3277
2,0,91,0,4,14,200,0,1654
0,2,5997,1,1,0,128,0,1547
0,1,8394,2,5,6,50,3,3812
0,2,7755,2,6,12,242,1,1367
0,5,3841,0,1,15,263,0,3824
0,5,9819,1,4,5,270,1,4086
2,0,14,1,4,6,272,2,1341
0,2,6440,2,3,2,174,2,1373
2,0,49,2,5,2,105,2,1737
1,0,1727,0,5,15,118,3,2702
1,0,346,2,2,15,98,1,1532
0,1,454,2,3,1,64,3,3311
0,1,3349,2,5,9,77,0,2189
0,3,6445,0,4,2,182,1,3095
0,5,7994,0,5,3,241,2,4492
2,0,66,1,6,0,123,2,1072
0,5,49,2,1,11,112,3,2529
0,4,441,1,7,7,283,2,1693
2,0,38,2,5,7,60,3,2228
1,0,1493,0,4,1,250,1,1928
0,4,8676,1,2,0,60,0,4606
0,3,8074,1,1,2,75,0,2523
2,0,39,1,5,8,78,1,1301
1,0,710,1,4,7,233,1,2244
2,0,98,1,4,7,129,3,2774
2,0,36,1,7,7,189,1,1172
2,0,31,0,2,0,88,2,1155
2,0,38,0,3,1,273,1,1890
1,0,1206,0,4,9,91,3,3620
1,0,52,1,7,15,109,3,2427
0,4,9244,1,2,5,186,2,3876
2,0,13,1,6,2,137,2,1980
1,0,1594,0,5,7,226,2,2247
0,1,1722,1,2,3,257,3,2408
0,4,7762,2,6,3,153,3,5500
2,0,46,0,3,1,215,3,3558
0,4,8716,1,4,12,218,3,5236
1,0,68,2,1,10,54,3,2737
1,0,304,2,3,7,193,2,1705
2,0,65,2,5,2,69,0,1363
2,0,82,2,1,12,275,1,730
0,1,862,0,4,7,156,3,3114
2,0,12,2,2,2,296,2,1216
2,0,9,2,7,3,289,1,1651
0,2,6736,0,4,2,79,2,1347
1,0,655,0,7,13,101,2,1419
0,5,9333,0,5,1,273,0,4807
1,0,821,2,5,4,265,0,2141
1,0,977,0,4,12,271,3,2414
2,0,56,1,3,8,82,2,1266
0,3,9549,2,5,13,197,1,3136
0,5,3443,2,1,14,192,2,2887
2,0,3,1,3,6,255,0,1826
2,0,79,1,7,8,174,0,1274
2,0,90,2,6,12,84,3,2193
0,1,2074,0,2,13,235,1,1438
2,0,91,1,7,11,242,2,1724
1,0,1529,2,3,0,259,1,630
2,0,52,0,2,15,297,2,1626
2,0,78,1,4,13,77,1,1529
0,4,4936,2,6,15,204,2,3664
1,0,1217,1,4,10,282,0,2059
2,0,68,0,2,11,218,3,2476
2,0,98,1,3,5,223,2,1538
0,5,7258,2,7,12,225,0,5146
0,4,20,0,5,9,230,2,1249
1,0,1704,0,6,12,221,2,1614
2,0,50,1,1,14,215,3,2263
0,5,2300,2,3,2,87,2,2709
2,0,37,1,3,4,138,1,1441
0,5,7961,0,5,11,240,0,5194
0,2,209,2,4,15,201,1,1700
1,0,1683,2,7,5,68,3,2901
2,0,64,0,6,9,252,1,971
1,0,1179,2,4,14,291,1,2243
0,5,7917,2,7,4,232,2,4383
0,5,6387,2,5,14,249,3,7295
2,0,12,0,1,8,56,2,1195
1,0,1800,0,5,3,291,3,2165
0,2,7088,0,4,7,104,3,2307
0,1,4990,1,6,0,185,3,4304
2,0,40,1,6,9,287,0,1993
2,0,60,1,6,3,184,2,1705
1,0,1041,2,2,13,104,0,1537
2,0,10,0,1,3,152,1,1322
2,0,24,2,3,3,189,0,2066
1,0,1825,1,7,6,213,3,2411
2,0,89,0,7,11,145,0,1680
0,2,4922,1,6,2,119,2,1959
1,0,656,2,1,2,182,0,2035
1,0,404,2,4,14,258,1,2321
2,0,41,0,1,3,178,3,2732
0,5,7482,2,1,15,273,0,4917
2,0,22,0,1,6,152,2,936
1,0,361,1,7,6,91,0,2131
1,0,415,2,5,9,147,2,2089
1,0,975,2,4,7,293,3,2110
1,0,322,1,6,8,291,3,3481
2,0,58,0,7,10,75,3,2837
2,0,54,0,3,12,142,0,2303
0,4,4677,0,1,0,65,0,2286
1,0,375,1,3,5,158,2,1902
1,0,1336,2,4,7,274,0,2181
2,0,5,0,4,10,284,3,3071
1,0,538,0,6,12,236,2,3043
2,0,32,0,6,4,235,2,1312
2,0,42,1,4,15,275,3,2836
2,0,72,2,4,14,153,3,2060
0,4,1584,1,2,5,142,1,2131
0,5,9486,2,6,0,262,3,5480
1,0,1515,1,4,10,220,2,1438
1,0,1484,1,3,4,83,2,1922
0,2,8925,0,2,10,280,3,2148
0,4,967,1,3,0,287,3,2383
1,0,104,2,7,12,192,1,1304
2,0,35,2,6,14,199,1,1619
0,4,6721,1,7,3,166,0,3563
1,0,1117,2,4,15,111,2,1660
2,0,62,2,3,14,245,2,1565
2,0,14,1,1,14,241,1,1341
2,0,34,0,4,2,290,0,1545
2,0,87,0,1,6,298,0,1578
1,0,559,2,6,12,285,2,1437
0,3,7411,1,3,9,255,2,2698
2,0,44,1,4,13,235,2,1718
2,0,82,2,3,8,191,1,1511
0,2,5406,2,7,2,160,0,2662
2,0,8,2,1,2,192,1,1080
1,0,454,1,3,8,245,0,1623
2,0,19,1,1,9,110,1,666
2,0,98,1,7,8,207,0,1726
2,0,12,0,6,6,249,2,2095
0,2,6721,2,7,1,177,1,1736
1,0,33,0,1,5,284,2,1458
2,0,59,1,7,7,216,1,1581
1,0,1801,1,2,9,198,3,2111
1,0,26,0,5,2,89,3,2932
0,2,1117,1,5,12,187,1,1616
0,2,9102,1,7,1,151,3,2270
2,0,23,0,7,4,186,1,1122
1,0,388,0,6,13,96,2,1875
1,0,322,0,6,2,75,3,3239
2,0,25,0,5,14,243,2,2180
0,3,302,2,4,11,258,0,1778
2,0,64,1,1,11,176,1,1664
1,0,676,1,7,5,97,3,3110
0,2,1606,1,7,10,122,0,2338
1,0,1715,2,6,2,123,0,2940
1,0,315,2,4,14,140,3,2442
1,0,957,0,7,4,212,2,1688
2,0,86,0,4,3,157,0,2178
2,0,62,1,2,15,156,0,1453
2,0,25,0,3,9,248,2,1663
2,0,63,2,6,5,196,0,2214
1,0,820,0,5,1,185,1,1113
2,0,80,0,3,5,227,0,2248
2,0,99,2,2,3,202,2,1170
0,3,6207,1,6,6,254,3,4281
0,4,1145,0,5,13,104,1,1861
2,0,73,1,7,11,84,1,854
1,0,492,1,3,2,118,2,1897
0,4,3718,1,7,10,181,2,2333
1,0,74,0,6,12,156,1,2112
0,4,4465,1,7,2,143,0,3068
2,0,37,0,2,2,204,1,1706
1,0,613,1,2,9,231,0,1311
1,0,1950,0,6,15,285,3,4087
2,0,77,2,1,10,188,3,1983
0,4,3011,1,6,2,253,2,2627
1,0,210,2,6,15,214,2,1514
2,0,62,0,7,6,190,1,821
0,4,4772,1,6,3,60,1,2165
2,0,38,1,3,0,259,3,2654
0,1,5490,1,1,1,85,2,2893
0,3,9501,2,3,12,224,0,4087
0,5,7032,2,1,10,267,2,3294
2,0,75,0,1,15,143,3,2113
2,0,5,2,4,15,200,0,1653
2,0,26,0,3,13,94,0,2466
2,0,52,0,6,13,246,1,2019
0,5,8706,2,2,15,283,1,5025
1,0,1114,2,5,6,166,2,1136
2,0,19,1,3,15,113,3,3123
0,2,4981,1,4,2,92,1,1762
0,2,3475,0,2,0,289,0,1632
1,0,152,1,7,4,142,1,1591
0,4,8803,0,1,5,219,1,3067
0,2,1774,2,3,12,136,1,1200
0,3,466,2,5,5,101,3,3670
2,0,31,2,6,1,146,2,1884
1,0,1275,1,1,13,263,3,3596
0,2,9765,2,2,10,162,1,830
2,0,82,1,7,1,123,0,3048
0,2,9197,1,7,11,69,1,721
0,2,4519,2,6,11,155,1,1429
2,0,78,1,1,4,54,3,2503
0,2,9413,0,1,12,212,1,1045
1,0,266,0,6,0,111,1,1301
0,3,2960,0,3,15,267,0,2538
1,0,622,0,4,13,223,3,2353
2,0,23,2,6,13,170,0,2737
0,5,203,0,7,1,261,1,2069
2,0,9,0,5,13,213,1,1882
2,0,95,2,3,9,156,0,2078
0,5,6540,0,2,9,78,2,4549
2,0,55,2,4,0,72,1,1293
2,0,62,1,2,11,227,2,1687
2,0,33,0,7,0,201,3,3060
1,0,1946,0,1,2,221,0,2131
1,0,1736,1,3,8,149,2,1432
2,0,44,1,2,3,250,0,1423
2,0,80,2,5,2,68,2,1848
1,0,16,1,2,11,54,2,1363
2,0,66,2,7,8,235,1,1869
2,0,76,2,2,10,160,1,854
1,0,1566,2,2,2,96,3,2512
0,3,5343,0,5,3,252,3,3585
0,3,552,1,2,0,199,0,1476
0,1,8531,2,4,5,134,0,3793
1,0,113,2,7,5,62,1,1184
0,4,819,0,6,6,71,1,1538
2,0,58,1,7,14,78,1,2121
1,0,254,2,5,6,255,3,2573
1,0,1485,1,4,7,247,1,1196
2,0,35,0,5,9,221,1,1251
0,5,2800,2,1,9,54,0,2210
1,0,192,1,2,9,206,2,674
2,0,98,1,4,8,109,2,1348
0,1,8842,2,1,10,165,2,3355
1,0,1506,0,6,10,249,2,2117
1,0,1421,0,2,10,180,2,1434
0,1,433,2,2,8,139,2,1309
1,0,1134,1,6,8,259,3,2808
1,0,587,2,7,15,234,3,2565
0,4,5460,2,7,10,172,2,3048
0,4,3604,0,2,9,203,2,2602
1,0,261,0,1,2,98,1,1308
2,0,28,2,3,2,118,1,2017
1,0,333,2,2,5,155,2,1604
1,0,242,0,3,8,246,3,2385
2,0,78,2,4,13,157,0,2556
2,0,92,1,4,7,222,3,2680
0,1,4865,1,3,15,153,3,4038
0,5,9881,2,4,14,270,2,5753
0,4,2716,1,5,5,193,1,2247
1,0,1364,1,3,4,207,1,1130
1,0,971,2,2,1,259,3,2500
1,0,1852,1,1,2,227,1,1571
1,0,313,1,3,12,254,0,1916
2,0,3,0,5,1,210,1,1514
1,0,373,0,1,6,260,3,2766
1,0,273,0,6,5,231,0,2753
2,0,60,0,2,4,161,2,1702
1,0,1619,2,7,3,264,1,2180
2,0,66,0,5,4,266,1,949
1,0,335,2,3,14,88,3,2812
2,0,98,2,6,11,94,3,2340
1,0,1940,2,3,12,231,2,977
0,1,7570,2,4,9,177,3,3634
2,0,71,0,1,7,226,3,2260
2,0,97,0,3,11,264,1,1379
2,0,66,1,1,11,64,3,1833
0,4,7150,2,5,2,223,2,5432
1,0,389,2,4,4,235,3,2794
2,0,28,0,7,3,224,1,1951
1,0,380,0,2,0,64,1,1197
2,0,90,2,1,2,95,1,907
2,0,31,2,7,0,156,1,1874
0,3,5680,1,5,7,94,1,1875
0,2,5935,2,1,8,178,3,2517
0,4,3285,0,1,11,93,3,2935
2,0,17,0,3,15,180,2,2647
0,3,8945,1,2,11,149,3,3223
2,0,44,0,7,5,82,1,1699
2,0,97,2,7,5,112,2,1374
0,2,5696,0,1,3,143,0,1674
0,1,7972,1,5,13,117,3,4789
0,1,4078,2,2,10,229,0,2800
1,0,959,1,3,6,142,0,1196
0,2,8348,0,5,4,74,2,1594
2,0,80,1,2,2,95,1,974
1,0,1340,2,1,5,79,1,1646
0,4,8761,0,2,10,292,2,4302
0,5,4676,0,1,9,184,1,1973
0,1,8950,1,6,2,146,2,3571
2,0,43,2,6,0,96,0,1585
0,5,2899,1,1,3,143,3,4367
2,0,80,2,1,15,202,1,1620
2,0,45,2,5,3,191,1,1043
0,4,5848,2,7,13,52,3,4281
2,0,87,0,1,14,284,0,1478
0,4,5750,2,5,1,139,0,4328
1,0,521,1,6,10,281,2,1876
0,1,6188,2,5,8,106,1,2680
2,0,51,2,5,7,281,0,1697
2,0,58,1,2,2,132,1,974
1,0,126,2,1,3,240,1,1148
0,1,5501,2,1,1,181,3,3357
2,0,64,1,3,0,64,0,1493
2,0,46,0,2,10,272,1,1043
2,0,10,2,4,15,260,0,1867
0,2,1744,1,3,14,74,3,3062
1,0,884,1,5,8,102,2,1537
2,0,36,1,5,12,113,1,999
1,0,1292,2,3,3,202,3,2013
1,0,577,2,5,7,139,2,1685
2,0,83,1,2,9,188,0,1665
2,0,62,1,7,8,182,3,2588
2,0,91,1,4,4,153,1,657
0,2,6403,0,7,8,121,0,1696
2,0,8,0,5,4,81,0,1363
2,0,72,0,7,9,167,2,1135
1,0,507,1,7,6,181,2,1442
1,0,220,1,3,3,147,3,2103
0,4,3178,2,4,0,64,0,2912
0,3,4845,0,5,15,168,1,2220
1,0,1363,2,2,13,73,0,1907
2,0,14,2,4,13,70,2,1546
1,0,942,1,4,7,286,3,2264
0,3,3894,0,4,10,106,3,2619
2,0,70,0,5,3,140,1,846
0,3,1277,2,7,3,250,1,1310
0,1,6122,0,5,1,109,3,3769
0,1,8192,1,4,3,220,2,2774
0,3,7242,1,2,14,128,2,1758
2,0,62,2,3,0,238,0,1694
2,0,71,2,4,9,183,3,3181
1,0,1576,0,1,3,128,0,1074
0,4,7899,1,2,12,271,0,3888
2,0,20,2,2,0,133,0,1763
1,0,1634,0,6,6,204,1,1092
0,2,5074,1,7,6,258,0,1915
1,0,780,2,2,10,108,1,1256
1,0,149,2,6,7,144,2,2087
2,0,35,1,1,13,284,2,998
2,0,84,2,4,9,109,3,2600
1,0,375,0,4,9,128,2,965
0,3,4861,0,7,4,61,2,2221
2,0,75,2,6,2,179,1,2231
1,0,404,0,2,8,275,2,1674
2,0,44,1,1,7,118,2,1111
0,4,7731,2,7,15,208,3,5541
2,0,85,0,2,9,279,2,1466
1,0,1080,2,3,10,83,1,1048
2,0,3,2,4,10,151,1,769
2,0,17,0,6,15,278,2,2167
2,0,14,0,5,4,215,2,2114
1,0,1081,2,6,3,93,2,1563
1,0,1319,0,3,4,270,1,1367
0,1,7069,1,5,10,173,0,3698
2,0,84,2,5,1,210,0,2491
0,2,5375,2,3,9,141,0,2285
1,0,363,0,1,3,249,3,2084
0,1,8425,0,4,13,139,2,3277
2,0,42,2,2,14,222,2,1647
2,0,55,1,2,9,91,2,1036
2,0,87,1,1,6,144,2,1084
1,0,401,0,1,10,229,2,1756
2,0,98,2,3,5,238,3,2345
2,0,98,2,5,3,277,1,1986
2,0,82,1,7,15,129,0,1993
2,0,14,2,2,11,293,0,2158
2,0,14,1,1,12,263,0,1692
2,0,29,0,3,1,62,0,2676
0,1,1851,1,5,9,146,0,2765
1,0,225,2,2,10,212,2,1469
1,0,1651,1,3,4,274,2,1348
2,0,47,2,6,5,215,3,4191
2,0,9,1,7,14,89,1,1359
2,0,69,1,5,10,54,1,1026
0,1,5746,2,7,13,124,0,2809
0,4,8498,2,3,15,70,0,4010
2,0,71,1,1,1,218,2,1319
1,0,1157,0,5,6,241,0,1573
2,0,87,1,7,12,151,0,2397
1,0,603,0,4,8,165,0,2235
0,4,2472,2,1,9,223,1,1498
1,0,105,1,5,1,200,3,2525
0,3,8048,2,4,0,237,0,3440
0,4,9984,0,3,11,118,0,5254
2,0,57,2,4,13,116,3,2589
1,0,1262,0,3,5,234,3,2438
1,0,1759,0,6,13,100,0,2113
1,0,1832,0,6,11,56,0,2177
0,5,6150,0,5,7,224,2,4105
2,0,52,1,2,8,186,0,2016
1,0,1975,1,6,5,102,1,1630
0,3,9480,1,7,9,123,1,2768
0,2,7960,1,1,3,79,0,1989
1,0,1936,2,4,1,266,0,2190
2,0,66,0,1,2,162,1,1585
2,0,95,0,5,5,296,0,1335
2,0,75,1,7,15,207,2,2473
2,0,45,0,2,4,154,0,1807
2,0,96,0,6,15,186,0,2461
1,0,20,2,2,3,248,0,1721
1,0,477,1,5,5,148,1,1377
2,0,71,1,5,4,265,3,2007
1,0,323,1,1,0,224,1,817
0,2,8677,2,1,4,270,3,3116
0,4,4020,0,6,0,93,1,3582
1,0,1265,1,1,12,218,2,1626
2,0,99,1,5,6,264,0,1918
1,0,705,0,6,10,297,2,1690
1,0,1861,2,3,3,292,0,1887
2,0,54,2,5,13,170,3,3722
2,0,88,1,6,15,228,0,2827
1,0,1032,2,6,6,131,0,2487
0,2,7192,2,2,13,59,1,1194
2,0,39,1,2,13,252,0,1727
1,0,711,1,3,6,59,2,1706
0,3,6761,1,6,12,69,3,4352
2,0,29,1,5,0,179,0,1643
1,0,112,1,1,7,230,3,2666
1,0,836,0,4,1,290,2,1797
2,0,75,1,5,3,248,3,2736
2,0,42,2,6,4,284,1,1855
0,3,160,1,6,13,272,1,1775
1,0,306,1,7,3,170,1,1323
1,0,1447,0,2,0,67,3,2768
0,5,5305,1,3,0,155,0,3511
0,2,3335,2,7,14,231,0,2230
2,0,86,1,6,6,149,3,2656
0,3,8700,0,1,15,232,2,2472
2,0,68,1,2,11,268,2,1061
0,1,1579,2,7,2,55,0,2400
2,0,99,1,6,14,182,1,1436
2,0,38,0,7,12,136,2,1458
0,5,7526,0,2,5,182,2,3540
2,0,24,2,4,3,240,2,1085
1,0,547,0,1,6,122,3,1724
2,0,32,1,3,13,59,3,2780
1,0,1799,1,6,5,251,1,1725
0,3,7914,0,7,0,266,2,3992
2,0,7,2,7,5,279,2,1635
1,0,1539,1,2,9,67,1,1116
2,0,17,1,3,13,92,3,2400
2,0,59,1,1,12,237,1,1265
2,0,17,1,6,4,283,1,1890
2,0,37,0,3,3,171,2,874
2,0,43,0,1,5,136,2,1380
0,1,7137,2,2,4,56,2,2777
1,0,1134,0,1,6,178,1,1096
2,0,0,1,2,0,71,1,1390
0,2,7030,2,1,15,79,2,2072
1,0,230,2,3,13,258,3,2420
2,0,40,2,2,2,169,0,1801
1,0,1966,0,6,9,246,2,3106
2,0,45,2,7,6,92,0,2361
0,5,5242,2,5,0,190,2,3506
0,3,7450,2,5,6,280,3,3712
0,5,5594,1,1,0,58,0,3801
2,0,72,1,4,13,243,0,1871
1,0,685,0,7,2,58,1,1517
1,0,1012,2,1,6,177,3,1859
0,5,9791,2,6,4,210,3,8377
0,2,4252,2,1,7,51,0,1652
0,4,5915,0,2,5,182,3,4976
2,0,46,2,3,1,86,2,1583
1,0,498,2,4,4,257,1,1065
2,0,65,0,1,5,207,2,1116
2,0,65,0,4,1,101,2,1897
1,0,1786,1,1,8,167,0,1183
1,0,613,2,7,2,207,2,1728
2,0,71,1,7,6,268,0,1693
1,0,1674,2,7,3,292,3,4113
0,5,9196,1,3,5,87,0,5686
2,0,11,2,6,0,275,2,1285
2,0,32,1,3,0,142,1,1507
1,0,313,0,4,15,134,0,2587
2,0,67,1,1,6,73,0,1875
0,3,3626,2,4,0,239,0,2313
0,3,1044,0,7,1,297,1,2573
2,0,59,1,3,7,114,3,2692
1,0,972,2,5,2,137,1,2269
2,0,4,1,4,7,254,3,2775
2,0,99,1,4,10,233,3,3523
0,1,3167,1,4,10,115,3,3156
2,0,98,1,2,5,264,1,777
2,0,86,1,7,5,242,3,3129
2,0,36,1,2,1,195,2,1436
2,0,71,0,5,9,141,3,3686
2,0,71,2,4,12,234,0,1622
0,2,3959,1,3,5,139,2,798
0,1,4410,2,7,12,164,1,2211
2,0,0,1,2,8,266,1,1709
1,0,1540,1,7,0,162,1,2563
1,0,491,0,2,10,127,2,1966
2,0,6,2,3,12,108,0,1652
0,3,7944,1,2,2,171,3,3764
0,3,8155,0,7,1,115,3,4388
1,0,1799,0,2,12,254,3,3678
0,4,4024,0,3,2,120,2,2524
0,2,6049,0,1,0,223,3,2144
0,5,6094,2,1,3,141,1,2718
1,0,887,0,7,10,87,1,2231
0,2,9897,0,1,12,171,1,1212
2,0,60,1,6,2,75,2,888
0,2,5291,2,3,0,88,3,3350
0,5,5409,1,2,9,59,3,3795
2,0,46,1,1,13,218,1,1552
0,5,9676,1,3,3,99,3,5240
0,2,2798,2,1,11,165,3,2531
1,0,183,1,4,3,241,3,2525
1,0,1784,1,1,4,227,0,2098
0,2,6569,1,4,12,261,3,3287
1,0,1220,0,1,5,67,3,2440
2,0,7,1,5,11,74,2,1246
0,1,6645,2,7,1,284,1,2162
0,3,9041,1,6,10,276,0,4371
1,0,850,0,4,6,122,2,1614
1,0,362,1,6,12,233,3,2927
0,1,6486,2,6,6,131,0,3096
1,0,952,0,1,4,122,2,925
1,0,1324,1,4,6,70,3,2161
0,3,2206,2,7,10,156,3,3923
2,0,71,1,3,2,265,3,4415
1,0,1192,1,2,0,118,2,1258
1,0,1752,2,5,6,281,1,1575
0,3,3597,1,3,9,148,3,3064
2,0,81,1,7,13,292,3,3161
0,3,1018,2,1,1,154,1,1625
1,0,261,1,7,5,281,1,1115
2,0,94,0,5,3,117,2,1609
2,0,39,0,7,10,234,2,2005
0,2,3483,2,4,4,173,1,1199
1,0,1099,1,6,2,77,2,1418
0,5,8784,0,1,13,232,2,5985
0,4,581,0,4,8,76,2,1421
2,0,65,2,6,11,244,0,2071
2,0,41,2,7,12,253,0,2558
2,0,65,2,4,3,97,3,2555
1,0,388,2,6,7,253,1,2554
1,0,10,2,4,15,269,1,2612
0,5,1612,0,2,4,124,0,1966
2,0,49,1,7,12,80,2,2895
1,0,1147,1,3,14,125,2,1591
0,3,1953,0,2,8,91,0,2357
0,5,1756,0,3,13,128,2,2511
2,0,50,0,7,14,52,3,2706
1,0,1594,2,1,6,246,3,2044
1,0,1628,2,6,4,160,2,2647
0,5,6096,1,7,0,169,3,4404
2,0,61,1,7,9,283,2,1508
2,0,96,2,1,2,267,1,667
1,0,1646,1,3,0,118,0,1689
2,0,68,2,4,5,232,1,1328
2,0,30,1,4,15,291,0,2110
0,2,18,1,5,0,205,0,1498
2,0,27,2,6,4,210,0,2187
2,0,21,2,7,10,220,1,1442
2,0,44,2,6,2,132,3,3070
1,0,1131,1,4,0,150,3,2783
2,0,1,0,6,3,275,2,1834
1,0,1938,0,3,4,181,1,1154
0,2,5080,0,3,9,122,1,1794
1,0,719,2,4,4,236,3,3077
0,1,4564,0,2,8,93,0,2857
0,2,2315,2,3,5,56,1,1402
2,0,39,2,6,8,74,1,1275
2,0,27,1,3,2,238,1,1242
0,2,8892,2,7,11,68,2,1051
2,0,27,1,6,3,219,3,2583
1,0,1402,1,5,12,223,2,1671
1,0,102,2,4,13,290,0,2154
2,0,59,1,2,13,226,3,2535
2,0,75,1,1,13,219,2,1077
2,0,51,1,7,3,124,2,1731
2,0,43,0,7,3,232,2,1539
2,0,99,2,1,1,231,1,1118
2,0,37,0,3,12,229,1,1704
0,2,6798,1,2,14,62,1,697
1,0,1010,0,6,15,187,3,3014
1,0,768,0,6,1,265,0,2428
0,2,6787,2,3,12,90,2,953
0,1,9767,1,5,9,190,1,4418
0,4,9106,1,1,14,85,3,5285
0,3,8260,1,5,3,72,3,4222
1,0,1428,0,7,14,281,1,1428
2,0,85,0,6,7,60,0,2259
0,1,8042,1,1,1,139,1,2455
0,3,3976,0,3,4,92,2,1930
2,0,39,2,2,3,120,3,2556
1,0,156,0,2,13,275,0,1418
0,3,2332,1,7,15,139,3,2972
1,0,1516,0,3,5,115,1,1091
0,1,5017,2,7,7,110,3,3271
2,0,39,1,7,9,83,0,1696
2,0,0,1,3,11,227,0,1845
1,0,1463,1,4,9,154,3,2377
0,4,7995,1,4,3,198,0,3596
0,1,4860,1,2,13,150,2,2091
0,2,5132,1,3,15,285,0,2225
0,5,5793,1,2,3,54,0,3585
1,0,1866,1,5,0,52,1,1080
1,0,1678,1,4,10,158,0,2231
2,0,35,2,7,13,169,0,1874
1,0,1016,2,4,1,150,3,2491
2,0,84,0,3,6,246,3,2643
2,0,73,0,1,15,210,3,2708
1,0,56,1,5,4,124,3,2716
0,3,2451,0,7,8,246,1,2289
2,0,86,2,4,6,142,3,2005
1,0,463,0,6,14,60,3,2298
0,4,3210,2,4,3,72,0,2209
2,0,95,2,4,14,113,3,2138
1,0,305,2,3,5,120,0,1962
2,0,44,0,1,5,191,3,2854
2,0,38,2,3,13,150,3,1987
1,0,301,2,6,2,282,2,1341
2,0,50,1,5,3,168,1,1621
1,0,1824,0,5,10,68,3,2898
0,3,6343,1,5,3,127,1,2387
2,0,69,0,2,8,119,1,1281
0,4,1462,0,7,3,159,3,2941
2,0,92,2,5,5,68,2,831
2,0,82,1,7,5,238,2,1886
2,0,78,0,3,13,104,0,2118
1,0,1309,0,3,13,82,1,1275
0,4,7634,1,5,14,124,2,3844
1,0,747,1,4,2,258,0,2734
1,0,1082,1,3,8,55,1,910
2,0,14,2,7,15,117,2,2647
2,0,3,2,2,11,198,1,1210
1,0,86,2,1,2,127,3,2436
2,0,6,0,1,2,93,2,1369
1,0,447,2,6,8,216,1,810
2,0,11,2,3,13,173,3,2443
1,0,1101,2,4,10,50,0,1503
2,0,72,2,6,8,128,3,1748
2,0,99,0,3,4,144,3,2225
0,2,503,2,6,6,233,1,872
2,0,30,0,7,7,121,3,3760
1,0,77,1,3,1,159,3,2781
1,0,615,1,7,3,271,0,2498
1,0,651,1,6,15,66,1,1422
1,0,790,0,6,7,166,1,2185
0,3,1786,2,3,15,177,3,2461
2,0,34,1,3,6,84,2,1447
0,5,6111,1,4,2,103,0,3863
2,0,80,2,5,12,134,1,1298
1,0,1967,0,5,8,258,2,1947
0,3,1705,2,4,15,183,3,3032
1,0,219,1,7,8,134,1,1857
1,0,444,0,4,9,59,3,2819
0,5,8268,1,7,2,52,2,4812
0,2,9028,1,5,13,87,1,1782
1,0,1761,1,1,8,58,3,1933
2,0,89,2,3,7,259,1,1371
2,0,62,1,3,8,282,2,1757
1,0,1345,2,5,6,55,1,440
0,3,4524,2,3,7,107,0,2519
2,0,10,0,6,3,114,3,2282
2,0,81,2,5,14,120,3,3263
2,0,12,0,4,9,255,0,1511
1,0,285,0,3,3,196,1,978
2,0,66,1,7,9,172,3,3283
2,0,95,2,4,5,165,3,3590
1,0,1964,0,5,12,86,2,1659
1,0,1271,2,1,4,162,2,1349
2,0,45,0,4,4,161,0,2449
2,0,88,1,7,7,92,3,2178
1,0,947,2,7,2,117,0,2495
1,0,367,2,4,7,201,0,1791
0,1,1934,2,4,13,89,0,3441
2,0,25,0,4,1,235,0,2597
0,3,2453,2,7,8,229,2,2618
1,0,1374,0,4,10,126,0,2544
1,0,1624,0,7,1,140,0,2698
1,0,662,1,5,2,175,1,2644
1,0,95,2,3,13,283,0,1808
1,0,1095,0,3,10,188,0,1814
1,0,755,2,7,8,226,0,1412
2,0,82,1,2,0,55,2,1278
1,0,421,2,3,9,120,2,2077
2,0,78,1,3,15,118,0,1794
0,5,4482,1,5,15,89,2,2999
0,3,268,2,5,15,230,1,2408
0,4,5316,1,3,9,234,0,3084
2,0,96,2,5,8,298,3,2377
0,5,8688,1,5,5,179,2,4574
0,2,9952,1,4,11,115,1,826
